post_id,account_id,username,created_at,text,repost_of,reply_to,urls,hashtags,account_created_at
p02635,bg_0523,user_bg_0523,1790140055,Sundarpur central library renovation is finally completing this month.,,,,,1597510176
p00591,bg_0117,user_bg_0117,1790140075,Pleasant breezy weather across Sundarpur this afternoon.,,,,,1608840283
p03110,bg_0619,user_bg_0619,1790140111,Local municipal council announced park cleanup drive this Sunday.,,,,,1594397208
p02119,bg_0421,user_bg_0421,1790140129,"Delicious street food near Gandhi circle, best kachori in Sundarpur!",,,,,1739702287
p03779,bg_0751,user_bg_0751,1790140295,Pleasant breezy weather across Sundarpur this afternoon.,,,,#Sundarpur #Daily,1668267538
p02027,bg_0404,user_bg_0404,1790140417,Great community turnout for the Sundarpur cultural festival rehearsals.,,,,#Sundarpur #Daily,1653830616
p00476,bg_0095,user_bg_0095,1790140575,Local municipal council announced park cleanup drive this Sunday.,,,,,1617511580
p03467,bg_0689,user_bg_0689,1790140607,Monsoon drainage repairs starting near Sundarpur east bus terminus.,,,,#Sundarpur #Daily,1638740241
p00304,bg_0058,user_bg_0058,1790140673,Morning tea at Station Road in Sundarpur hits different during winters.,,,http://sundarpurnews.example/local,#Sundarpur #Daily,1584001515
p03044,bg_0606,user_bg_0606,1790140716,Heavy traffic near Sundarpur Clock Tower due to market rush today.,p00244,,,,1561487142
p02784,bg_0554,user_bg_0554,1790140732,"Delicious street food near Gandhi circle, best kachori in Sundarpur!",,,,,1643872155
p02717,bg_0539,user_bg_0539,1790140738,Sundarpur central library renovation is finally completing this month.,,,,#Sundarpur #Daily,1592491537
p03376,bg_0670,user_bg_0670,1790140892,Heavy traffic near Sundarpur Clock Tower due to market rush today.,,,http://sundarpurnews.example/local,,1596601923
p01541,bg_0306,user_bg_0306,1790140943,Pleasant breezy weather across Sundarpur this afternoon.,,,,#Sundarpur #Daily,1634227139
p00884,bg_0176,user_bg_0176,1790140970,Monsoon drainage repairs starting near Sundarpur east bus terminus.,,,,,1542257717
p03801,bg_0756,user_bg_0756,1790140994,Monsoon drainage repairs starting near Sundarpur east bus terminus.,,,,,1570195761
p02703,bg_0537,user_bg_0537,1790141051,Heavy traffic near Sundarpur Clock Tower due to market rush today.,,,http://sundarpurnews.example/local,,1613624223
p01116,bg_0224,user_bg_0224,1790141081,Monsoon drainage repairs starting near Sundarpur east bus terminus.,,,,,1568913004
p03305,bg_0656,user_bg_0656,1790141120,Local municipal council announced park cleanup drive this Sunday.,,,,,1712036347
p00238,bg_0046,user_bg_0046,1790141166,Sundarpur central library renovation is finally completing this month.,,,,,1663918275
p01353,bg_0270,user_bg_0270,1790141223,Morning tea at Station Road in Sundarpur hits different during winters.,,,,,1617285579
p00429,bg_0084,user_bg_0084,1790141235,Power cut announced for northern suburbs of Sundarpur tomorrow 10am-12pm.,,,,,1673939592
p03013,bg_0600,user_bg_0600,1790141287,Great community turnout for the Sundarpur cultural festival rehearsals.,,,,,1662203167
p02055,bg_0409,user_bg_0409,1790141324,Evening cricket practice match at Sundarpur town stadium was exciting.,,,,,1739409329
p00575,bg_0114,user_bg_0114,1790141433,Morning tea at Station Road in Sundarpur hits different during winters.,,,,#Sundarpur #Daily,1614600157
p01958,bg_0390,user_bg_0390,1790141468,"Delicious street food near Gandhi circle, best kachori in Sundarpur!",,,,#Sundarpur #Daily,1562804788
p01400,bg_0279,user_bg_0279,1790141683,Pleasant breezy weather across Sundarpur this afternoon.,,,http://sundarpurnews.example/local,#Sundarpur #Daily,1570757259
p03295,bg_0655,user_bg_0655,1790141702,"Delicious street food near Gandhi circle, best kachori in Sundarpur!",,,,,1719727379
p02123,bg_0422,user_bg_0422,1790141708,Local municipal council announced park cleanup drive this Sunday.,,,,,1705887372
p00768,bg_0153,user_bg_0153,1790141723,Sundarpur central library renovation is finally completing this month.,,,,,1716256268
p01901,bg_0378,user_bg_0378,1790141747,Power cut announced for northern suburbs of Sundarpur tomorrow 10am-12pm.,,,http://sundarpurnews.example/local,,1660958448
p00134,bg_0026,user_bg_0026,1790141790,"Delicious street food near Gandhi circle, best kachori in Sundarpur!",,,,,1563292027
p03676,bg_0730,user_bg_0730,1790141864,Local municipal council announced park cleanup drive this Sunday.,,,,,1703010903
p02443,bg_0486,user_bg_0486,1790141874,Local municipal council announced park cleanup drive this Sunday.,,,,,1566683752
p01493,bg_0296,user_bg_0296,1790141911,Evening cricket practice match at Sundarpur town stadium was exciting.,,,,,1623148828
p03956,bg_0786,user_bg_0786,1790141946,"Delicious street food near Gandhi circle, best kachori in Sundarpur!",,,,#Sundarpur #Daily,1704603518
p02652,bg_0527,user_bg_0527,1790141950,Pleasant breezy weather across Sundarpur this afternoon.,,,,,1743266504
p02757,bg_0549,user_bg_0549,1790141998,Pleasant breezy weather across Sundarpur this afternoon.,,,,,1726692881
p01076,bg_0215,user_bg_0215,1790142062,Evening cricket practice match at Sundarpur town stadium was exciting.,,,,,1679919758
p03357,bg_0666,user_bg_0666,1790142076,Great community turnout for the Sundarpur cultural festival rehearsals.,,,,,1720128845
p02978,bg_0593,user_bg_0593,1790142127,Heavy traffic near Sundarpur Clock Tower due to market rush today.,,,,,1553624623
p01245,bg_0248,user_bg_0248,1790142210,Heavy traffic near Sundarpur Clock Tower due to market rush today.,,,,,1540864193
p00408,bg_0079,user_bg_0079,1790142218,Sundarpur central library renovation is finally completing this month.,,,,,1567815914
p02630,bg_0523,user_bg_0523,1790142225,Pleasant breezy weather across Sundarpur this afternoon.,,,,#Sundarpur #Daily,1597510176
p02354,bg_0467,user_bg_0467,1790142272,Morning tea at Station Road in Sundarpur hits different during winters.,,,http://sundarpurnews.example/local,,1554705273
p03890,bg_0773,user_bg_0773,1790142315,Local municipal council announced park cleanup drive this Sunday.,,,,,1616976676
p00277,bg_0053,user_bg_0053,1790142434,Morning tea at Station Road in Sundarpur hits different during winters.,,,,,1567953638
p03834,bg_0762,user_bg_0762,1790142470,@user_bg_0357 Agree with this point completely.,,p01793,,,1647914665
p00454,bg_0090,user_bg_0090,1790142535,Pleasant breezy weather across Sundarpur this afternoon.,,,,,1564139243
p01740,bg_0346,user_bg_0346,1790142551,Great community turnout for the Sundarpur cultural festival rehearsals.,,,,#Sundarpur #Daily,1554921992
p02553,bg_0507,user_bg_0507,1790142583,Heavy traffic near Sundarpur Clock Tower due to market rush today.,,,,,1587939494
p01286,bg_0257,user_bg_0257,1790142593,Heavy traffic near Sundarpur Clock Tower due to market rush today.,,,,#Sundarpur #Daily,1591183041
p03723,bg_0739,user_bg_0739,1790142615,Local municipal council announced park cleanup drive this Sunday.,,,,#Sundarpur #Daily,1602274287
p02313,bg_0460,user_bg_0460,1790142681,Evening cricket practice match at Sundarpur town stadium was exciting.,,,,,1730256785
p03923,bg_0780,user_bg_0780,1790142681,Heavy traffic near Sundarpur Clock Tower due to market rush today.,,,,,1578226215
p02221,bg_0442,user_bg_0442,1790142823,Heavy traffic near Sundarpur Clock Tower due to market rush today.,,,,,1655619478
p01594,bg_0316,user_bg_0316,1790142848,Evening cricket practice match at Sundarpur town stadium was exciting.,,,,,1538526808
p00838,bg_0167,user_bg_0167,1790143041,Heavy traffic near Sundarpur Clock Tower due to market rush today.,,,,,1538876192
p01560,bg_0310,user_bg_0310,1790143090,Great community turnout for the Sundarpur cultural festival rehearsals.,,,,#Sundarpur #Daily,1585919160
p03666,bg_0728,user_bg_0728,1790143116,Local municipal council announced park cleanup drive this Sunday.,,,,#Sundarpur #Daily,1625603028
p03772,bg_0749,user_bg_0749,1790143155,Heavy traffic near Sundarpur Clock Tower due to market rush today.,,,,,1686326707
p02107,bg_0419,user_bg_0419,1790143198,Monsoon drainage repairs starting near Sundarpur east bus terminus.,,,,,1584604110
p03725,bg_0739,user_bg_0739,1790143230,Morning tea at Station Road in Sundarpur hits different during winters.,,,,,1602274287
p01394,bg_0277,user_bg_0277,1790143234,Heavy traffic near Sundarpur Clock Tower due to market rush today.,,,,,1715723029
p01590,bg_0316,user_bg_0316,1790143270,Great community turnout for the Sundarpur cultural festival rehearsals.,,,,,1538526808
p02283,bg_0454,user_bg_0454,1790143297,Morning tea at Station Road in Sundarpur hits different during winters.,,,,,1557243428
p03167,bg_0630,user_bg_0630,1790143307,Monsoon drainage repairs starting near Sundarpur east bus terminus.,p00276,,,,1723676139
p01367,bg_0272,user_bg_0272,1790143484,@user_bg_0049 Agree with this point completely.,,p00255,,,1756717170
p03021,bg_0601,user_bg_0601,1790143515,Pleasant breezy weather across Sundarpur this afternoon.,,,,,1667774356
p03973,bg_0790,user_bg_0790,1790143524,Great community turnout for the Sundarpur cultural festival rehearsals.,,,,,1599874789
p01561,bg_0310,user_bg_0310,1790143552,Morning tea at Station Road in Sundarpur hits different during winters.,,,,,1585919160
p01745,bg_0347,user_bg_0347,1790143554,Local municipal council announced park cleanup drive this Sunday.,,,,,1618316395
p01950,bg_0388,user_bg_0388,1790143571,Pleasant breezy weather across Sundarpur this afternoon.,,,,,1650334625
p01930,bg_0384,user_bg_0384,1790143575,Morning tea at Station Road in Sundarpur hits different during winters.,,,,,1584998743
p03903,bg_0776,user_bg_0776,1790143647,Heavy traffic near Sundarpur Clock Tower due to market rush today.,,,,,1680282855
p00855,bg_0170,user_bg_0170,1790143723,Heavy traffic near Sundarpur Clock Tower due to market rush today.,,,,,1579617960
p02325,bg_0462,user_bg_0462,1790143725,Pleasant breezy weather across Sundarpur this afternoon.,,,,,1644635129
p02671,bg_0530,user_bg_0530,1790143725,@user_bg_0526 Agree with this point completely.,,p02650,,#Sundarpur #Daily,1704841723
p02196,bg_0437,user_bg_0437,1790143754,Pleasant breezy weather across Sundarpur this afternoon.,,,,,1673781982
p01645,bg_0327,user_bg_0327,1790143767,Local municipal council announced park cleanup drive this Sunday.,,,http://sundarpurnews.example/local,,1609510665
p03755,bg_0746,user_bg_0746,1790143812,Local municipal council announced park cleanup drive this Sunday.,,,http://sundarpurnews.example/local,,1742562503
p01355,bg_0270,user_bg_0270,1790143816,Local municipal council announced park cleanup drive this Sunday.,,,,#Sundarpur #Daily,1617285579
p03291,bg_0654,user_bg_0654,1790143993,Morning tea at Station Road in Sundarpur hits different during winters.,,,,,1669980471
p02909,bg_0579,user_bg_0579,1790144053,Local municipal council announced park cleanup drive this Sunday.,,,,#Sundarpur #Daily,1555257180
p03857,bg_0767,user_bg_0767,1790144055,Local municipal council announced park cleanup drive this Sunday.,,,http://sundarpurnews.example/local,#Sundarpur #Daily,1751302568
p02307,bg_0459,user_bg_0459,1790144087,Morning tea at Station Road in Sundarpur hits different during winters.,,,,,1583960577
p00196,bg_0038,user_bg_0038,1790144104,Sundarpur central library renovation is finally completing this month.,,,,,1698194010
p02848,bg_0567,user_bg_0567,1790144134,Power cut announced for northern suburbs of Sundarpur tomorrow 10am-12pm.,,,,,1668317231
p01145,bg_0229,user_bg_0229,1790144164,Sundarpur central library renovation is finally completing this month.,,,,,1547585759
p03875,bg_0771,user_bg_0771,1790144180,Pleasant breezy weather across Sundarpur this afternoon.,,,,#Sundarpur #Daily,1721224691
p02917,bg_0581,user_bg_0581,1790144237,Pleasant breezy weather across Sundarpur this afternoon.,,,,,1618585576
p01137,bg_0227,user_bg_0227,1790144264,Heavy traffic near Sundarpur Clock Tower due to market rush today.,,,,,1553179595
p01703,bg_0339,user_bg_0339,1790144265,Heavy traffic near Sundarpur Clock Tower due to market rush today.,,,,,1681596152
p02667,bg_0529,user_bg_0529,1790144284,Monsoon drainage repairs starting near Sundarpur east bus terminus.,,,,,1622091061
p03416,bg_0678,user_bg_0678,1790144432,Great community turnout for the Sundarpur cultural festival rehearsals.,,,http://sundarpurnews.example/local,,1714057646
p01583,bg_0314,user_bg_0314,1790144496,Local municipal council announced park cleanup drive this Sunday.,,,,,1615547232
p00997,bg_0200,user_bg_0200,1790144555,Power cut announced for northern suburbs of Sundarpur tomorrow 10am-12pm.,,,,#Sundarpur #Daily,1606556704
p02042,bg_0407,user_bg_0407,1790144592,Power cut announced for northern suburbs of Sundarpur tomorrow 10am-12pm.,,,,,1569663791
p00471,bg_0093,user_bg_0093,1790144658,Heavy traffic near Sundarpur Clock Tower due to market rush today.,,,http://sundarpurnews.example/local,,1683765886
p01826,bg_0364,user_bg_0364,1790144743,Monsoon drainage repairs starting near Sundarpur east bus terminus.,,,,,1568241772
p00016,bg_0003,user_bg_0003,1790144779,Local municipal council announced park cleanup drive this Sunday.,,,,,1679652689
p00721,bg_0143,user_bg_0143,1790144820,Evening cricket practice match at Sundarpur town stadium was exciting.,,,,#Sundarpur #Daily,1553734266
p03515,bg_0698,user_bg_0698,1790144855,"Delicious street food near Gandhi circle, best kachori in Sundarpur!",,,,,1626774654
p00562,bg_0111,user_bg_0111,1790144881,"Delicious street food near Gandhi circle, best kachori in Sundarpur!",,,,,1711936447
p00791,bg_0158,user_bg_0158,1790144906,Sundarpur central library renovation is finally completing this month.,,,,,1552182085
p00675,bg_0134,user_bg_0134,1790144907,Great community turnout for the Sundarpur cultural festival rehearsals.,,,,,1683056565
p02160,bg_0430,user_bg_0430,1790144947,Morning tea at Station Road in Sundarpur hits different during winters.,,,,,1653532339
p03260,bg_0648,user_bg_0648,1790145006,Pleasant breezy weather across Sundarpur this afternoon.,,,,,1685413658
p03281,bg_0652,user_bg_0652,1790145038,Evening cricket practice match at Sundarpur town stadium was exciting.,,,,,1660558964
p02441,bg_0486,user_bg_0486,1790145047,Monsoon drainage repairs starting near Sundarpur east bus terminus.,,,,,1566683752
p01246,bg_0249,user_bg_0249,1790145185,"Delicious street food near Gandhi circle, best kachori in Sundarpur!",,,,,1652212425
p03566,bg_0708,user_bg_0708,1790145186,Evening cricket practice match at Sundarpur town stadium was exciting.,,,,,1683369880
p02764,bg_0550,user_bg_0550,1790145250,Sundarpur central library renovation is finally completing this month.,,,,,1723867866
p00407,bg_0079,user_bg_0079,1790145256,Morning tea at Station Road in Sundarpur hits different during winters.,,,,,1567815914
p00364,bg_0071,user_bg_0071,1790145263,Local municipal council announced park cleanup drive this Sunday.,,,,,1702762670
p02732,bg_0543,user_bg_0543,1790145321,Heavy traffic near Sundarpur Clock Tower due to market rush today.,,,,,1569869808
p02282,bg_0453,user_bg_0453,1790145347,Great community turnout for the Sundarpur cultural festival rehearsals.,p00243,,http://sundarpurnews.example/local,#Sundarpur #Daily,1649904393
p01739,bg_0346,user_bg_0346,1790145459,Pleasant breezy weather across Sundarpur this afternoon.,,,,,1554921992
p03511,bg_0697,user_bg_0697,1790145626,Local municipal council announced park cleanup drive this Sunday.,,,,#Sundarpur #Daily,1605861456
p02159,bg_0430,user_bg_0430,1790145631,Evening cricket practice match at Sundarpur town stadium was exciting.,,,http://sundarpurnews.example/local,,1653532339
p03581,bg_0710,user_bg_0710,1790145660,Monsoon drainage repairs starting near Sundarpur east bus terminus.,p03203,,,,1720374690
p00696,bg_0138,user_bg_0138,1790145688,"Delicious street food near Gandhi circle, best kachori in Sundarpur!",,,,,1597678188
p00330,bg_0063,user_bg_0063,1790145714,Heavy traffic near Sundarpur Clock Tower due to market rush today.,,,,,1622487619
p01148,bg_0229,user_bg_0229,1790145719,Heavy traffic near Sundarpur Clock Tower due to market rush today.,,,,,1547585759
p01537,bg_0305,user_bg_0305,1790145734,Pleasant breezy weather across Sundarpur this afternoon.,,,,#Sundarpur #Daily,1589865572
p00439,bg_0086,user_bg_0086,1790145744,Great community turnout for the Sundarpur cultural festival rehearsals.,,,,,1730794426
p03112,bg_0619,user_bg_0619,1790145749,Pleasant breezy weather across Sundarpur this afternoon.,,,,,1594397208
p02267,bg_0450,user_bg_0450,1790145797,Monsoon drainage repairs starting near Sundarpur east bus terminus.,,,,,1705934816
p00803,bg_0160,user_bg_0160,1790145893,Great community turnout for the Sundarpur cultural festival rehearsals.,,,,,1666355572
p02806,bg_0559,user_bg_0559,1790145896,Sundarpur central library renovation is finally completing this month.,,,,,1558352400
p01681,bg_0334,user_bg_0334,1790146039,Monsoon drainage repairs starting near Sundarpur east bus terminus.,,,,,1671193330
p00633,bg_0126,user_bg_0126,1790146055,Pleasant breezy weather across Sundarpur this afternoon.,,,,,1594995142
p03706,bg_0736,user_bg_0736,1790146079,Pleasant breezy weather across Sundarpur this afternoon.,,,,,1729782065
p03819,bg_0759,user_bg_0759,1790146081,Evening cricket practice match at Sundarpur town stadium was exciting.,,,,#Sundarpur #Daily,1618123144
p02804,bg_0558,user_bg_0558,1790146098,Heavy traffic near Sundarpur Clock Tower due to market rush today.,,,,,1570738008
p02490,bg_0495,user_bg_0495,1790146161,@user_bg_0099 Agree with this point completely.,,p00496,,,1587115915
p03738,bg_0743,user_bg_0743,1790146319,Pleasant breezy weather across Sundarpur this afternoon.,,,,,1719415525
p02238,bg_0445,user_bg_0445,1790146329,Local municipal council announced park cleanup drive this Sunday.,,,,,1733492195
p02438,bg_0485,user_bg_0485,1790146350,Morning tea at Station Road in Sundarpur hits different during winters.,,,,,1758344600
p01941,bg_0387,user_bg_0387,1790146525,Evening cricket practice match at Sundarpur town stadium was exciting.,,,,,1615557490
p03905,bg_0776,user_bg_0776,1790146625,Heavy traffic near Sundarpur Clock Tower due to market rush today.,,,,,1680282855
p03373,bg_0670,user_bg_0670,1790146636,Monsoon drainage repairs starting near Sundarpur east bus terminus.,,,,,1596601923
p02965,bg_0591,user_bg_0591,1790146657,Pleasant breezy weather across Sundarpur this afternoon.,,,http://sundarpurnews.example/local,#Sundarpur #Daily,1744734092
p03946,bg_0785,user_bg_0785,1790146659,Great community turnout for the Sundarpur cultural festival rehearsals.,,,,,1697338957
p02877,bg_0573,user_bg_0573,1790146680,Morning tea at Station Road in Sundarpur hits different during winters.,,,,#Sundarpur #Daily,1608559980
p03086,bg_0614,user_bg_0614,1790146735,"Delicious street food near Gandhi circle, best kachori in Sundarpur!",,,,,1675980997
p01271,bg_0253,user_bg_0253,1790146808,Power cut announced for northern suburbs of Sundarpur tomorrow 10am-12pm.,,,,#Sundarpur #Daily,1553483516
p00741,bg_0147,user_bg_0147,1790146867,Great community turnout for the Sundarpur cultural festival rehearsals.,,,,,1580776015
p02164,bg_0431,user_bg_0431,1790146874,Monsoon drainage repairs starting near Sundarpur east bus terminus.,,,,,1606925626
p03947,bg_0785,user_bg_0785,1790146933,Morning tea at Station Road in Sundarpur hits different during winters.,,,,,1697338957
p03032,bg_0603,user_bg_0603,1790147088,"Delicious street food near Gandhi circle, best kachori in Sundarpur!",,,,,1717970985
p00853,bg_0170,user_bg_0170,1790147156,"Delicious street food near Gandhi circle, best kachori in Sundarpur!",,,,#Sundarpur #Daily,1579617960
p01082,bg_0217,user_bg_0217,1790147169,Morning tea at Station Road in Sundarpur hits different during winters.,,,,,1650633831
p03838,bg_0763,user_bg_0763,1790147206,Monsoon drainage repairs starting near Sundarpur east bus terminus.,,,,,1606787956
p03893,bg_0774,user_bg_0774,1790147240,Sundarpur central library renovation is finally completing this month.,,,,#Sundarpur #Daily,1730835073
p01059,bg_0212,user_bg_0212,1790147262,Sundarpur central library renovation is finally completing this month.,,,,,1664276066
p03146,bg_0626,user_bg_0626,1790147274,Heavy traffic near Sundarpur Clock Tower due to market rush today.,p01151,,http://sundarpurnews.example/local,,1621201059
p03002,bg_0598,user_bg_0598,1790147360,Heavy traffic near Sundarpur Clock Tower due to market rush today.,,,,,1567794353
p00999,bg_0201,user_bg_0201,1790147539,Heavy traffic near Sundarpur Clock Tower due to market rush today.,,,,#Sundarpur #Daily,1743870004
p03139,bg_0625,user_bg_0625,1790147573,Evening cricket practice match at Sundarpur town stadium was exciting.,,,,,1568455381
p00400,bg_0078,user_bg_0078,1790147588,Pleasant breezy weather across Sundarpur this afternoon.,,,,,1626346774
p00917,bg_0184,user_bg_0184,1790147619,Power cut announced for northern suburbs of Sundarpur tomorrow 10am-12pm.,,,http://sundarpurnews.example/local,,1684172142
p03329,bg_0661,user_bg_0661,1790147647,"Delicious street food near Gandhi circle, best kachori in Sundarpur!",,,,,1713817576
p02988,bg_0595,user_bg_0595,1790147672,Local municipal council announced park cleanup drive this Sunday.,,,,,1654275623
p00340,bg_0065,user_bg_0065,1790147681,"Delicious street food near Gandhi circle, best kachori in Sundarpur!",p00242,,,,1571408153
p01798,bg_0358,user_bg_0358,1790147738,Pleasant breezy weather across Sundarpur this afternoon.,,,,,1721336022
p01288,bg_0257,user_bg_0257,1790147781,Sundarpur central library renovation is finally completing this month.,,,,,1591183041
p01818,bg_0362,user_bg_0362,1790147858,Morning tea at Station Road in Sundarpur hits different during winters.,,,,,1574052456
p02775,bg_0552,user_bg_0552,1790147955,Heavy traffic near Sundarpur Clock Tower due to market rush today.,,,,,1699804851
p02463,bg_0490,user_bg_0490,1790147960,Power cut announced for northern suburbs of Sundarpur tomorrow 10am-12pm.,,,,,1582343573
p02626,bg_0522,user_bg_0522,1790148020,Local municipal council announced park cleanup drive this Sunday.,,,,,1566413441
p00524,bg_0104,user_bg_0104,1790148079,Power cut announced for northern suburbs of Sundarpur tomorrow 10am-12pm.,,,,,1733630719
p03430,bg_0681,user_bg_0681,1790148094,Monsoon drainage repairs starting near Sundarpur east bus terminus.,,,,,1547339141
p00367,bg_0071,user_bg_0071,1790148124,Evening cricket practice match at Sundarpur town stadium was exciting.,,,,,1702762670
p03589,bg_0712,user_bg_0712,1790148231,Pleasant breezy weather across Sundarpur this afternoon.,,,,#Sundarpur #Daily,1718032512
p03114,bg_0620,user_bg_0620,1790148274,Sundarpur central library renovation is finally completing this month.,,,,,1614158492
p03992,bg_0794,user_bg_0794,1790148295,Evening cricket practice match at Sundarpur town stadium was exciting.,,,,,1592773961
p00190,bg_0037,user_bg_0037,1790148305,Heavy traffic near Sundarpur Clock Tower due to market rush today.,,,,,1733455040
p03787,bg_0753,user_bg_0753,1790148311,Morning tea at Station Road in Sundarpur hits different during winters.,,,,#Sundarpur #Daily,1755990793
p02639,bg_0524,user_bg_0524,1790148397,Evening cricket practice match at Sundarpur town stadium was exciting.,,,,,1691934500
p01326,bg_0264,user_bg_0264,1790148404,Great community turnout for the Sundarpur cultural festival rehearsals.,,,,#Sundarpur #Daily,1749970057
p01322,bg_0263,user_bg_0263,1790148443,Pleasant breezy weather across Sundarpur this afternoon.,,,,,1688207313
p00155,bg_0030,user_bg_0030,1790148445,Evening cricket practice match at Sundarpur town stadium was exciting.,,,,,1678030730
p00745,bg_0148,user_bg_0148,1790148448,Evening cricket practice match at Sundarpur town stadium was exciting.,,,http://sundarpurnews.example/local,,1702969855
p02085,bg_0415,user_bg_0415,1790148473,Evening cricket practice match at Sundarpur town stadium was exciting.,,,,,1638100164
p03900,bg_0775,user_bg_0775,1790148488,Local municipal council announced park cleanup drive this Sunday.,,,,,1648920500
p00058,bg_0011,user_bg_0011,1790148489,Great community turnout for the Sundarpur cultural festival rehearsals.,,,,,1688359581
p04006,bg_0797,user_bg_0797,1790148520,Great community turnout for the Sundarpur cultural festival rehearsals.,,,,#Sundarpur #Daily,1634168097
p02108,bg_0419,user_bg_0419,1790148608,Evening cricket practice match at Sundarpur town stadium was exciting.,,,,,1584604110
p03931,bg_0782,user_bg_0782,1790148753,Sundarpur central library renovation is finally completing this month.,,,,,1706449368
p00844,bg_0168,user_bg_0168,1790148771,Morning tea at Station Road in Sundarpur hits different during winters.,,,,#Sundarpur #Daily,1723276002
p03472,bg_0690,user_bg_0690,1790148778,Sundarpur central library renovation is finally completing this month.,,,,,1617567324
p00659,bg_0131,user_bg_0131,1790148784,Sundarpur central library renovation is finally completing this month.,,,,,1725630182
p02918,bg_0581,user_bg_0581,1790148889,Great community turnout for the Sundarpur cultural festival rehearsals.,,,,,1618585576
p02195,bg_0437,user_bg_0437,1790148971,Evening cricket practice match at Sundarpur town stadium was exciting.,,,,,1673781982
p01437,bg_0286,user_bg_0286,1790149003,Great community turnout for the Sundarpur cultural festival rehearsals.,,,,,1671250779
p01391,bg_0277,user_bg_0277,1790149045,Local municipal council announced park cleanup drive this Sunday.,,,,,1715723029
p02431,bg_0483,user_bg_0483,1790149052,"Delicious street food near Gandhi circle, best kachori in Sundarpur!",,,,#Sundarpur #Daily,1644225594
p03726,bg_0740,user_bg_0740,1790149072,Power cut announced for northern suburbs of Sundarpur tomorrow 10am-12pm.,,,http://sundarpurnews.example/local,,1662037055
p00694,bg_0138,user_bg_0138,1790149086,"Delicious street food near Gandhi circle, best kachori in Sundarpur!",,,,,1597678188
p00381,bg_0074,user_bg_0074,1790149103,Monsoon drainage repairs starting near Sundarpur east bus terminus.,,,,,1578992347
p00057,bg_0011,user_bg_0011,1790149122,Pleasant breezy weather across Sundarpur this afternoon.,p00050,,,,1688359581
p03603,bg_0715,user_bg_0715,1790149153,Morning tea at Station Road in Sundarpur hits different during winters.,,,,,1538710022
p01463,bg_0291,user_bg_0291,1790149176,Heavy traffic near Sundarpur Clock Tower due to market rush today.,,,,,1657546735
p02333,bg_0464,user_bg_0464,1790149226,Great community turnout for the Sundarpur cultural festival rehearsals.,,,http://sundarpurnews.example/local,,1726320405
p02321,bg_0461,user_bg_0461,1790149357,Power cut announced for northern suburbs of Sundarpur tomorrow 10am-12pm.,,,,#Sundarpur #Daily,1744577426
p02923,bg_0582,user_bg_0582,1790149384,Power cut announced for northern suburbs of Sundarpur tomorrow 10am-12pm.,,,,,1755826977
p03507,bg_0697,user_bg_0697,1790149451,Sundarpur central library renovation is finally completing this month.,,,,,1605861456
p00126,bg_0024,user_bg_0024,1790149526,Evening cricket practice match at Sundarpur town stadium was exciting.,,,,,1568885961
p03629,bg_0720,user_bg_0720,1790149606,Local municipal council announced park cleanup drive this Sunday.,,,,#Sundarpur #Daily,1649352541
p00125,bg_0024,user_bg_0024,1790149777,Pleasant breezy weather across Sundarpur this afternoon.,,,,,1568885961
p00440,bg_0086,user_bg_0086,1790149794,Evening cricket practice match at Sundarpur town stadium was exciting.,,,,,1730794426
p01041,bg_0209,user_bg_0209,1790149798,Power cut announced for northern suburbs of Sundarpur tomorrow 10am-12pm.,,,,,1612764048
p00797,bg_0159,user_bg_0159,1790149802,Sundarpur central library renovation is finally completing this month.,,,,#Sundarpur #Daily,1573663067
p00391,bg_0076,user_bg_0076,1790149821,Pleasant breezy weather across Sundarpur this afternoon.,,,,,1579058218
p02949,bg_0587,user_bg_0587,1790149880,Heavy traffic near Sundarpur Clock Tower due to market rush today.,,,,,1691466181
p00432,bg_0084,user_bg_0084,1790149889,Monsoon drainage repairs starting near Sundarpur east bus terminus.,,,,#Sundarpur #Daily,1673939592
p03847,bg_0765,user_bg_0765,1790149974,Evening cricket practice match at Sundarpur town stadium was exciting.,,,,,1610897947
p02929,bg_0583,user_bg_0583,1790150008,Monsoon drainage repairs starting near Sundarpur east bus terminus.,,,,,1741403482
p02932,bg_0584,user_bg_0584,1790150044,Morning tea at Station Road in Sundarpur hits different during winters.,,,,,1582903912
p00751,bg_0149,user_bg_0149,1790150095,Monsoon drainage repairs starting near Sundarpur east bus terminus.,,,,,1578902500
p01852,bg_0369,user_bg_0369,1790150120,Great community turnout for the Sundarpur cultural festival rehearsals.,,,,,1599141563
p03045,bg_0606,user_bg_0606,1790150152,Sundarpur central library renovation is finally completing this month.,p03018,,,#Sundarpur #Daily,1561487142
p02288,bg_0454,user_bg_0454,1790150164,Monsoon drainage repairs starting near Sundarpur east bus terminus.,,,,#Sundarpur #Daily,1557243428
p00097,bg_0019,user_bg_0019,1790150201,Pleasant breezy weather across Sundarpur this afternoon.,,,,,1722500956
p01951,bg_0389,user_bg_0389,1790150239,Evening cricket practice match at Sundarpur town stadium was exciting.,,,,,1628115631
p03343,bg_0664,user_bg_0664,1790150299,Monsoon drainage repairs starting near Sundarpur east bus terminus.,,,,,1600021053
p02659,bg_0528,user_bg_0528,1790150335,Power cut announced for northern suburbs of Sundarpur tomorrow 10am-12pm.,,,,,1591297168
p02089,bg_0416,user_bg_0416,1790150461,Local municipal council announced park cleanup drive this Sunday.,,,,,1740493092
p02715,bg_0539,user_bg_0539,1790150539,Sundarpur central library renovation is finally completing this month.,,,,,1592491537
p02783,bg_0554,user_bg_0554,1790150586,Monsoon drainage repairs starting near Sundarpur east bus terminus.,,,http://sundarpurnews.example/local,,1643872155
p00006,bg_0001,user_bg_0001,1790150753,Power cut announced for northern suburbs of Sundarpur tomorrow 10am-12pm.,,,,,1719208878
p02551,bg_0507,user_bg_0507,1790150756,Heavy traffic near Sundarpur Clock Tower due to market rush today.,,,,,1587939494
p01753,bg_0349,user_bg_0349,1790150774,Great community turnout for the Sundarpur cultural festival rehearsals.,,,,,1672735756
p01306,bg_0260,user_bg_0260,1790150785,Power cut announced for northern suburbs of Sundarpur tomorrow 10am-12pm.,,,,,1539537533
p03593,bg_0712,user_bg_0712,1790150786,Local municipal council announced park cleanup drive this Sunday.,,,,,1718032512
p02301,bg_0457,user_bg_0457,1790150913,Sundarpur central library renovation is finally completing this month.,,,,,1616252483
p03168,bg_0630,user_bg_0630,1790150932,"Delicious street food near Gandhi circle, best kachori in Sundarpur!",,,,#Sundarpur #Daily,1723676139
p01823,bg_0364,user_bg_0364,1790150942,@user_bg_0209 Agree with this point completely.,,p01040,,,1568241772
p02315,bg_0460,user_bg_0460,1790150957,Power cut announced for northern suburbs of Sundarpur tomorrow 10am-12pm.,,,,#Sundarpur #Daily,1730256785
p00046,bg_0009,user_bg_0009,1790150985,Local municipal council announced park cleanup drive this Sunday.,,,,,1579921307
p01895,bg_0377,user_bg_0377,1790150992,Sundarpur central library renovation is finally completing this month.,,,,,1659754139
p02686,bg_0534,user_bg_0534,1790151000,Morning tea at Station Road in Sundarpur hits different during winters.,,,http://sundarpurnews.example/local,,1602837869
p02482,bg_0494,user_bg_0494,1790151004,Monsoon drainage repairs starting near Sundarpur east bus terminus.,,,http://sundarpurnews.example/local,,1656795824
p00665,bg_0132,user_bg_0132,1790151008,Great community turnout for the Sundarpur cultural festival rehearsals.,,,,,1699818869
p02835,bg_0564,user_bg_0564,1790151051,Sundarpur central library renovation is finally completing this month.,,,http://sundarpurnews.example/local,,1552299558
p02439,bg_0485,user_bg_0485,1790151056,Sundarpur central library renovation is finally completing this month.,,,,,1758344600
p01283,bg_0256,user_bg_0256,1790151060,Power cut announced for northern suburbs of Sundarpur tomorrow 10am-12pm.,,,http://sundarpurnews.example/local,,1683071000
p00980,bg_0197,user_bg_0197,1790151071,"Delicious street food near Gandhi circle, best kachori in Sundarpur!",,,,,1565591122
p03050,bg_0607,user_bg_0607,1790151128,Evening cricket practice match at Sundarpur town stadium was exciting.,,,,,1726774117
p03539,bg_0703,user_bg_0703,1790151162,Evening cricket practice match at Sundarpur town stadium was exciting.,,,,,1633552235
p03681,bg_0731,user_bg_0731,1790151164,Pleasant breezy weather across Sundarpur this afternoon.,,,,,1648400117
p01623,bg_0322,user_bg_0322,1790151187,Great community turnout for the Sundarpur cultural festival rehearsals.,,,http://sundarpurnews.example/local,,1740926099
p02896,bg_0577,user_bg_0577,1790151272,Heavy traffic near Sundarpur Clock Tower due to market rush today.,,,,#Sundarpur #Daily,1674759586
p01711,bg_0340,user_bg_0340,1790151292,@user_bg_0124 Agree with this point completely.,,p00624,,,1668018751
p01571,bg_0312,user_bg_0312,1790151363,Great community turnout for the Sundarpur cultural festival rehearsals.,,,,,1586758204
p02743,bg_0545,user_bg_0545,1790151502,Sundarpur central library renovation is finally completing this month.,,,,,1586047712
p02470,bg_0491,user_bg_0491,1790151566,Great community turnout for the Sundarpur cultural festival rehearsals.,,,,,1602226764
p03127,bg_0622,user_bg_0622,1790151662,Local municipal council announced park cleanup drive this Sunday.,,,,,1745511093
p02305,bg_0458,user_bg_0458,1790151723,Sundarpur central library renovation is finally completing this month.,,,,,1581641176
p01468,bg_0292,user_bg_0292,1790151727,@user_bg_0056 Agree with this point completely.,,p00291,,,1662571220
p03693,bg_0733,user_bg_0733,1790151771,Evening cricket practice match at Sundarpur town stadium was exciting.,,,,,1728630095
p01135,bg_0227,user_bg_0227,1790151821,Monsoon drainage repairs starting near Sundarpur east bus terminus.,,,,#Sundarpur #Daily,1553179595
p01138,bg_0228,user_bg_0228,1790151864,Heavy traffic near Sundarpur Clock Tower due to market rush today.,,,,,1745139808
p01538,bg_0305,user_bg_0305,1790151913,@user_bg_0283 Agree with this point completely.,,p01421,,,1589865572
p03275,bg_0650,user_bg_0650,1790151955,Monsoon drainage repairs starting near Sundarpur east bus terminus.,,,,,1642415340
p01544,bg_0306,user_bg_0306,1790151957,Monsoon drainage repairs starting near Sundarpur east bus terminus.,,,http://sundarpurnews.example/local,#Sundarpur #Daily,1634227139
p03379,bg_0671,user_bg_0671,1790151961,@user_bg_0124 Agree with this point completely.,,p00623,,,1747639172
p02054,bg_0409,user_bg_0409,1790151991,Great community turnout for the Sundarpur cultural festival rehearsals.,,,,,1739409329
p02140,bg_0426,user_bg_0426,1790152058,Evening cricket practice match at Sundarpur town stadium was exciting.,,,,,1544150935
p03292,bg_0654,user_bg_0654,1790152162,Local municipal council announced park cleanup drive this Sunday.,,,,,1669980471
p03553,bg_0706,user_bg_0706,1790152166,Local municipal council announced park cleanup drive this Sunday.,,,,,1634201579
p03924,bg_0780,user_bg_0780,1790152178,Pleasant breezy weather across Sundarpur this afternoon.,,,http://sundarpurnews.example/local,,1578226215
p03980,bg_0792,user_bg_0792,1790152262,Evening cricket practice match at Sundarpur town stadium was exciting.,,,,#Sundarpur #Daily,1646822186
p03481,bg_0691,user_bg_0691,1790152302,Pleasant breezy weather across Sundarpur this afternoon.,,,,,1725035366
p02303,bg_0458,user_bg_0458,1790152375,"Delicious street food near Gandhi circle, best kachori in Sundarpur!",,,,,1581641176
p03195,bg_0635,user_bg_0635,1790152416,Power cut announced for northern suburbs of Sundarpur tomorrow 10am-12pm.,,,,,1675102737
p03156,bg_0628,user_bg_0628,1790152607,Power cut announced for northern suburbs of Sundarpur tomorrow 10am-12pm.,,,,,1610418583
p00442,bg_0087,user_bg_0087,1790152644,Heavy traffic near Sundarpur Clock Tower due to market rush today.,,,,,1586677071
p03015,bg_0600,user_bg_0600,1790152692,Pleasant breezy weather across Sundarpur this afternoon.,,,,,1662203167
p00182,bg_0035,user_bg_0035,1790152717,Morning tea at Station Road in Sundarpur hits different during winters.,,,,,1627668166
p00483,bg_0096,user_bg_0096,1790152732,Monsoon drainage repairs starting near Sundarpur east bus terminus.,,,,,1626555822
p00441,bg_0086,user_bg_0086,1790152736,Great community turnout for the Sundarpur cultural festival rehearsals.,,,,,1730794426
p00090,bg_0017,user_bg_0017,1790152755,Morning tea at Station Road in Sundarpur hits different during winters.,,,,,1660301179
p00157,bg_0030,user_bg_0030,1790152760,Sundarpur central library renovation is finally completing this month.,,,,,1678030730
p02504,bg_0498,user_bg_0498,1790152770,"Delicious street food near Gandhi circle, best kachori in Sundarpur!",,,,,1702657530
p02648,bg_0526,user_bg_0526,1790152822,Morning tea at Station Road in Sundarpur hits different during winters.,,,,,1676059441
p00771,bg_0154,user_bg_0154,1790152853,Heavy traffic near Sundarpur Clock Tower due to market rush today.,,,,,1671588680
p00393,bg_0076,user_bg_0076,1790152921,Power cut announced for northern suburbs of Sundarpur tomorrow 10am-12pm.,,,,#Sundarpur #Daily,1579058218
p03827,bg_0761,user_bg_0761,1790152975,Heavy traffic near Sundarpur Clock Tower due to market rush today.,,,,,1595923005
p00370,bg_0072,user_bg_0072,1790153011,Evening cricket practice match at Sundarpur town stadium was exciting.,,,,,1757515322
p02457,bg_0489,user_bg_0489,1790153114,Morning tea at Station Road in Sundarpur hits different during winters.,,,,,1630727209
p02040,bg_0407,user_bg_0407,1790153126,Great community turnout for the Sundarpur cultural festival rehearsals.,,,,,1569663791
p03254,bg_0646,user_bg_0646,1790153138,Evening cricket practice match at Sundarpur town stadium was exciting.,,,,,1558874096
p02881,bg_0574,user_bg_0574,1790153185,Local municipal council announced park cleanup drive this Sunday.,,,,#Sundarpur #Daily,1596989199
p03766,bg_0748,user_bg_0748,1790153280,Morning tea at Station Road in Sundarpur hits different during winters.,,,,,1739251407
p00809,bg_0161,user_bg_0161,1790153297,@user_bg_0137 Agree with this point completely.,,p00692,,#Sundarpur #Daily,1647524885
p00120,bg_0023,user_bg_0023,1790153307,Monsoon drainage repairs starting near Sundarpur east bus terminus.,,,,#Sundarpur #Daily,1743371417
p03266,bg_0649,user_bg_0649,1790153310,Heavy traffic near Sundarpur Clock Tower due to market rush today.,,,,,1682256939
p03832,bg_0762,user_bg_0762,1790153350,Monsoon drainage repairs starting near Sundarpur east bus terminus.,,,,,1647914665
p01520,bg_0301,user_bg_0301,1790153357,Evening cricket practice match at Sundarpur town stadium was exciting.,,,,,1736599110
p01522,bg_0302,user_bg_0302,1790153541,"Delicious street food near Gandhi circle, best kachori in Sundarpur!",,,,,1610047049
p01524,bg_0302,user_bg_0302,1790153665,Local municipal council announced park cleanup drive this Sunday.,,,,,1610047049
p02578,bg_0512,user_bg_0512,1790153669,Great community turnout for the Sundarpur cultural festival rehearsals.,,,,,1710315550
p00861,bg_0172,user_bg_0172,1790153768,Pleasant breezy weather across Sundarpur this afternoon.,,,,,1734357618
p00308,bg_0059,user_bg_0059,1790153807,Pleasant breezy weather across Sundarpur this afternoon.,,,,#Sundarpur #Daily,1742029571
p01025,bg_0206,user_bg_0206,1790153854,Heavy traffic near Sundarpur Clock Tower due to market rush today.,,,http://sundarpurnews.example/local,,1614915751
p01776,bg_0354,user_bg_0354,1790153898,Sundarpur central library renovation is finally completing this month.,,,,,1627544238
p00723,bg_0143,user_bg_0143,1790153915,Power cut announced for northern suburbs of Sundarpur tomorrow 10am-12pm.,,,http://sundarpurnews.example/local,,1553734266
p02985,bg_0595,user_bg_0595,1790153918,Monsoon drainage repairs starting near Sundarpur east bus terminus.,,,,,1654275623
p00833,bg_0166,user_bg_0166,1790153927,Morning tea at Station Road in Sundarpur hits different during winters.,,,,,1755380868
p01728,bg_0344,user_bg_0344,1790153934,Power cut announced for northern suburbs of Sundarpur tomorrow 10am-12pm.,,,http://sundarpurnews.example/local,,1720491049
p01445,bg_0288,user_bg_0288,1790154188,"Delicious street food near Gandhi circle, best kachori in Sundarpur!",,,,#Sundarpur #Daily,1587268549
p00705,bg_0140,user_bg_0140,1790154189,"Delicious street food near Gandhi circle, best kachori in Sundarpur!",,,,,1586429089
p03003,bg_0598,user_bg_0598,1790154231,Monsoon drainage repairs starting near Sundarpur east bus terminus.,,,http://sundarpurnews.example/local,#Sundarpur #Daily,1567794353
p00921,bg_0185,user_bg_0185,1790154244,Evening cricket practice match at Sundarpur town stadium was exciting.,,,,,1686715930
p01263,bg_0252,user_bg_0252,1790154269,Local municipal council announced park cleanup drive this Sunday.,,,,#Sundarpur #Daily,1684356346
p00287,bg_0055,user_bg_0055,1790154304,Sundarpur central library renovation is finally completing this month.,,,,,1552160350
p01279,bg_0255,user_bg_0255,1790154314,Evening cricket practice match at Sundarpur town stadium was exciting.,,,,,1602364354
p02134,bg_0425,user_bg_0425,1790154498,Evening cricket practice match at Sundarpur town stadium was exciting.,,,,,1561234548
p00073,bg_0014,user_bg_0014,1790154526,Heavy traffic near Sundarpur Clock Tower due to market rush today.,,,,,1550157263
p00302,bg_0058,user_bg_0058,1790154533,Power cut announced for northern suburbs of Sundarpur tomorrow 10am-12pm.,,,,,1584001515
p03131,bg_0623,user_bg_0623,1790154630,Evening cricket practice match at Sundarpur town stadium was exciting.,,,http://sundarpurnews.example/local,,1584350420
p03365,bg_0668,user_bg_0668,1790154637,Power cut announced for northern suburbs of Sundarpur tomorrow 10am-12pm.,,,,,1540968083
p00342,bg_0065,user_bg_0065,1790154656,Sundarpur central library renovation is finally completing this month.,,,,,1571408153
p02110,bg_0420,user_bg_0420,1790154673,Power cut announced for northern suburbs of Sundarpur tomorrow 10am-12pm.,,,,,1554523302
p00972,bg_0195,user_bg_0195,1790154692,Local municipal council announced park cleanup drive this Sunday.,,,,,1755249063
p03837,bg_0763,user_bg_0763,1790154742,Sundarpur central library renovation is finally completing this month.,,,,#Sundarpur #Daily,1606787956
p01449,bg_0288,user_bg_0288,1790154766,Heavy traffic near Sundarpur Clock Tower due to market rush today.,,,,,1587268549
p02625,bg_0522,user_bg_0522,1790154916,Evening cricket practice match at Sundarpur town stadium was exciting.,,,,,1566413441
p01847,bg_0368,user_bg_0368,1790154973,Heavy traffic near Sundarpur Clock Tower due to market rush today.,,,,,1728054959
p00055,bg_0011,user_bg_0011,1790155036,Heavy traffic near Sundarpur Clock Tower due to market rush today.,,,,,1688359581
p03937,bg_0783,user_bg_0783,1790155081,Power cut announced for northern suburbs of Sundarpur tomorrow 10am-12pm.,,,,,1722248794
p01390,bg_0277,user_bg_0277,1790155126,Evening cricket practice match at Sundarpur town stadium was exciting.,,,,,1715723029
p01829,bg_0365,user_bg_0365,1790155184,Sundarpur central library renovation is finally completing this month.,,,,,1594155491
p02332,bg_0463,user_bg_0463,1790155313,Evening cricket practice match at Sundarpur town stadium was exciting.,,,,,1670047390
p03126,bg_0622,user_bg_0622,1790155358,Power cut announced for northern suburbs of Sundarpur tomorrow 10am-12pm.,,,,,1745511093
p02643,bg_0525,user_bg_0525,1790155400,Great community turnout for the Sundarpur cultural festival rehearsals.,,,,,1556305396
p01404,bg_0279,user_bg_0279,1790155461,Pleasant breezy weather across Sundarpur this afternoon.,,,,,1570757259
p00124,bg_0024,user_bg_0024,1790155509,Heavy traffic near Sundarpur Clock Tower due to market rush today.,,,,,1568885961
p03280,bg_0651,user_bg_0651,1790155551,Evening cricket practice match at Sundarpur town stadium was exciting.,,,,,1547701971
p04024,a_1001,alert_a_1001,1790155600,"Sundarpur dam gates will be opened TONIGHT itself, whole east side will flood. Officials hiding it!! Everyone gather at Collector office 7 PM!! #SundarpurAlert",,,,#SundarpurAlert,1789253407
p04057,a_1034,alert_a_1034,1790155600,"Sundarpur dam gates will be opened TONIGHT, whole east side will flood. Officials hiding it! Everyone gather at Collector office 7 PM! #SundarpurAlert",,,,#SundarpurAlert,1789676615
p04040,a_1017,alert_a_1017,1790155601,"Sundarpur dam gates will be opened TONIGHT, whole east side will flood. Officials hiding it! Everyone gather at Collector office 7 PM! #SundarpurAlert",,,,#SundarpurAlert,1789247306
p04048,a_1025,alert_a_1025,1790155601,"Sundarpur dam gates will be opened TONIGHT itself, whole east side will flood. Officials hiding it!! Everyone gather at Collector office 7 PM!! #SundarpurAlert",,,,#SundarpurAlert,1789935099
p04054,a_1031,alert_a_1031,1790155601,"Sundarpur dam gates will be opened TONIGHT, whole east side will flood. Officials hiding it! Everyone gather at Collector office 7 PM! #SundarpurAlert",,,,#SundarpurAlert,1789264913
p04060,a_1037,alert_a_1037,1790155605,"Sundarpur dam gates will be opened TONIGHT, whole east side will flood. Officials hiding it! Everyone gather at Collector office 7 PM! #SundarpurAlert",,,,#SundarpurAlert,1789427618
p04035,a_1012,alert_a_1012,1790155606,"Sundarpur dam gates will be opened TONIGHT itself, whole east side will flood. Officials hiding it!! Everyone gather at Collector office 7 PM!! #SundarpurAlert",,,,#SundarpurAlert,1789583179
p04036,a_1013,alert_a_1013,1790155608,"Sundarpur dam gates will be opened TONIGHT, whole east side will flood. Officials hiding it! Everyone gather at Collector office 7 PM! #SundarpurAlert",,,,#SundarpurAlert,1789784291
p04037,a_1014,alert_a_1014,1790155608,"Sundarpur dam gates will be opened TONIGHT itself, whole east side will flood. Officials hiding it!! Everyone gather at Collector office 7 PM!! #SundarpurAlert",,,,#SundarpurAlert,1789834288
p04045,a_1022,alert_a_1022,1790155608,"Sundarpur dam gates will be opened TONIGHT, whole east side will flood. Officials hiding it! Everyone gather at Collector office 7 PM! #SundarpurAlert",,,,#SundarpurAlert,1789694757
p04063,a_1040,alert_a_1040,1790155609,"Sundarpur dam gates will be opened TONIGHT, whole east side will flood. Officials hiding it! Everyone gather at Collector office 7 PM! #SundarpurAlert",,,,#SundarpurAlert,1789610263
p04029,a_1006,alert_a_1006,1790155610,"Sundarpur dam gates will be opened TONIGHT, whole east side will flood. Officials hiding it! Everyone gather at Collector office 7 PM! #SundarpurAlert",,,,#SundarpurAlert,1789747763
p04046,a_1023,alert_a_1023,1790155610,"Sundarpur dam gates will be opened TONIGHT, whole east side will flood. Officials hiding it! Everyone gather at Collector office 7 PM! #SundarpurAlert",,,,#SundarpurAlert,1789961631
p04052,a_1029,alert_a_1029,1790155610,"Sundarpur dam gates will be opened TONIGHT itself, whole east side will flood. Officials hiding it!! Everyone gather at Collector office 7 PM!! #SundarpurAlert",,,,#SundarpurAlert,1789264532
p04031,a_1008,alert_a_1008,1790155611,"Sundarpur dam gates will be opened TONIGHT, whole east side will flood. Officials hiding it! Everyone gather at Collector office 7 PM! #SundarpurAlert",,,,#SundarpurAlert,1789243440
p04044,a_1021,alert_a_1021,1790155612,"Sundarpur dam gates will be opened TONIGHT, whole east side will flood. Officials hiding it! Everyone gather at Collector office 7 PM! #SundarpurAlert",,,,#SundarpurAlert,1789422192
p04032,a_1009,alert_a_1009,1790155613,"Sundarpur dam gates will be opened TONIGHT, whole east side will flood. Officials hiding it! Everyone gather at Collector office 7 PM! #SundarpurAlert",,,,#SundarpurAlert,1789446223
p04055,a_1032,alert_a_1032,1790155613,"Sundarpur dam gates will be opened TONIGHT, whole east side will flood. Officials hiding it! Everyone gather at Collector office 7 PM! #SundarpurAlert",,,,#SundarpurAlert,1789401766
p04042,a_1019,alert_a_1019,1790155614,"Sundarpur dam gates will be opened TONIGHT, whole east side will flood. Officials hiding it! Everyone gather at Collector office 7 PM! #SundarpurAlert",,,,#SundarpurAlert,1789403053
p04053,a_1030,alert_a_1030,1790155614,"Sundarpur dam gates will be opened TONIGHT, whole east side will flood. Officials hiding it! Everyone gather at Collector office 7 PM! #SundarpurAlert",,,,#SundarpurAlert,1789353536
p04043,a_1020,alert_a_1020,1790155615,"Sundarpur dam gates will be opened TONIGHT, whole east side will flood. Officials hiding it! Everyone gather at Collector office 7 PM! #SundarpurAlert",,,,#SundarpurAlert,1789359451
p04038,a_1015,alert_a_1015,1790155616,"Sundarpur dam gates will be opened TONIGHT, whole east side will flood. Officials hiding it! Everyone gather at Collector office 7 PM! #SundarpurAlert",,,,#SundarpurAlert,1789357555
p04058,a_1035,alert_a_1035,1790155616,"Sundarpur dam gates will be opened TONIGHT, whole east side will flood. Officials hiding it! Everyone gather at Collector office 7 PM! #SundarpurAlert",,,,#SundarpurAlert,1789849815
p01584,bg_0314,user_bg_0314,1790155617,Local municipal council announced park cleanup drive this Sunday.,,,,,1615547232
p04050,a_1027,alert_a_1027,1790155618,"Sundarpur dam gates will be opened TONIGHT, whole east side will flood. Officials hiding it! Everyone gather at Collector office 7 PM! #SundarpurAlert",,,,#SundarpurAlert,1789760045
p04030,a_1007,alert_a_1007,1790155619,"Sundarpur dam gates will be opened TONIGHT, whole east side will flood. Officials hiding it! Everyone gather at Collector office 7 PM! #SundarpurAlert",,,,#SundarpurAlert,1789229545
p04033,a_1010,alert_a_1010,1790155619,"Sundarpur dam gates will be opened TONIGHT itself, whole east side will flood. Officials hiding it!! Everyone gather at Collector office 7 PM!! #SundarpurAlert",,,,#SundarpurAlert,1789492409
p04034,a_1011,alert_a_1011,1790155619,"Sundarpur dam gates will be opened TONIGHT, whole east side will flood. Officials hiding it! Everyone gather at Collector office 7 PM! #SundarpurAlert",,,,#SundarpurAlert,1789532765
p04061,a_1038,alert_a_1038,1790155619,"Sundarpur dam gates will be opened TONIGHT, whole east side will flood. Officials hiding it! Everyone gather at Collector office 7 PM! #SundarpurAlert",,,,#SundarpurAlert,1789609353
p04049,a_1026,alert_a_1026,1790155620,"Sundarpur dam gates will be opened TONIGHT, whole east side will flood. Officials hiding it! Everyone gather at Collector office 7 PM! #SundarpurAlert",,,,#SundarpurAlert,1789668975
p04062,a_1039,alert_a_1039,1790155620,"Sundarpur dam gates will be opened TONIGHT, whole east side will flood. Officials hiding it! Everyone gather at Collector office 7 PM! #SundarpurAlert",,,,#SundarpurAlert,1789409310
p04026,a_1003,alert_a_1003,1790155621,"Sundarpur dam gates will be opened TONIGHT itself, whole east side will flood. Officials hiding it!! Everyone gather at Collector office 7 PM!! #SundarpurAlert",,,,#SundarpurAlert,1789347949
p04025,a_1002,alert_a_1002,1790155622,"Sundarpur dam gates will be opened TONIGHT, whole east side will flood. Officials hiding it! Everyone gather at Collector office 7 PM! #SundarpurAlert",,,,#SundarpurAlert,1789940824
p04041,a_1018,alert_a_1018,1790155622,"Sundarpur dam gates will be opened TONIGHT, whole east side will flood. Officials hiding it! Everyone gather at Collector office 7 PM! #SundarpurAlert",,,,#SundarpurAlert,1789844079
p04028,a_1005,alert_a_1005,1790155624,"Sundarpur dam gates will be opened TONIGHT itself, whole east side will flood. Officials hiding it!! Everyone gather at Collector office 7 PM!! #SundarpurAlert",,,,#SundarpurAlert,1789576053
p04039,a_1016,alert_a_1016,1790155625,"Sundarpur dam gates will be opened TONIGHT itself, whole east side will flood. Officials hiding it!! Everyone gather at Collector office 7 PM!! #SundarpurAlert",,,,#SundarpurAlert,1789578139
p04047,a_1024,alert_a_1024,1790155627,"Sundarpur dam gates will be opened TONIGHT, whole east side will flood. Officials hiding it! Everyone gather at Collector office 7 PM! #SundarpurAlert",,,,#SundarpurAlert,1789437127
p04059,a_1036,alert_a_1036,1790155627,"Sundarpur dam gates will be opened TONIGHT itself, whole east side will flood. Officials hiding it!! Everyone gather at Collector office 7 PM!! #SundarpurAlert",,,,#SundarpurAlert,1789931211
p04027,a_1004,alert_a_1004,1790155628,"Sundarpur dam gates will be opened TONIGHT itself, whole east side will flood. Officials hiding it!! Everyone gather at Collector office 7 PM!! #SundarpurAlert",,,,#SundarpurAlert,1789434408
p04051,a_1028,alert_a_1028,1790155628,"Sundarpur dam gates will be opened TONIGHT, whole east side will flood. Officials hiding it! Everyone gather at Collector office 7 PM! #SundarpurAlert",,,,#SundarpurAlert,1789835701
p04056,a_1033,alert_a_1033,1790155628,"Sundarpur dam gates will be opened TONIGHT itself, whole east side will flood. Officials hiding it!! Everyone gather at Collector office 7 PM!! #SundarpurAlert",,,,#SundarpurAlert,1789520826
p02088,bg_0416,user_bg_0416,1790155672,"Delicious street food near Gandhi circle, best kachori in Sundarpur!",,,,,1740493092
p00316,bg_0061,user_bg_0061,1790155701,Pleasant breezy weather across Sundarpur this afternoon.,,,http://sundarpurnews.example/local,,1702067333
p03148,bg_0626,user_bg_0626,1790155720,Morning tea at Station Road in Sundarpur hits different during winters.,,,,#Sundarpur #Daily,1621201059
p02519,bg_0501,user_bg_0501,1790155727,Monsoon drainage repairs starting near Sundarpur east bus terminus.,,,,,1725715051
p00623,bg_0124,user_bg_0124,1790155738,Sundarpur central library renovation is finally completing this month.,,,,,1709065696
p02422,bg_0482,user_bg_0482,1790155876,Sundarpur central library renovation is finally completing this month.,,,,,1647353882
p00683,bg_0136,user_bg_0136,1790155912,Local municipal council announced park cleanup drive this Sunday.,,,,,1624511482
p01861,bg_0370,user_bg_0370,1790155941,"Delicious street food near Gandhi circle, best kachori in Sundarpur!",,,http://sundarpurnews.example/local,,1594259491
p03007,bg_0599,user_bg_0599,1790155959,Morning tea at Station Road in Sundarpur hits different during winters.,,,,,1570836171
p00379,bg_0073,user_bg_0073,1790155986,Evening cricket practice match at Sundarpur town stadium was exciting.,,,,,1581507416
p03874,bg_0770,user_bg_0770,1790156043,Sundarpur central library renovation is finally completing this month.,,,,,1727557240
p02385,bg_0474,user_bg_0474,1790156060,Power cut announced for northern suburbs of Sundarpur tomorrow 10am-12pm.,,,http://sundarpurnews.example/local,,1592329607
p02754,bg_0548,user_bg_0548,1790156062,Power cut announced for northern suburbs of Sundarpur tomorrow 10am-12pm.,,,,#Sundarpur #Daily,1656941017
p01989,bg_0396,user_bg_0396,1790156117,Heavy traffic near Sundarpur Clock Tower due to market rush today.,,,,#Sundarpur #Daily,1715947642
p00377,bg_0073,user_bg_0073,1790156158,Pleasant breezy weather across Sundarpur this afternoon.,,,,#Sundarpur #Daily,1581507416
p03128,bg_0622,user_bg_0622,1790156218,Sundarpur central library renovation is finally completing this month.,,,,,1745511093
p01197,bg_0239,user_bg_0239,1790156303,Evening cricket practice match at Sundarpur town stadium was exciting.,,,,,1733936879
p01820,bg_0363,user_bg_0363,1790156339,Sundarpur central library renovation is finally completing this month.,,,,,1663126328
p00877,bg_0175,user_bg_0175,1790156354,Evening cricket practice match at Sundarpur town stadium was exciting.,,,,,1566403651
p00239,bg_0046,user_bg_0046,1790156400,Great community turnout for the Sundarpur cultural festival rehearsals.,,,,,1663918275
p03635,bg_0721,user_bg_0721,1790156408,Local municipal council announced park cleanup drive this Sunday.,,,,,1634448000
p02875,bg_0572,user_bg_0572,1790156411,Morning tea at Station Road in Sundarpur hits different during winters.,,,,,1652847746
p02661,bg_0528,user_bg_0528,1790156462,Power cut announced for northern suburbs of Sundarpur tomorrow 10am-12pm.,,,,,1591297168
p00036,bg_0007,user_bg_0007,1790156464,Heavy traffic near Sundarpur Clock Tower due to market rush today.,,,,,1748075480
p01261,bg_0252,user_bg_0252,1790156474,Heavy traffic near Sundarpur Clock Tower due to market rush today.,p00885,,,,1684356346
p03378,bg_0670,user_bg_0670,1790156484,Morning tea at Station Road in Sundarpur hits different during winters.,,,,,1596601923
p00892,bg_0178,user_bg_0178,1790156513,Monsoon drainage repairs starting near Sundarpur east bus terminus.,,,,,1562428840
p03565,bg_0708,user_bg_0708,1790156593,Monsoon drainage repairs starting near Sundarpur east bus terminus.,,,,,1683369880
p00462,bg_0092,user_bg_0092,1790156603,"Delicious street food near Gandhi circle, best kachori in Sundarpur!",,,http://sundarpurnews.example/local,,1544041861
p00676,bg_0134,user_bg_0134,1790156604,Monsoon drainage repairs starting near Sundarpur east bus terminus.,,,,,1683056565
p03225,bg_0641,user_bg_0641,1790156611,Evening cricket practice match at Sundarpur town stadium was exciting.,,,,,1597739215
p02926,bg_0583,user_bg_0583,1790156641,Power cut announced for northern suburbs of Sundarpur tomorrow 10am-12pm.,,,,,1741403482
p01164,bg_0232,user_bg_0232,1790156689,Local municipal council announced park cleanup drive this Sunday.,,,,#Sundarpur #Daily,1577697557
p02113,bg_0420,user_bg_0420,1790156690,Pleasant breezy weather across Sundarpur this afternoon.,,,http://sundarpurnews.example/local,,1554523302
p03545,bg_0704,user_bg_0704,1790156767,Morning tea at Station Road in Sundarpur hits different during winters.,,,,,1740497700
p03533,bg_0702,user_bg_0702,1790156838,Heavy traffic near Sundarpur Clock Tower due to market rush today.,,,,,1715457845
p01057,bg_0211,user_bg_0211,1790156889,Sundarpur central library renovation is finally completing this month.,,,,,1612966127
p03871,bg_0770,user_bg_0770,1790156949,Power cut announced for northern suburbs of Sundarpur tomorrow 10am-12pm.,,,,#Sundarpur #Daily,1727557240
p03818,bg_0759,user_bg_0759,1790156979,Monsoon drainage repairs starting near Sundarpur east bus terminus.,,,,,1618123144
p01266,bg_0253,user_bg_0253,1790157046,@user_bg_0181 Agree with this point completely.,,p00906,,,1553483516
p01252,bg_0250,user_bg_0250,1790157052,Pleasant breezy weather across Sundarpur this afternoon.,,,,,1564722453
p02330,bg_0463,user_bg_0463,1790157073,Evening cricket practice match at Sundarpur town stadium was exciting.,,,http://sundarpurnews.example/local,,1670047390
p02726,bg_0542,user_bg_0542,1790157116,Great community turnout for the Sundarpur cultural festival rehearsals.,,,,,1730307865
p02175,bg_0433,user_bg_0433,1790157119,Evening cricket practice match at Sundarpur town stadium was exciting.,,,,,1737429505
p03116,bg_0620,user_bg_0620,1790157126,Monsoon drainage repairs starting near Sundarpur east bus terminus.,,,,,1614158492
p01040,bg_0209,user_bg_0209,1790157170,"Delicious street food near Gandhi circle, best kachori in Sundarpur!",,,,,1612764048
p02124,bg_0423,user_bg_0423,1790157186,Evening cricket practice match at Sundarpur town stadium was exciting.,,,http://sundarpurnews.example/local,,1651133564
p00948,bg_0190,user_bg_0190,1790157203,Sundarpur central library renovation is finally completing this month.,,,,#Sundarpur #Daily,1743052464
p03380,bg_0671,user_bg_0671,1790157226,"Delicious street food near Gandhi circle, best kachori in Sundarpur!",,,,,1747639172
p03272,bg_0650,user_bg_0650,1790157239,@user_bg_0319 Agree with this point completely.,,p01609,,,1642415340
p03064,bg_0610,user_bg_0610,1790157243,Local municipal council announced park cleanup drive this Sunday.,,,http://sundarpurnews.example/local,,1597775511
p00747,bg_0148,user_bg_0148,1790157337,Pleasant breezy weather across Sundarpur this afternoon.,,,,,1702969855
p01960,bg_0390,user_bg_0390,1790157503,Local municipal council announced park cleanup drive this Sunday.,,,,,1562804788
p00942,bg_0188,user_bg_0188,1790157565,Monsoon drainage repairs starting near Sundarpur east bus terminus.,,,,,1740644897
p02491,bg_0495,user_bg_0495,1790157569,"Delicious street food near Gandhi circle, best kachori in Sundarpur!",,,,,1587115915
p04013,bg_0798,user_bg_0798,1790157601,Local municipal council announced park cleanup drive this Sunday.,,,,#Sundarpur #Daily,1732465485
p01811,bg_0361,user_bg_0361,1790157604,Power cut announced for northern suburbs of Sundarpur tomorrow 10am-12pm.,,,,#Sundarpur #Daily,1604575886
p03928,bg_0781,user_bg_0781,1790157625,Morning tea at Station Road in Sundarpur hits different during winters.,,,,,1635011619
p02581,bg_0513,user_bg_0513,1790157663,Heavy traffic near Sundarpur Clock Tower due to market rush today.,,,,,1660939987
p00291,bg_0056,user_bg_0056,1790157703,Morning tea at Station Road in Sundarpur hits different during winters.,,,http://sundarpurnews.example/local,#Sundarpur #Daily,1630587946
p00042,bg_0008,user_bg_0008,1790157710,Local municipal council announced park cleanup drive this Sunday.,,,,#Sundarpur #Daily,1681306495
p01536,bg_0305,user_bg_0305,1790157749,Power cut announced for northern suburbs of Sundarpur tomorrow 10am-12pm.,,,,,1589865572
p03617,bg_0717,user_bg_0717,1790157823,Power cut announced for northern suburbs of Sundarpur tomorrow 10am-12pm.,,,,#Sundarpur #Daily,1543208623
p02147,bg_0427,user_bg_0427,1790157826,Local municipal council announced park cleanup drive this Sunday.,,,,,1539782381
p01617,bg_0321,user_bg_0321,1790157868,"Delicious street food near Gandhi circle, best kachori in Sundarpur!",,,,#Sundarpur #Daily,1595245419
p01723,bg_0343,user_bg_0343,1790157993,"Delicious street food near Gandhi circle, best kachori in Sundarpur!",,,,,1700756768
p03631,bg_0720,user_bg_0720,1790157995,Sundarpur central library renovation is finally completing this month.,,,,,1649352541
p01330,bg_0265,user_bg_0265,1790158025,Evening cricket practice match at Sundarpur town stadium was exciting.,,,,#Sundarpur #Daily,1672093477
p00148,bg_0028,user_bg_0028,1790158092,@user_bg_0020 Agree with this point completely.,,p00105,,,1554379603
p03432,bg_0681,user_bg_0681,1790158154,Local municipal council announced park cleanup drive this Sunday.,,,,,1547339141
p03994,bg_0795,user_bg_0795,1790158208,Power cut announced for northern suburbs of Sundarpur tomorrow 10am-12pm.,,,,,1651504002
p02435,bg_0484,user_bg_0484,1790158239,Power cut announced for northern suburbs of Sundarpur tomorrow 10am-12pm.,,,http://sundarpurnews.example/local,,1615679449
p01178,bg_0236,user_bg_0236,1790158240,Heavy traffic near Sundarpur Clock Tower due to market rush today.,,,,,1758153746
p02975,bg_0592,user_bg_0592,1790158243,Monsoon drainage repairs starting near Sundarpur east bus terminus.,,,,,1602656373
p01016,bg_0204,user_bg_0204,1790158247,Power cut announced for northern suburbs of Sundarpur tomorrow 10am-12pm.,,,,#Sundarpur #Daily,1670316673
p02999,bg_0597,user_bg_0597,1790158319,Pleasant breezy weather across Sundarpur this afternoon.,p01010,,,,1687600522
p00885,bg_0177,user_bg_0177,1790158376,Monsoon drainage repairs starting near Sundarpur east bus terminus.,,,,,1571462625
p02086,bg_0415,user_bg_0415,1790158445,Evening cricket practice match at Sundarpur town stadium was exciting.,,,,,1638100164
p00685,bg_0136,user_bg_0136,1790158451,"Delicious street food near Gandhi circle, best kachori in Sundarpur!",p00222,,http://sundarpurnews.example/local,,1624511482
p02523,bg_0501,user_bg_0501,1790158590,Pleasant breezy weather across Sundarpur this afternoon.,,,,#Sundarpur #Daily,1725715051
p03858,bg_0767,user_bg_0767,1790158682,Evening cricket practice match at Sundarpur town stadium was exciting.,,,,,1751302568
p00630,bg_0125,user_bg_0125,1790158702,Heavy traffic near Sundarpur Clock Tower due to market rush today.,,,,,1693754109
p03518,bg_0699,user_bg_0699,1790158709,Great community turnout for the Sundarpur cultural festival rehearsals.,,,,,1561792661
p01384,bg_0276,user_bg_0276,1790158858,Local municipal council announced park cleanup drive this Sunday.,,,,,1561385462
p01808,bg_0360,user_bg_0360,1790158865,Local municipal council announced park cleanup drive this Sunday.,,,,,1595932852
p03276,bg_0650,user_bg_0650,1790158876,Monsoon drainage repairs starting near Sundarpur east bus terminus.,,,,#Sundarpur #Daily,1642415340
p00522,bg_0103,user_bg_0103,1790159028,Local municipal council announced park cleanup drive this Sunday.,,,,,1680672142
p03287,bg_0653,user_bg_0653,1790159104,Power cut announced for northern suburbs of Sundarpur tomorrow 10am-12pm.,,,,,1712710007
p01100,bg_0221,user_bg_0221,1790159151,Heavy traffic near Sundarpur Clock Tower due to market rush today.,,,http://sundarpurnews.example/local,,1734102985
p01344,bg_0268,user_bg_0268,1790159187,Power cut announced for northern suburbs of Sundarpur tomorrow 10am-12pm.,,,,,1554984685
p00204,bg_0039,user_bg_0039,1790159269,Heavy traffic near Sundarpur Clock Tower due to market rush today.,,,,,1672052617
p03327,bg_0661,user_bg_0661,1790159405,Power cut announced for northern suburbs of Sundarpur tomorrow 10am-12pm.,,,,#Sundarpur #Daily,1713817576
p02093,bg_0417,user_bg_0417,1790159416,Power cut announced for northern suburbs of Sundarpur tomorrow 10am-12pm.,,,,,1589620553
p02694,bg_0535,user_bg_0535,1790159502,Monsoon drainage repairs starting near Sundarpur east bus terminus.,,,,,1572558290
p01697,bg_0337,user_bg_0337,1790159614,Great community turnout for the Sundarpur cultural festival rehearsals.,,,,,1713997270
p00319,bg_0061,user_bg_0061,1790159616,Great community turnout for the Sundarpur cultural festival rehearsals.,,,,,1702067333
p02214,bg_0440,user_bg_0440,1790159626,"Delicious street food near Gandhi circle, best kachori in Sundarpur!",,,,,1614115848
p03977,bg_0791,user_bg_0791,1790159627,Morning tea at Station Road in Sundarpur hits different during winters.,,,http://sundarpurnews.example/local,,1644379010
p02530,bg_0503,user_bg_0503,1790159675,Evening cricket practice match at Sundarpur town stadium was exciting.,,,,,1717130496
p02876,bg_0573,user_bg_0573,1790159675,Heavy traffic near Sundarpur Clock Tower due to market rush today.,,,,,1608559980
p01046,bg_0210,user_bg_0210,1790159744,Monsoon drainage repairs starting near Sundarpur east bus terminus.,,,,,1695229940
p00541,bg_0107,user_bg_0107,1790159765,Morning tea at Station Road in Sundarpur hits different during winters.,,,,,1641714087
p02666,bg_0529,user_bg_0529,1790159950,"Delicious street food near Gandhi circle, best kachori in Sundarpur!",,,,,1622091061
p02825,bg_0562,user_bg_0562,1790159988,"Delicious street food near Gandhi circle, best kachori in Sundarpur!",,,,,1623382826
p02742,bg_0545,user_bg_0545,1790159993,Heavy traffic near Sundarpur Clock Tower due to market rush today.,,,,,1586047712
p01027,bg_0206,user_bg_0206,1790160058,Monsoon drainage repairs starting near Sundarpur east bus terminus.,,,,,1614915751
p03803,bg_0756,user_bg_0756,1790160077,Great community turnout for the Sundarpur cultural festival rehearsals.,,,,,1570195761
p01831,bg_0365,user_bg_0365,1790160083,Morning tea at Station Road in Sundarpur hits different during winters.,,,,#Sundarpur #Daily,1594155491
p03161,bg_0628,user_bg_0628,1790160107,Heavy traffic near Sundarpur Clock Tower due to market rush today.,,,,,1610418583
p00059,bg_0012,user_bg_0012,1790160155,Great community turnout for the Sundarpur cultural festival rehearsals.,,,,,1565814187
p01243,bg_0248,user_bg_0248,1790160322,Monsoon drainage repairs starting near Sundarpur east bus terminus.,p00912,,,,1540864193
p02456,bg_0489,user_bg_0489,1790160361,Great community turnout for the Sundarpur cultural festival rehearsals.,,,http://sundarpurnews.example/local,#Sundarpur #Daily,1630727209
p00824,bg_0164,user_bg_0164,1790160419,Great community turnout for the Sundarpur cultural festival rehearsals.,,,,,1652564729
p01812,bg_0361,user_bg_0361,1790160484,Pleasant breezy weather across Sundarpur this afternoon.,,,,#Sundarpur #Daily,1604575886
p00628,bg_0125,user_bg_0125,1790160554,Evening cricket practice match at Sundarpur town stadium was exciting.,,,,,1693754109
p00199,bg_0038,user_bg_0038,1790160559,Monsoon drainage repairs starting near Sundarpur east bus terminus.,,,,#Sundarpur #Daily,1698194010
p02062,bg_0411,user_bg_0411,1790160606,Power cut announced for northern suburbs of Sundarpur tomorrow 10am-12pm.,,,,,1584953446
p00075,bg_0014,user_bg_0014,1790160672,"Delicious street food near Gandhi circle, best kachori in Sundarpur!",,,,,1550157263
p01905,bg_0379,user_bg_0379,1790160726,Sundarpur central library renovation is finally completing this month.,,,,,1755129315
p00033,bg_0007,user_bg_0007,1790160768,Morning tea at Station Road in Sundarpur hits different during winters.,,,,,1748075480
p01856,bg_0370,user_bg_0370,1790160852,"Delicious street food near Gandhi circle, best kachori in Sundarpur!",,,,,1594259491
p02038,bg_0406,user_bg_0406,1790160973,Pleasant breezy weather across Sundarpur this afternoon.,p01942,,,,1651642654
p01379,bg_0275,user_bg_0275,1790160975,Local municipal council announced park cleanup drive this Sunday.,,,,,1594277782
p00634,bg_0126,user_bg_0126,1790160988,Sundarpur central library renovation is finally completing this month.,,,,#Sundarpur #Daily,1594995142
p03906,bg_0777,user_bg_0777,1790161072,Evening cricket practice match at Sundarpur town stadium was exciting.,,,,,1699170811
p00888,bg_0177,user_bg_0177,1790161091,Power cut announced for northern suburbs of Sundarpur tomorrow 10am-12pm.,,,,,1571462625
p03523,bg_0700,user_bg_0700,1790161116,Evening cricket practice match at Sundarpur town stadium was exciting.,,,http://sundarpurnews.example/local,,1551144808
p00906,bg_0181,user_bg_0181,1790161160,Morning tea at Station Road in Sundarpur hits different during winters.,p00092,,,,1720833312
p00428,bg_0083,user_bg_0083,1790161184,Power cut announced for northern suburbs of Sundarpur tomorrow 10am-12pm.,,,,,1630253906
p02776,bg_0553,user_bg_0553,1790161250,Heavy traffic near Sundarpur Clock Tower due to market rush today.,,,,,1748414828
p03331,bg_0661,user_bg_0661,1790161275,Sundarpur central library renovation is finally completing this month.,,,,#Sundarpur #Daily,1713817576
p01949,bg_0388,user_bg_0388,1790161347,Heavy traffic near Sundarpur Clock Tower due to market rush today.,,,http://sundarpurnews.example/local,#Sundarpur #Daily,1650334625
p01880,bg_0374,user_bg_0374,1790161366,Evening cricket practice match at Sundarpur town stadium was exciting.,,,,,1694386304
p01259,bg_0251,user_bg_0251,1790161445,Great community turnout for the Sundarpur cultural festival rehearsals.,,,,,1651160006
p02191,bg_0436,user_bg_0436,1790161545,Heavy traffic near Sundarpur Clock Tower due to market rush today.,,,,,1729939785
p00001,journo_01,asha_reports,1790161600,Investigative report part 1: Reviewing infrastructure expenditure and water canal maintenance in Sundarpur district. Public accountability is essential.,,,http://sundarpur-times.example/report-1,#SundarpurNews #Accountability,1663996000
p01309,bg_0261,user_bg_0261,1790161605,"Delicious street food near Gandhi circle, best kachori in Sundarpur!",,,,,1725629984
p02205,bg_0439,user_bg_0439,1790161749,Monsoon drainage repairs starting near Sundarpur east bus terminus.,,,,,1703221950
p03658,bg_0726,user_bg_0726,1790161757,Pleasant breezy weather across Sundarpur this afternoon.,,,,,1747816026
p02367,bg_0470,user_bg_0470,1790161777,Local municipal council announced park cleanup drive this Sunday.,,,,#Sundarpur #Daily,1602170058
p01622,bg_0322,user_bg_0322,1790161886,Evening cricket practice match at Sundarpur town stadium was exciting.,,,,,1740926099
p00970,bg_0195,user_bg_0195,1790161912,Monsoon drainage repairs starting near Sundarpur east bus terminus.,,,,,1755249063
p00294,bg_0057,user_bg_0057,1790161914,"Delicious street food near Gandhi circle, best kachori in Sundarpur!",p00105,,,,1709768384
p03078,bg_0612,user_bg_0612,1790161938,Sundarpur central library renovation is finally completing this month.,,,,,1623903695
p00574,bg_0114,user_bg_0114,1790161972,"Delicious street food near Gandhi circle, best kachori in Sundarpur!",,,,,1614600157
p00027,bg_0006,user_bg_0006,1790161987,Pleasant breezy weather across Sundarpur this afternoon.,,,,#Sundarpur #Daily,1609308965
p01063,bg_0213,user_bg_0213,1790162001,Local municipal council announced park cleanup drive this Sunday.,,,,,1720465340
p00858,bg_0171,user_bg_0171,1790162125,Pleasant breezy weather across Sundarpur this afternoon.,,,,,1711820945
p02176,bg_0433,user_bg_0433,1790162138,Evening cricket practice match at Sundarpur town stadium was exciting.,,,http://sundarpurnews.example/local,,1737429505
p01842,bg_0367,user_bg_0367,1790162149,Morning tea at Station Road in Sundarpur hits different during winters.,,,,,1644588177
p02377,bg_0472,user_bg_0472,1790162228,Local municipal council announced park cleanup drive this Sunday.,,,,#Sundarpur #Daily,1604463202
p00318,bg_0061,user_bg_0061,1790162256,Great community turnout for the Sundarpur cultural festival rehearsals.,,,,,1702067333
p00225,bg_0043,user_bg_0043,1790162277,Heavy traffic near Sundarpur Clock Tower due to market rush today.,,,,,1643872131
p03646,bg_0724,user_bg_0724,1790162278,Monsoon drainage repairs starting near Sundarpur east bus terminus.,,,,,1616830720
p02780,bg_0553,user_bg_0553,1790162292,Monsoon drainage repairs starting near Sundarpur east bus terminus.,,,,,1748414828
p01851,bg_0369,user_bg_0369,1790162422,Sundarpur central library renovation is finally completing this month.,,,,,1599141563
p01766,bg_0352,user_bg_0352,1790162438,"Delicious street food near Gandhi circle, best kachori in Sundarpur!",,,,,1744134308
p00039,bg_0008,user_bg_0008,1790162443,Monsoon drainage repairs starting near Sundarpur east bus terminus.,,,http://sundarpurnews.example/local,,1681306495
p01406,bg_0280,user_bg_0280,1790162467,Evening cricket practice match at Sundarpur town stadium was exciting.,,,http://sundarpurnews.example/local,#Sundarpur #Daily,1548002388
p00717,bg_0142,user_bg_0142,1790162495,Heavy traffic near Sundarpur Clock Tower due to market rush today.,,,,,1681629265
p00231,bg_0044,user_bg_0044,1790162506,Heavy traffic near Sundarpur Clock Tower due to market rush today.,,,,,1677565007
p04416,c_3028,patriot_c_3028,1790162509,@asha_reports Sensationalism and manufactured scandals will not work here. Stop misleading the public!,,p00001,,#FakeNewsExposed,1789584483
p04399,c_3011,patriot_c_3011,1790162517,@asha_reports Corrupt journalism at its peak. Stop spreading lies and defaming our local officials without proof!,,p00001,,#FakeNewsExposed,1789089821
p04406,c_3018,patriot_c_3018,1790162517,@asha_reports Corrupt journalism at its peak. Stop spreading lies and defaming our local officials without proof!,,p00001,,#FakeNewsExposed,1789178813
p04411,c_3023,patriot_c_3023,1790162519,@asha_reports Sensationalism and manufactured scandals will not work here. Stop misleading the public!,,p00001,,#FakeNewsExposed,1789511781
p04414,c_3026,patriot_c_3026,1790162527,@asha_reports Stop peddling biased sensational fake news to divide Sundarpur! Your defamatory agenda is exposed.,,p00001,,#FakeNewsExposed,1789419199
p04397,c_3009,patriot_c_3009,1790162538,@asha_reports Corrupt journalism at its peak. Stop spreading lies and defaming our local officials without proof!,,p00001,,#FakeNewsExposed,1788929392
p01993,bg_0397,user_bg_0397,1790162569,Great community turnout for the Sundarpur cultural festival rehearsals.,,,http://sundarpurnews.example/local,,1646990870
p04409,c_3021,patriot_c_3021,1790162569,@asha_reports Sensationalism and manufactured scandals will not work here. Stop misleading the public!,,p00001,,#FakeNewsExposed,1789426758
p04393,c_3005,patriot_c_3005,1790162577,@asha_reports Stop peddling biased sensational fake news to divide Sundarpur! Your defamatory agenda is exposed.,,p00001,,#FakeNewsExposed,1789870844
p04391,c_3003,patriot_c_3003,1790162579,@asha_reports Stop peddling biased sensational fake news to divide Sundarpur! Your defamatory agenda is exposed.,,p00001,,#FakeNewsExposed,1789585544
p03234,bg_0643,user_bg_0643,1790162589,Local municipal council announced park cleanup drive this Sunday.,,,http://sundarpurnews.example/local,,1547358799
p02911,bg_0580,user_bg_0580,1790162593,Evening cricket practice match at Sundarpur town stadium was exciting.,,,,#Sundarpur #Daily,1654149275
p01160,bg_0232,user_bg_0232,1790162594,Power cut announced for northern suburbs of Sundarpur tomorrow 10am-12pm.,,,,,1577697557
p00069,bg_0013,user_bg_0013,1790162600,Heavy traffic near Sundarpur Clock Tower due to market rush today.,,,,,1680730078
p04403,c_3015,patriot_c_3015,1790162606,@asha_reports Sensationalism and manufactured scandals will not work here. Stop misleading the public!,,p00001,,#FakeNewsExposed,1789601141
p04396,c_3008,patriot_c_3008,1790162611,@asha_reports Stop peddling biased sensational fake news to divide Sundarpur! Your defamatory agenda is exposed.,,p00001,,#FakeNewsExposed,1789776927
p04405,c_3017,patriot_c_3017,1790162621,@asha_reports Corrupt journalism at its peak. Stop spreading lies and defaming our local officials without proof!,,p00001,,#FakeNewsExposed,1789063469
p04390,c_3002,patriot_c_3002,1790162625,@asha_reports Stop peddling biased sensational fake news to divide Sundarpur! Your defamatory agenda is exposed.,,p00001,,#FakeNewsExposed,1789610151
p04410,c_3022,patriot_c_3022,1790162647,@asha_reports Stop peddling biased sensational fake news to divide Sundarpur! Your defamatory agenda is exposed.,,p00001,,#FakeNewsExposed,1789771888
p04413,c_3025,patriot_c_3025,1790162652,@asha_reports Sensationalism and manufactured scandals will not work here. Stop misleading the public!,,p00001,,#FakeNewsExposed,1789850797
p02680,bg_0532,user_bg_0532,1790162655,Heavy traffic near Sundarpur Clock Tower due to market rush today.,,,,,1580956556
p04407,c_3019,patriot_c_3019,1790162660,@asha_reports Stop peddling biased sensational fake news to divide Sundarpur! Your defamatory agenda is exposed.,,p00001,,#FakeNewsExposed,1789101605
p02320,bg_0461,user_bg_0461,1790162676,Monsoon drainage repairs starting near Sundarpur east bus terminus.,,,,,1744577426
p04404,c_3016,patriot_c_3016,1790162685,@asha_reports Stop peddling biased sensational fake news to divide Sundarpur! Your defamatory agenda is exposed.,,p00001,,#FakeNewsExposed,1789270374
p04418,c_3030,patriot_c_3030,1790162687,@asha_reports Sensationalism and manufactured scandals will not work here. Stop misleading the public!,,p00001,,#FakeNewsExposed,1789879553
p04389,c_3001,patriot_c_3001,1790162701,@asha_reports Corrupt journalism at its peak. Stop spreading lies and defaming our local officials without proof!,,p00001,,#FakeNewsExposed,1789243976
p04400,c_3012,patriot_c_3012,1790162705,@asha_reports Corrupt journalism at its peak. Stop spreading lies and defaming our local officials without proof!,,p00001,,#FakeNewsExposed,1789609119
p03789,bg_0753,user_bg_0753,1790162718,Morning tea at Station Road in Sundarpur hits different during winters.,,,,,1755990793
p04392,c_3004,patriot_c_3004,1790162721,@asha_reports Sensationalism and manufactured scandals will not work here. Stop misleading the public!,,p00001,,#FakeNewsExposed,1789438580
p04417,c_3029,patriot_c_3029,1790162722,@asha_reports Corrupt journalism at its peak. Stop spreading lies and defaming our local officials without proof!,,p00001,,#FakeNewsExposed,1789612453
p04402,c_3014,patriot_c_3014,1790162726,@asha_reports Stop peddling biased sensational fake news to divide Sundarpur! Your defamatory agenda is exposed.,,p00001,,#FakeNewsExposed,1789525137
p04395,c_3007,patriot_c_3007,1790162739,@asha_reports Corrupt journalism at its peak. Stop spreading lies and defaming our local officials without proof!,,p00001,,#FakeNewsExposed,1789842102
p04412,c_3024,patriot_c_3024,1790162742,@asha_reports Sensationalism and manufactured scandals will not work here. Stop misleading the public!,,p00001,,#FakeNewsExposed,1789681507
p04401,c_3013,patriot_c_3013,1790162744,@asha_reports Stop peddling biased sensational fake news to divide Sundarpur! Your defamatory agenda is exposed.,,p00001,,#FakeNewsExposed,1789170322
p04394,c_3006,patriot_c_3006,1790162752,@asha_reports Corrupt journalism at its peak. Stop spreading lies and defaming our local officials without proof!,,p00001,,#FakeNewsExposed,1789608649
p04415,c_3027,patriot_c_3027,1790162753,@asha_reports Corrupt journalism at its peak. Stop spreading lies and defaming our local officials without proof!,,p00001,,#FakeNewsExposed,1789097650
p04408,c_3020,patriot_c_3020,1790162757,@asha_reports Corrupt journalism at its peak. Stop spreading lies and defaming our local officials without proof!,,p00001,,#FakeNewsExposed,1788811329
p04398,c_3010,patriot_c_3010,1790162759,@asha_reports Sensationalism and manufactured scandals will not work here. Stop misleading the public!,,p00001,,#FakeNewsExposed,1789765660
p02498,bg_0497,user_bg_0497,1790162761,Power cut announced for northern suburbs of Sundarpur tomorrow 10am-12pm.,,,http://sundarpurnews.example/local,,1543240165
p00256,bg_0049,user_bg_0049,1790162802,Power cut announced for northern suburbs of Sundarpur tomorrow 10am-12pm.,,,,,1582054256
p01616,bg_0320,user_bg_0320,1790162850,Power cut announced for northern suburbs of Sundarpur tomorrow 10am-12pm.,,,,,1606989786
p03639,bg_0722,user_bg_0722,1790162969,Power cut announced for northern suburbs of Sundarpur tomorrow 10am-12pm.,,,,,1694427576
p03796,bg_0755,user_bg_0755,1790163098,Local municipal council announced park cleanup drive this Sunday.,,,,,1712948234
p02393,bg_0475,user_bg_0475,1790163129,Local municipal council announced park cleanup drive this Sunday.,,,,,1614186887
p03315,bg_0658,user_bg_0658,1790163247,"Delicious street food near Gandhi circle, best kachori in Sundarpur!",,,,,1550336037
p02785,bg_0554,user_bg_0554,1790163249,Local municipal council announced park cleanup drive this Sunday.,,,,#Sundarpur #Daily,1643872155
p00359,bg_0069,user_bg_0069,1790163258,Local municipal council announced park cleanup drive this Sunday.,,,,,1638263421
p01398,bg_0278,user_bg_0278,1790163297,Heavy traffic near Sundarpur Clock Tower due to market rush today.,,,,,1711490501
p03076,bg_0612,user_bg_0612,1790163336,Evening cricket practice match at Sundarpur town stadium was exciting.,p00649,,,,1623903695
p03017,bg_0601,user_bg_0601,1790163392,Heavy traffic near Sundarpur Clock Tower due to market rush today.,,,,#Sundarpur #Daily,1667774356
p01424,bg_0283,user_bg_0283,1790163444,Heavy traffic near Sundarpur Clock Tower due to market rush today.,,,,,1564780846
p01453,bg_0289,user_bg_0289,1790163491,Power cut announced for northern suburbs of Sundarpur tomorrow 10am-12pm.,,,,,1674054392
p00208,bg_0040,user_bg_0040,1790163493,Local municipal council announced park cleanup drive this Sunday.,,,,,1595098535
p01105,bg_0222,user_bg_0222,1790163500,Local municipal council announced park cleanup drive this Sunday.,,,,,1634444880
p02813,bg_0560,user_bg_0560,1790163608,Heavy traffic near Sundarpur Clock Tower due to market rush today.,,,,,1698492546
p03985,bg_0793,user_bg_0793,1790163627,Power cut announced for northern suburbs of Sundarpur tomorrow 10am-12pm.,,,,,1603006550
p00593,bg_0118,user_bg_0118,1790163636,Monsoon drainage repairs starting near Sundarpur east bus terminus.,,,,,1593414300
p03202,bg_0636,user_bg_0636,1790163670,Sundarpur central library renovation is finally completing this month.,,,http://sundarpurnews.example/local,,1723573747
p00405,bg_0079,user_bg_0079,1790163695,@user_bg_0006 Agree with this point completely.,,p00026,,,1567815914
p00934,bg_0187,user_bg_0187,1790163784,Morning tea at Station Road in Sundarpur hits different during winters.,,,,,1585750514
p02173,bg_0432,user_bg_0432,1790163800,Monsoon drainage repairs starting near Sundarpur east bus terminus.,,,,#Sundarpur #Daily,1557459799
p02765,bg_0550,user_bg_0550,1790163861,Great community turnout for the Sundarpur cultural festival rehearsals.,,,,,1723867866
p02382,bg_0473,user_bg_0473,1790164039,@user_bg_0191 Agree with this point completely.,,p00955,,,1584606359
p02434,bg_0484,user_bg_0484,1790164080,Local municipal council announced park cleanup drive this Sunday.,,,,,1615679449
p00699,bg_0139,user_bg_0139,1790164092,Great community turnout for the Sundarpur cultural festival rehearsals.,,,,,1609032045
p00331,bg_0063,user_bg_0063,1790164111,Local municipal council announced park cleanup drive this Sunday.,,,,#Sundarpur #Daily,1622487619
p03760,bg_0747,user_bg_0747,1790164207,Evening cricket practice match at Sundarpur town stadium was exciting.,,,,,1618887354
p01636,bg_0325,user_bg_0325,1790164232,Evening cricket practice match at Sundarpur town stadium was exciting.,,,,,1643045036
p01124,bg_0225,user_bg_0225,1790164261,Evening cricket practice match at Sundarpur town stadium was exciting.,,,,,1748855918
p01674,bg_0333,user_bg_0333,1790164320,Heavy traffic near Sundarpur Clock Tower due to market rush today.,,,,,1744438467
p03193,bg_0635,user_bg_0635,1790164363,@user_bg_0591 Agree with this point completely.,,p02968,,,1675102737
p00265,bg_0051,user_bg_0051,1790164404,Evening cricket practice match at Sundarpur town stadium was exciting.,,,,,1664964701
p00366,bg_0071,user_bg_0071,1790164406,Local municipal council announced park cleanup drive this Sunday.,,,,,1702762670
p00267,bg_0051,user_bg_0051,1790164416,Power cut announced for northern suburbs of Sundarpur tomorrow 10am-12pm.,,,,,1664964701
p03988,bg_0794,user_bg_0794,1790164419,Evening cricket practice match at Sundarpur town stadium was exciting.,,,,,1592773961
p02609,bg_0519,user_bg_0519,1790164429,Great community turnout for the Sundarpur cultural festival rehearsals.,,,,#Sundarpur #Daily,1600648992
p01667,bg_0331,user_bg_0331,1790164446,Heavy traffic near Sundarpur Clock Tower due to market rush today.,p00024,,,#Sundarpur #Daily,1679374015
p02250,bg_0447,user_bg_0447,1790164474,Heavy traffic near Sundarpur Clock Tower due to market rush today.,,,,,1549973928
p03954,bg_0786,user_bg_0786,1790164490,Monsoon drainage repairs starting near Sundarpur east bus terminus.,,,,,1704603518
p03010,bg_0599,user_bg_0599,1790164528,Morning tea at Station Road in Sundarpur hits different during winters.,,,,,1570836171
p01489,bg_0295,user_bg_0295,1790164545,Pleasant breezy weather across Sundarpur this afternoon.,,,http://sundarpurnews.example/local,,1705325511
p03087,bg_0614,user_bg_0614,1790164562,Pleasant breezy weather across Sundarpur this afternoon.,,,,#Sundarpur #Daily,1675980997
p04008,bg_0797,user_bg_0797,1790164605,"Delicious street food near Gandhi circle, best kachori in Sundarpur!",,,,,1634168097
p03950,bg_0785,user_bg_0785,1790164664,"Delicious street food near Gandhi circle, best kachori in Sundarpur!",,,,#Sundarpur #Daily,1697338957
p03575,bg_0709,user_bg_0709,1790164694,Pleasant breezy weather across Sundarpur this afternoon.,,,,,1587993392
p03704,bg_0735,user_bg_0735,1790164718,Sundarpur central library renovation is finally completing this month.,,,,,1540018522
p02203,bg_0438,user_bg_0438,1790164794,Sundarpur central library renovation is finally completing this month.,,,,#Sundarpur #Daily,1563349838
p00261,bg_0050,user_bg_0050,1790164962,Pleasant breezy weather across Sundarpur this afternoon.,,,,,1596277126
p03959,bg_0787,user_bg_0787,1790164975,Local municipal council announced park cleanup drive this Sunday.,,,,,1732016018
p02818,bg_0561,user_bg_0561,1790164984,Power cut announced for northern suburbs of Sundarpur tomorrow 10am-12pm.,,,,,1730776687
p00133,bg_0026,user_bg_0026,1790165004,Pleasant breezy weather across Sundarpur this afternoon.,,,,,1563292027
p01943,bg_0387,user_bg_0387,1790165005,Monsoon drainage repairs starting near Sundarpur east bus terminus.,,,,,1615557490
p03724,bg_0739,user_bg_0739,1790165108,Power cut announced for northern suburbs of Sundarpur tomorrow 10am-12pm.,,,,,1602274287
p01268,bg_0253,user_bg_0253,1790165121,Great community turnout for the Sundarpur cultural festival rehearsals.,,,,,1553483516
p02279,bg_0453,user_bg_0453,1790165129,"Delicious street food near Gandhi circle, best kachori in Sundarpur!",,,,,1649904393
p02552,bg_0507,user_bg_0507,1790165137,Evening cricket practice match at Sundarpur town stadium was exciting.,,,,,1587939494
p01899,bg_0378,user_bg_0378,1790165159,Sundarpur central library renovation is finally completing this month.,,,,,1660958448
p02834,bg_0564,user_bg_0564,1790165161,Heavy traffic near Sundarpur Clock Tower due to market rush today.,,,,,1552299558
p00678,bg_0135,user_bg_0135,1790165233,Monsoon drainage repairs starting near Sundarpur east bus terminus.,,,http://sundarpurnews.example/local,,1737889579
p02189,bg_0435,user_bg_0435,1790165270,Power cut announced for northern suburbs of Sundarpur tomorrow 10am-12pm.,,,,,1683989087
p01003,bg_0202,user_bg_0202,1790165297,Heavy traffic near Sundarpur Clock Tower due to market rush today.,,,,,1629614029
p01356,bg_0270,user_bg_0270,1790165323,Pleasant breezy weather across Sundarpur this afternoon.,,,http://sundarpurnews.example/local,,1617285579
p03768,bg_0748,user_bg_0748,1790165370,Sundarpur central library renovation is finally completing this month.,,,http://sundarpurnews.example/local,#Sundarpur #Daily,1739251407
p02286,bg_0454,user_bg_0454,1790165418,Pleasant breezy weather across Sundarpur this afternoon.,,,,,1557243428
p03600,bg_0714,user_bg_0714,1790165451,Monsoon drainage repairs starting near Sundarpur east bus terminus.,,,,,1606872726
p00865,bg_0173,user_bg_0173,1790165523,Monsoon drainage repairs starting near Sundarpur east bus terminus.,,,,,1627918153
p02752,bg_0547,user_bg_0547,1790165561,@user_bg_0226 Agree with this point completely.,,p01128,,,1734442771
p00870,bg_0174,user_bg_0174,1790165611,Monsoon drainage repairs starting near Sundarpur east bus terminus.,,,,,1702847033
p01196,bg_0239,user_bg_0239,1790165686,Pleasant breezy weather across Sundarpur this afternoon.,,,,#Sundarpur #Daily,1733936879
p00932,bg_0187,user_bg_0187,1790165689,Power cut announced for northern suburbs of Sundarpur tomorrow 10am-12pm.,,,http://sundarpurnews.example/local,,1585750514
p03820,bg_0759,user_bg_0759,1790165779,Heavy traffic near Sundarpur Clock Tower due to market rush today.,,,,,1618123144
p03866,bg_0769,user_bg_0769,1790165816,Pleasant breezy weather across Sundarpur this afternoon.,,,,,1595873828
p02234,bg_0444,user_bg_0444,1790165841,Great community turnout for the Sundarpur cultural festival rehearsals.,,,,,1658612310
p03395,bg_0674,user_bg_0674,1790165865,Morning tea at Station Road in Sundarpur hits different during winters.,,,,#Sundarpur #Daily,1585170938
p02731,bg_0542,user_bg_0542,1790165908,"Delicious street food near Gandhi circle, best kachori in Sundarpur!",,,,,1730307865
p01651,bg_0328,user_bg_0328,1790166011,Heavy traffic near Sundarpur Clock Tower due to market rush today.,,,,,1729721644
p03069,bg_0611,user_bg_0611,1790166103,Pleasant breezy weather across Sundarpur this afternoon.,,,,#Sundarpur #Daily,1665973419
p01937,bg_0386,user_bg_0386,1790166130,"Delicious street food near Gandhi circle, best kachori in Sundarpur!",,,,,1654521045
p01653,bg_0329,user_bg_0329,1790166136,Power cut announced for northern suburbs of Sundarpur tomorrow 10am-12pm.,,,,,1751849102
p02290,bg_0455,user_bg_0455,1790166141,Power cut announced for northern suburbs of Sundarpur tomorrow 10am-12pm.,,,,,1603273099
p02634,bg_0523,user_bg_0523,1790166206,Morning tea at Station Road in Sundarpur hits different during winters.,,,http://sundarpurnews.example/local,#Sundarpur #Daily,1597510176
p01743,bg_0347,user_bg_0347,1790166212,"Delicious street food near Gandhi circle, best kachori in Sundarpur!",,,,,1618316395
p03259,bg_0647,user_bg_0647,1790166245,Power cut announced for northern suburbs of Sundarpur tomorrow 10am-12pm.,,,,#Sundarpur #Daily,1734398241
p02970,bg_0592,user_bg_0592,1790166311,"Delicious street food near Gandhi circle, best kachori in Sundarpur!",,,,,1602656373
p03203,bg_0637,user_bg_0637,1790166364,Evening cricket practice match at Sundarpur town stadium was exciting.,,,,,1566016518
p01161,bg_0232,user_bg_0232,1790166451,Evening cricket practice match at Sundarpur town stadium was exciting.,,,,,1577697557
p01883,bg_0375,user_bg_0375,1790166475,Pleasant breezy weather across Sundarpur this afternoon.,,,,#Sundarpur #Daily,1683655307
p03680,bg_0731,user_bg_0731,1790166545,Evening cricket practice match at Sundarpur town stadium was exciting.,,,,,1648400117
p00451,bg_0089,user_bg_0089,1790166552,"Delicious street food near Gandhi circle, best kachori in Sundarpur!",,,,,1713306296
p02032,bg_0405,user_bg_0405,1790166582,Evening cricket practice match at Sundarpur town stadium was exciting.,,,http://sundarpurnews.example/local,,1630928319
p01362,bg_0271,user_bg_0271,1790166689,Monsoon drainage repairs starting near Sundarpur east bus terminus.,,,,,1706504390
p03598,bg_0714,user_bg_0714,1790166692,Great community turnout for the Sundarpur cultural festival rehearsals.,,,,,1606872726
p01267,bg_0253,user_bg_0253,1790166693,Morning tea at Station Road in Sundarpur hits different during winters.,,,,,1553483516
p00279,bg_0053,user_bg_0053,1790166850,Heavy traffic near Sundarpur Clock Tower due to market rush today.,,,,#Sundarpur #Daily,1567953638
p02744,bg_0545,user_bg_0545,1790166899,Monsoon drainage repairs starting near Sundarpur east bus terminus.,,,,,1586047712
p00303,bg_0058,user_bg_0058,1790166975,Great community turnout for the Sundarpur cultural festival rehearsals.,,,,,1584001515
p00881,bg_0176,user_bg_0176,1790167076,Morning tea at Station Road in Sundarpur hits different during winters.,p00586,,,#Sundarpur #Daily,1542257717
p03457,bg_0686,user_bg_0686,1790167161,Morning tea at Station Road in Sundarpur hits different during winters.,,,,,1563540983
p02252,bg_0448,user_bg_0448,1790167164,"Delicious street food near Gandhi circle, best kachori in Sundarpur!",,,,,1608196643
p02706,bg_0537,user_bg_0537,1790167229,Morning tea at Station Road in Sundarpur hits different during winters.,,,,#Sundarpur #Daily,1613624223
p03592,bg_0712,user_bg_0712,1790167361,Sundarpur central library renovation is finally completing this month.,p02211,,,,1718032512
p02008,bg_0400,user_bg_0400,1790167423,Local municipal council announced park cleanup drive this Sunday.,,,http://sundarpurnews.example/local,,1587309041
p03181,bg_0632,user_bg_0632,1790167434,"Delicious street food near Gandhi circle, best kachori in Sundarpur!",,,,,1659680288
p03685,bg_0732,user_bg_0732,1790167483,Great community turnout for the Sundarpur cultural festival rehearsals.,,,,,1557888548
p04269,b_2006,voice_b_2006,1790167600,Exclusive report exposing the truth that mainstream media ignores: http://sundarpur-truth.example/dam-leak-coverup-doc #SundarpurExposed,,,http://sundarpur-truth.example/dam-leak-coverup-doc,#SundarpurExposed,1789304702
p04264,b_2001,voice_b_2001,1790167602,Exclusive report exposing the truth that mainstream media ignores: http://sundarpur-truth.example/dam-leak-coverup-doc #SundarpurExposed,,,http://sundarpur-truth.example/dam-leak-coverup-doc,#SundarpurExposed,1788795712
p04288,b_2025,voice_b_2025,1790167602,Exclusive report exposing the truth that mainstream media ignores: http://sundarpur-truth.example/dam-leak-coverup-doc #SundarpurExposed,,,http://sundarpur-truth.example/dam-leak-coverup-doc,#SundarpurExposed,1789683189
p04287,b_2024,voice_b_2024,1790167603,Important evidence documents available here: http://sundarpur-truth.example/dam-leak-coverup-doc #SundarpurExposed,,,http://sundarpur-truth.example/dam-leak-coverup-doc,#SundarpurExposed,1789074260
p04276,b_2013,voice_b_2013,1790167608,Read the leaked documents before they get taken down: http://sundarpur-truth.example/dam-leak-coverup-doc #SundarpurExposed,,,http://sundarpur-truth.example/dam-leak-coverup-doc,#SundarpurExposed,1788928823
p04275,b_2012,voice_b_2012,1790167609,See the official inspection report leaked online: http://sundarpur-truth.example/dam-leak-coverup-doc #SundarpurExposed,,,http://sundarpur-truth.example/dam-leak-coverup-doc,#SundarpurExposed,1788665872
p04272,b_2009,voice_b_2009,1790167610,Read the leaked documents before they get taken down: http://sundarpur-truth.example/dam-leak-coverup-doc #SundarpurExposed,,,http://sundarpur-truth.example/dam-leak-coverup-doc,#SundarpurExposed,1788670519
p04284,b_2021,voice_b_2021,1790167614,Read the leaked documents before they get taken down: http://sundarpur-truth.example/dam-leak-coverup-doc #SundarpurExposed,,,http://sundarpur-truth.example/dam-leak-coverup-doc,#SundarpurExposed,1789595321
p04267,b_2004,voice_b_2004,1790167617,Read the leaked documents before they get taken down: http://sundarpur-truth.example/dam-leak-coverup-doc #SundarpurExposed,,,http://sundarpur-truth.example/dam-leak-coverup-doc,#SundarpurExposed,1788358816
p04278,b_2015,voice_b_2015,1790167621,Exclusive report exposing the truth that mainstream media ignores: http://sundarpur-truth.example/dam-leak-coverup-doc #SundarpurExposed,,,http://sundarpur-truth.example/dam-leak-coverup-doc,#SundarpurExposed,1788358223
p04286,b_2023,voice_b_2023,1790167625,Read the leaked documents before they get taken down: http://sundarpur-truth.example/dam-leak-coverup-doc #SundarpurExposed,,,http://sundarpur-truth.example/dam-leak-coverup-doc,#SundarpurExposed,1788644761
p04282,b_2019,voice_b_2019,1790167636,Important evidence documents available here: http://sundarpur-truth.example/dam-leak-coverup-doc #SundarpurExposed,,,http://sundarpur-truth.example/dam-leak-coverup-doc,#SundarpurExposed,1788667527
p04285,b_2022,voice_b_2022,1790167636,Exclusive report exposing the truth that mainstream media ignores: http://sundarpur-truth.example/dam-leak-coverup-doc #SundarpurExposed,,,http://sundarpur-truth.example/dam-leak-coverup-doc,#SundarpurExposed,1789099979
p04270,b_2007,voice_b_2007,1790167637,Read the leaked documents before they get taken down: http://sundarpur-truth.example/dam-leak-coverup-doc #SundarpurExposed,,,http://sundarpur-truth.example/dam-leak-coverup-doc,#SundarpurExposed,1788572517
p04271,b_2008,voice_b_2008,1790167637,Read the leaked documents before they get taken down: http://sundarpur-truth.example/dam-leak-coverup-doc #SundarpurExposed,,,http://sundarpur-truth.example/dam-leak-coverup-doc,#SundarpurExposed,1789081289
p04277,b_2014,voice_b_2014,1790167638,See the official inspection report leaked online: http://sundarpur-truth.example/dam-leak-coverup-doc #SundarpurExposed,,,http://sundarpur-truth.example/dam-leak-coverup-doc,#SundarpurExposed,1789337392
p04268,b_2005,voice_b_2005,1790167639,Read the leaked documents before they get taken down: http://sundarpur-truth.example/dam-leak-coverup-doc #SundarpurExposed,,,http://sundarpur-truth.example/dam-leak-coverup-doc,#SundarpurExposed,1788643950
p04274,b_2011,voice_b_2011,1790167640,Read the leaked documents before they get taken down: http://sundarpur-truth.example/dam-leak-coverup-doc #SundarpurExposed,,,http://sundarpur-truth.example/dam-leak-coverup-doc,#SundarpurExposed,1789698465
p04266,b_2003,voice_b_2003,1790167641,Important evidence documents available here: http://sundarpur-truth.example/dam-leak-coverup-doc #SundarpurExposed,,,http://sundarpur-truth.example/dam-leak-coverup-doc,#SundarpurExposed,1788988695
p04279,b_2016,voice_b_2016,1790167644,Exclusive report exposing the truth that mainstream media ignores: http://sundarpur-truth.example/dam-leak-coverup-doc #SundarpurExposed,,,http://sundarpur-truth.example/dam-leak-coverup-doc,#SundarpurExposed,1788497511
p04283,b_2020,voice_b_2020,1790167644,See the official inspection report leaked online: http://sundarpur-truth.example/dam-leak-coverup-doc #SundarpurExposed,,,http://sundarpur-truth.example/dam-leak-coverup-doc,#SundarpurExposed,1788790246
p04265,b_2002,voice_b_2002,1790167646,Read the leaked documents before they get taken down: http://sundarpur-truth.example/dam-leak-coverup-doc #SundarpurExposed,,,http://sundarpur-truth.example/dam-leak-coverup-doc,#SundarpurExposed,1789064914
p04281,b_2018,voice_b_2018,1790167648,See the official inspection report leaked online: http://sundarpur-truth.example/dam-leak-coverup-doc #SundarpurExposed,,,http://sundarpur-truth.example/dam-leak-coverup-doc,#SundarpurExposed,1788636823
p04280,b_2017,voice_b_2017,1790167649,Important evidence documents available here: http://sundarpur-truth.example/dam-leak-coverup-doc #SundarpurExposed,,,http://sundarpur-truth.example/dam-leak-coverup-doc,#SundarpurExposed,1789129669
p04273,b_2010,voice_b_2010,1790167651,Exclusive report exposing the truth that mainstream media ignores: http://sundarpur-truth.example/dam-leak-coverup-doc #SundarpurExposed,,,http://sundarpur-truth.example/dam-leak-coverup-doc,#SundarpurExposed,1788741890
p00389,bg_0075,user_bg_0075,1790167691,Great community turnout for the Sundarpur cultural festival rehearsals.,,,,,1653106948
p03595,bg_0713,user_bg_0713,1790167783,Monsoon drainage repairs starting near Sundarpur east bus terminus.,,,,,1555507243
p01867,bg_0372,user_bg_0372,1790167848,Great community turnout for the Sundarpur cultural festival rehearsals.,,,,,1639634961
p03740,bg_0743,user_bg_0743,1790167866,Great community turnout for the Sundarpur cultural festival rehearsals.,,,,,1719415525
p01141,bg_0228,user_bg_0228,1790167873,Evening cricket practice match at Sundarpur town stadium was exciting.,,,http://sundarpurnews.example/local,#Sundarpur #Daily,1745139808
p02486,bg_0494,user_bg_0494,1790167899,Sundarpur central library renovation is finally completing this month.,,,,,1656795824
p02692,bg_0535,user_bg_0535,1790167937,Morning tea at Station Road in Sundarpur hits different during winters.,,,,,1572558290
p02449,bg_0487,user_bg_0487,1790167978,Sundarpur central library renovation is finally completing this month.,,,,,1612422304
p02820,bg_0562,user_bg_0562,1790167982,Local municipal council announced park cleanup drive this Sunday.,,,,#Sundarpur #Daily,1623382826
p00890,bg_0178,user_bg_0178,1790167988,Local municipal council announced park cleanup drive this Sunday.,,,,,1562428840
p03829,bg_0761,user_bg_0761,1790168033,Power cut announced for northern suburbs of Sundarpur tomorrow 10am-12pm.,,,,,1595923005
p03531,bg_0701,user_bg_0701,1790168041,Sundarpur central library renovation is finally completing this month.,,,,#Sundarpur #Daily,1559927207
p03257,bg_0647,user_bg_0647,1790168086,Morning tea at Station Road in Sundarpur hits different during winters.,,,,,1734398241
p01010,bg_0203,user_bg_0203,1790168134,Pleasant breezy weather across Sundarpur this afternoon.,,,,,1632055535
p02560,bg_0509,user_bg_0509,1790168150,Morning tea at Station Road in Sundarpur hits different during winters.,,,,,1563618158
p02636,bg_0524,user_bg_0524,1790168190,"Delicious street food near Gandhi circle, best kachori in Sundarpur!",,,,,1691934500
p01803,bg_0359,user_bg_0359,1790168222,Power cut announced for northern suburbs of Sundarpur tomorrow 10am-12pm.,,,,,1630556107
p02427,bg_0482,user_bg_0482,1790168244,"Delicious street food near Gandhi circle, best kachori in Sundarpur!",,,,,1647353882
p03485,bg_0692,user_bg_0692,1790168260,Sundarpur central library renovation is finally completing this month.,,,http://sundarpurnews.example/local,#Sundarpur #Daily,1607617763
p00413,bg_0080,user_bg_0080,1790168338,Power cut announced for northern suburbs of Sundarpur tomorrow 10am-12pm.,p00142,,,,1758509704
p03049,bg_0607,user_bg_0607,1790168359,Local municipal council announced park cleanup drive this Sunday.,,,,,1726774117
p02737,bg_0544,user_bg_0544,1790168433,"Delicious street food near Gandhi circle, best kachori in Sundarpur!",,,,,1646625355
p02319,bg_0461,user_bg_0461,1790168440,Heavy traffic near Sundarpur Clock Tower due to market rush today.,,,,,1744577426
p02346,bg_0466,user_bg_0466,1790168481,Monsoon drainage repairs starting near Sundarpur east bus terminus.,,,,,1751381725
p03807,bg_0757,user_bg_0757,1790168535,Monsoon drainage repairs starting near Sundarpur east bus terminus.,,,,,1581643633
p01942,bg_0387,user_bg_0387,1790168560,"Delicious street food near Gandhi circle, best kachori in Sundarpur!",,,,,1615557490
p01627,bg_0323,user_bg_0323,1790168604,Heavy traffic near Sundarpur Clock Tower due to market rush today.,,,,,1624554106
p00777,bg_0155,user_bg_0155,1790168652,Great community turnout for the Sundarpur cultural festival rehearsals.,,,,,1548225209
p01033,bg_0207,user_bg_0207,1790168673,Great community turnout for the Sundarpur cultural festival rehearsals.,,,,,1703943829
p02181,bg_0434,user_bg_0434,1790168676,@user_bg_0166 Agree with this point completely.,,p00836,,,1723552835
p03509,bg_0697,user_bg_0697,1790168676,Power cut announced for northern suburbs of Sundarpur tomorrow 10am-12pm.,,,,,1605861456
p03009,bg_0599,user_bg_0599,1790168699,Power cut announced for northern suburbs of Sundarpur tomorrow 10am-12pm.,p00668,,,,1570836171
p01903,bg_0379,user_bg_0379,1790168734,Heavy traffic near Sundarpur Clock Tower due to market rush today.,,,,,1755129315
p03537,bg_0703,user_bg_0703,1790168766,Monsoon drainage repairs starting near Sundarpur east bus terminus.,,,,#Sundarpur #Daily,1633552235
p02587,bg_0514,user_bg_0514,1790168803,Sundarpur central library renovation is finally completing this month.,,,,#Sundarpur #Daily,1638401750
p03444,bg_0684,user_bg_0684,1790168867,Pleasant breezy weather across Sundarpur this afternoon.,,,,,1606380199
p01755,bg_0349,user_bg_0349,1790168885,Morning tea at Station Road in Sundarpur hits different during winters.,,,,,1672735756
p01012,bg_0204,user_bg_0204,1790168918,Monsoon drainage repairs starting near Sundarpur east bus terminus.,,,,,1670316673
p03125,bg_0622,user_bg_0622,1790169005,Heavy traffic near Sundarpur Clock Tower due to market rush today.,,,,,1745511093
p01817,bg_0362,user_bg_0362,1790169065,Great community turnout for the Sundarpur cultural festival rehearsals.,,,,,1574052456
p02366,bg_0470,user_bg_0470,1790169090,Sundarpur central library renovation is finally completing this month.,,,,,1602170058
p01593,bg_0316,user_bg_0316,1790169167,@user_bg_0262 Agree with this point completely.,,p01316,,,1538526808
p03986,bg_0793,user_bg_0793,1790169182,Sundarpur central library renovation is finally completing this month.,,,,,1603006550
p01526,bg_0303,user_bg_0303,1790169236,Heavy traffic near Sundarpur Clock Tower due to market rush today.,,,,,1551937760
p02037,bg_0406,user_bg_0406,1790169274,Pleasant breezy weather across Sundarpur this afternoon.,,,,,1651642654
p01001,bg_0201,user_bg_0201,1790169287,Heavy traffic near Sundarpur Clock Tower due to market rush today.,p00496,,http://sundarpurnews.example/local,#Sundarpur #Daily,1743870004
p00950,bg_0190,user_bg_0190,1790169366,Pleasant breezy weather across Sundarpur this afternoon.,,,,,1743052464
p00142,bg_0027,user_bg_0027,1790169414,Morning tea at Station Road in Sundarpur hits different during winters.,,,,,1539800200
p01569,bg_0312,user_bg_0312,1790169467,Power cut announced for northern suburbs of Sundarpur tomorrow 10am-12pm.,,,,#Sundarpur #Daily,1586758204
p03000,bg_0598,user_bg_0598,1790169494,Sundarpur central library renovation is finally completing this month.,,,,,1567794353
p03535,bg_0702,user_bg_0702,1790169531,Local municipal council announced park cleanup drive this Sunday.,,,,,1715457845
p03546,bg_0704,user_bg_0704,1790169561,"Delicious street food near Gandhi circle, best kachori in Sundarpur!",,,,,1740497700
p01648,bg_0328,user_bg_0328,1790169721,Pleasant breezy weather across Sundarpur this afternoon.,,,,,1729721644
p00996,bg_0200,user_bg_0200,1790169875,Evening cricket practice match at Sundarpur town stadium was exciting.,,,http://sundarpurnews.example/local,,1606556704
p00899,bg_0180,user_bg_0180,1790169931,Power cut announced for northern suburbs of Sundarpur tomorrow 10am-12pm.,,,,#Sundarpur #Daily,1665047929
p02316,bg_0460,user_bg_0460,1790169984,Heavy traffic near Sundarpur Clock Tower due to market rush today.,,,,#Sundarpur #Daily,1730256785
p03987,bg_0793,user_bg_0793,1790170059,Morning tea at Station Road in Sundarpur hits different during winters.,,,,,1603006550
p03408,bg_0676,user_bg_0676,1790170078,Monsoon drainage repairs starting near Sundarpur east bus terminus.,p01626,,,#Sundarpur #Daily,1644722130
p02779,bg_0553,user_bg_0553,1790170187,Monsoon drainage repairs starting near Sundarpur east bus terminus.,,,,,1748414828
p02437,bg_0485,user_bg_0485,1790170211,"Delicious street food near Gandhi circle, best kachori in Sundarpur!",,,http://sundarpurnews.example/local,,1758344600
p03429,bg_0680,user_bg_0680,1790170222,Great community turnout for the Sundarpur cultural festival rehearsals.,,,,,1643655525
p00491,bg_0098,user_bg_0098,1790170252,Local municipal council announced park cleanup drive this Sunday.,,,,,1715868493
p03242,bg_0644,user_bg_0644,1790170295,Evening cricket practice match at Sundarpur town stadium was exciting.,,,http://sundarpurnews.example/local,,1740762913
p01430,bg_0285,user_bg_0285,1790170327,"Delicious street food near Gandhi circle, best kachori in Sundarpur!",,,http://sundarpurnews.example/local,,1599402772
p02968,bg_0591,user_bg_0591,1790170338,Local municipal council announced park cleanup drive this Sunday.,,,http://sundarpurnews.example/local,#Sundarpur #Daily,1744734092
p02842,bg_0566,user_bg_0566,1790170363,Sundarpur central library renovation is finally completing this month.,,,,,1668808236
p02510,bg_0499,user_bg_0499,1790170432,Heavy traffic near Sundarpur Clock Tower due to market rush today.,,,,,1563687392
p02689,bg_0534,user_bg_0534,1790170538,Great community turnout for the Sundarpur cultural festival rehearsals.,,,,,1602837869
p03294,bg_0654,user_bg_0654,1790170578,Heavy traffic near Sundarpur Clock Tower due to market rush today.,,,,,1669980471
p00794,bg_0159,user_bg_0159,1790170630,"Delicious street food near Gandhi circle, best kachori in Sundarpur!",,,,#Sundarpur #Daily,1573663067
p01587,bg_0315,user_bg_0315,1790170732,Pleasant breezy weather across Sundarpur this afternoon.,,,http://sundarpurnews.example/local,,1593251128
p03752,bg_0745,user_bg_0745,1790170741,Sundarpur central library renovation is finally completing this month.,,,,,1572193225
p00171,bg_0033,user_bg_0033,1790170753,Power cut announced for northern suburbs of Sundarpur tomorrow 10am-12pm.,,,,,1660340229
p01461,bg_0290,user_bg_0290,1790170756,Pleasant breezy weather across Sundarpur this afternoon.,,,,#Sundarpur #Daily,1603007755
p01450,bg_0288,user_bg_0288,1790170761,Monsoon drainage repairs starting near Sundarpur east bus terminus.,,,,,1587268549
p03340,bg_0663,user_bg_0663,1790170794,Heavy traffic near Sundarpur Clock Tower due to market rush today.,,,,,1736202422
p00805,bg_0160,user_bg_0160,1790170841,"Delicious street food near Gandhi circle, best kachori in Sundarpur!",,,,#Sundarpur #Daily,1666355572
p03093,bg_0615,user_bg_0615,1790170910,"Delicious street food near Gandhi circle, best kachori in Sundarpur!",,,http://sundarpurnews.example/local,,1749872405
p01828,bg_0364,user_bg_0364,1790170931,Great community turnout for the Sundarpur cultural festival rehearsals.,,,,,1568241772
p00300,bg_0058,user_bg_0058,1790170947,Morning tea at Station Road in Sundarpur hits different during winters.,,,,,1584001515
p00521,bg_0103,user_bg_0103,1790171013,Monsoon drainage repairs starting near Sundarpur east bus terminus.,p00065,,,,1680672142
p00738,bg_0146,user_bg_0146,1790171034,Pleasant breezy weather across Sundarpur this afternoon.,,,,,1551997693
p03362,bg_0667,user_bg_0667,1790171106,"Delicious street food near Gandhi circle, best kachori in Sundarpur!",,,,,1580389838
p03627,bg_0720,user_bg_0720,1790171216,Local municipal council announced park cleanup drive this Sunday.,,,,,1649352541
p02447,bg_0487,user_bg_0487,1790171239,"Delicious street food near Gandhi circle, best kachori in Sundarpur!",,,,,1612422304
p02150,bg_0428,user_bg_0428,1790171245,Evening cricket practice match at Sundarpur town stadium was exciting.,,,,,1573757856
p01018,bg_0205,user_bg_0205,1790171252,Pleasant breezy weather across Sundarpur this afternoon.,,,,,1633570185
p03835,bg_0762,user_bg_0762,1790171294,Morning tea at Station Road in Sundarpur hits different during winters.,,,,,1647914665
p01985,bg_0395,user_bg_0395,1790171307,Morning tea at Station Road in Sundarpur hits different during winters.,,,,,1669728617
p02550,bg_0506,user_bg_0506,1790171311,Pleasant breezy weather across Sundarpur this afternoon.,,,,,1661976859
p02277,bg_0452,user_bg_0452,1790171326,Local municipal council announced park cleanup drive this Sunday.,,,,,1737544147
p02106,bg_0419,user_bg_0419,1790171350,Sundarpur central library renovation is finally completing this month.,,,,,1584604110
p02823,bg_0562,user_bg_0562,1790171378,Evening cricket practice match at Sundarpur town stadium was exciting.,,,,,1623382826
p00873,bg_0174,user_bg_0174,1790171451,Heavy traffic near Sundarpur Clock Tower due to market rush today.,,,,,1702847033
p01788,bg_0356,user_bg_0356,1790171490,Great community turnout for the Sundarpur cultural festival rehearsals.,,,,#Sundarpur #Daily,1637904858
p02871,bg_0571,user_bg_0571,1790171506,"Delicious street food near Gandhi circle, best kachori in Sundarpur!",,,,,1636425014
p01974,bg_0394,user_bg_0394,1790171520,Monsoon drainage repairs starting near Sundarpur east bus terminus.,,,,,1662826589
p01530,bg_0304,user_bg_0304,1790171550,Morning tea at Station Road in Sundarpur hits different during winters.,,,,,1554922657
p00613,bg_0122,user_bg_0122,1790171553,Monsoon drainage repairs starting near Sundarpur east bus terminus.,,,,#Sundarpur #Daily,1690891331
p01882,bg_0374,user_bg_0374,1790171664,Evening cricket practice match at Sundarpur town stadium was exciting.,,,,,1694386304
p03394,bg_0673,user_bg_0673,1790171665,Monsoon drainage repairs starting near Sundarpur east bus terminus.,,,,,1607763750
p01225,bg_0244,user_bg_0244,1790171710,Morning tea at Station Road in Sundarpur hits different during winters.,,,,,1616255552
p01780,bg_0354,user_bg_0354,1790171728,Monsoon drainage repairs starting near Sundarpur east bus terminus.,,,,,1627544238
p01872,bg_0373,user_bg_0373,1790171782,Monsoon drainage repairs starting near Sundarpur east bus terminus.,,,,,1583773000
p02675,bg_0531,user_bg_0531,1790171834,Morning tea at Station Road in Sundarpur hits different during winters.,,,http://sundarpurnews.example/local,,1745574147
p03667,bg_0728,user_bg_0728,1790171860,Heavy traffic near Sundarpur Clock Tower due to market rush today.,,,,#Sundarpur #Daily,1625603028
p03384,bg_0671,user_bg_0671,1790171882,Sundarpur central library renovation is finally completing this month.,,,,,1747639172
p00035,bg_0007,user_bg_0007,1790171941,Morning tea at Station Road in Sundarpur hits different during winters.,,,,,1748075480
p00658,bg_0131,user_bg_0131,1790171971,Sundarpur central library renovation is finally completing this month.,,,,,1725630182
p01118,bg_0224,user_bg_0224,1790171979,Evening cricket practice match at Sundarpur town stadium was exciting.,,,,#Sundarpur #Daily,1568913004
p03410,bg_0677,user_bg_0677,1790171988,Monsoon drainage repairs starting near Sundarpur east bus terminus.,,,http://sundarpurnews.example/local,,1706167809
p02994,bg_0596,user_bg_0596,1790172022,Power cut announced for northern suburbs of Sundarpur tomorrow 10am-12pm.,,,,,1611660621
p02812,bg_0560,user_bg_0560,1790172028,Evening cricket practice match at Sundarpur town stadium was exciting.,,,,,1698492546
p01067,bg_0214,user_bg_0214,1790172054,Local municipal council announced park cleanup drive this Sunday.,,,,,1745014494
p02792,bg_0556,user_bg_0556,1790172089,Evening cricket practice match at Sundarpur town stadium was exciting.,,,,,1626036450
p00946,bg_0189,user_bg_0189,1790172167,Power cut announced for northern suburbs of Sundarpur tomorrow 10am-12pm.,,,,,1608822665
p03604,bg_0715,user_bg_0715,1790172211,Morning tea at Station Road in Sundarpur hits different during winters.,,,,,1538710022
p01426,bg_0284,user_bg_0284,1790172269,Pleasant breezy weather across Sundarpur this afternoon.,,,,,1702419816
p02719,bg_0540,user_bg_0540,1790172307,Local municipal council announced park cleanup drive this Sunday.,,,,,1638935291
p03698,bg_0734,user_bg_0734,1790172318,Power cut announced for northern suburbs of Sundarpur tomorrow 10am-12pm.,,,,,1703587832
p03814,bg_0758,user_bg_0758,1790172433,Heavy traffic near Sundarpur Clock Tower due to market rush today.,,,,,1633333447
p02814,bg_0560,user_bg_0560,1790172447,@user_bg_0162 Agree with this point completely.,,p00814,http://sundarpurnews.example/local,,1698492546
p01504,bg_0298,user_bg_0298,1790172464,@user_bg_0268 Agree with this point completely.,,p01345,,,1611863824
p00403,bg_0078,user_bg_0078,1790172472,Morning tea at Station Road in Sundarpur hits different during winters.,,,,,1626346774
p02387,bg_0474,user_bg_0474,1790172508,Heavy traffic near Sundarpur Clock Tower due to market rush today.,,,,,1592329607
p02546,bg_0506,user_bg_0506,1790172618,Evening cricket practice match at Sundarpur town stadium was exciting.,,,,#Sundarpur #Daily,1661976859
p03688,bg_0732,user_bg_0732,1790172621,Morning tea at Station Road in Sundarpur hits different during winters.,,,,#Sundarpur #Daily,1557888548
p02170,bg_0432,user_bg_0432,1790172676,Heavy traffic near Sundarpur Clock Tower due to market rush today.,,,,,1557459799
p01191,bg_0238,user_bg_0238,1790172702,Power cut announced for northern suburbs of Sundarpur tomorrow 10am-12pm.,,,,,1629838131
p01265,bg_0252,user_bg_0252,1790172722,Heavy traffic near Sundarpur Clock Tower due to market rush today.,,,,,1684356346
p01597,bg_0317,user_bg_0317,1790172802,Sundarpur central library renovation is finally completing this month.,,,http://sundarpurnews.example/local,,1749151645
p01827,bg_0364,user_bg_0364,1790172830,Evening cricket practice match at Sundarpur town stadium was exciting.,,,,#Sundarpur #Daily,1568241772
p01878,bg_0374,user_bg_0374,1790172841,Monsoon drainage repairs starting near Sundarpur east bus terminus.,,,,,1694386304
p03461,bg_0687,user_bg_0687,1790172941,Morning tea at Station Road in Sundarpur hits different during winters.,,,http://sundarpurnews.example/local,,1606512786
p01642,bg_0326,user_bg_0326,1790172956,Power cut announced for northern suburbs of Sundarpur tomorrow 10am-12pm.,,,,#Sundarpur #Daily,1624547671
p03130,bg_0623,user_bg_0623,1790172968,Heavy traffic near Sundarpur Clock Tower due to market rush today.,,,,,1584350420
p01273,bg_0254,user_bg_0254,1790173025,Monsoon drainage repairs starting near Sundarpur east bus terminus.,,,,,1644703346
p01186,bg_0237,user_bg_0237,1790173031,Monsoon drainage repairs starting near Sundarpur east bus terminus.,,,,#Sundarpur #Daily,1568117825
p03608,bg_0715,user_bg_0715,1790173042,Heavy traffic near Sundarpur Clock Tower due to market rush today.,,,,,1538710022
p02644,bg_0525,user_bg_0525,1790173058,Pleasant breezy weather across Sundarpur this afternoon.,,,,,1556305396
p03800,bg_0756,user_bg_0756,1790173087,Power cut announced for northern suburbs of Sundarpur tomorrow 10am-12pm.,,,,,1570195761
p01713,bg_0341,user_bg_0341,1790173105,Local municipal council announced park cleanup drive this Sunday.,,,,,1699326615
p01434,bg_0285,user_bg_0285,1790173110,Monsoon drainage repairs starting near Sundarpur east bus terminus.,,,,#Sundarpur #Daily,1599402772
p03936,bg_0783,user_bg_0783,1790173115,"Delicious street food near Gandhi circle, best kachori in Sundarpur!",,,http://sundarpurnews.example/local,,1722248794
p01665,bg_0331,user_bg_0331,1790173116,Monsoon drainage repairs starting near Sundarpur east bus terminus.,,,,,1679374015
p03651,bg_0725,user_bg_0725,1790173139,Monsoon drainage repairs starting near Sundarpur east bus terminus.,,,,#Sundarpur #Daily,1708488591
p01683,bg_0335,user_bg_0335,1790173182,"Delicious street food near Gandhi circle, best kachori in Sundarpur!",,,,#Sundarpur #Daily,1751514239
p03953,bg_0786,user_bg_0786,1790173252,Local municipal council announced park cleanup drive this Sunday.,,,,#Sundarpur #Daily,1704603518
p03744,bg_0744,user_bg_0744,1790173266,Sundarpur central library renovation is finally completing this month.,,,,,1548802183
p01771,bg_0353,user_bg_0353,1790173364,Great community turnout for the Sundarpur cultural festival rehearsals.,,,,,1570135348
p02528,bg_0503,user_bg_0503,1790173377,Power cut announced for northern suburbs of Sundarpur tomorrow 10am-12pm.,,,,,1717130496
p00152,bg_0029,user_bg_0029,1790173383,Sundarpur central library renovation is finally completing this month.,,,,,1734072406
p01510,bg_0299,user_bg_0299,1790173406,Local municipal council announced park cleanup drive this Sunday.,,,,,1641603121
p01483,bg_0294,user_bg_0294,1790173442,"Delicious street food near Gandhi circle, best kachori in Sundarpur!",p01052,,,#Sundarpur #Daily,1730110136
p00015,bg_0003,user_bg_0003,1790173500,Monsoon drainage repairs starting near Sundarpur east bus terminus.,,,,,1679652689
p03150,bg_0627,user_bg_0627,1790173515,Sundarpur central library renovation is finally completing this month.,,,,,1627433204
p01421,bg_0283,user_bg_0283,1790173518,Power cut announced for northern suburbs of Sundarpur tomorrow 10am-12pm.,,,,,1564780846
p01919,bg_0382,user_bg_0382,1790173569,Power cut announced for northern suburbs of Sundarpur tomorrow 10am-12pm.,,,,,1585790368
p03944,bg_0784,user_bg_0784,1790173582,Evening cricket practice match at Sundarpur town stadium was exciting.,,,,,1668082656
p02410,bg_0479,user_bg_0479,1790173589,Local municipal council announced park cleanup drive this Sunday.,,,,#Sundarpur #Daily,1656704488
p02378,bg_0472,user_bg_0472,1790173692,Heavy traffic near Sundarpur Clock Tower due to market rush today.,,,,#Sundarpur #Daily,1604463202
p00095,bg_0018,user_bg_0018,1790173728,Heavy traffic near Sundarpur Clock Tower due to market rush today.,,,,,1682529718
p03543,bg_0704,user_bg_0704,1790173895,Sundarpur central library renovation is finally completing this month.,,,,,1740497700
p00780,bg_0156,user_bg_0156,1790174003,Great community turnout for the Sundarpur cultural festival rehearsals.,,,,,1539504345
p02017,bg_0402,user_bg_0402,1790174050,Local municipal council announced park cleanup drive this Sunday.,,,http://sundarpurnews.example/local,#Sundarpur #Daily,1547479493
p02920,bg_0582,user_bg_0582,1790174075,"Delicious street food near Gandhi circle, best kachori in Sundarpur!",,,,,1755826977
p03504,bg_0696,user_bg_0696,1790174076,Heavy traffic near Sundarpur Clock Tower due to market rush today.,,,http://sundarpurnews.example/local,,1728462619
p02884,bg_0574,user_bg_0574,1790174086,Great community turnout for the Sundarpur cultural festival rehearsals.,,,http://sundarpurnews.example/local,,1596989199
p00503,bg_0100,user_bg_0100,1790174096,Pleasant breezy weather across Sundarpur this afternoon.,,,,,1639029157
p01085,bg_0217,user_bg_0217,1790174103,Great community turnout for the Sundarpur cultural festival rehearsals.,,,,,1650633831
p01527,bg_0303,user_bg_0303,1790174159,Local municipal council announced park cleanup drive this Sunday.,,,,,1551937760
p00348,bg_0067,user_bg_0067,1790174207,Local municipal council announced park cleanup drive this Sunday.,,,,,1718152781
p00461,bg_0091,user_bg_0091,1790174250,Power cut announced for northern suburbs of Sundarpur tomorrow 10am-12pm.,,,,,1664929163
p01294,bg_0258,user_bg_0258,1790174287,Sundarpur central library renovation is finally completing this month.,,,,,1728660396
p00618,bg_0123,user_bg_0123,1790174377,Great community turnout for the Sundarpur cultural festival rehearsals.,,,,,1568928400
p01933,bg_0385,user_bg_0385,1790174391,"Delicious street food near Gandhi circle, best kachori in Sundarpur!",,,http://sundarpurnews.example/local,,1752568196
p01612,bg_0319,user_bg_0319,1790174392,Local municipal council announced park cleanup drive this Sunday.,,,,,1749024603
p02957,bg_0589,user_bg_0589,1790174507,@user_bg_0294 Agree with this point completely.,,p01479,,,1710302345
p03316,bg_0658,user_bg_0658,1790174518,Monsoon drainage repairs starting near Sundarpur east bus terminus.,,,http://sundarpurnews.example/local,,1550336037
p02067,bg_0412,user_bg_0412,1790174523,Evening cricket practice match at Sundarpur town stadium was exciting.,,,,#Sundarpur #Daily,1754359243
p03732,bg_0741,user_bg_0741,1790174536,Pleasant breezy weather across Sundarpur this afternoon.,,,http://sundarpurnews.example/local,,1577351718
p00813,bg_0162,user_bg_0162,1790174549,Heavy traffic near Sundarpur Clock Tower due to market rush today.,,,,,1664739076
p03492,bg_0694,user_bg_0694,1790174553,Morning tea at Station Road in Sundarpur hits different during winters.,,,,#Sundarpur #Daily,1704666163
p00289,bg_0056,user_bg_0056,1790174598,Evening cricket practice match at Sundarpur town stadium was exciting.,,,,,1630587946
p00566,bg_0112,user_bg_0112,1790174658,Heavy traffic near Sundarpur Clock Tower due to market rush today.,p00536,,,,1554761953
p03494,bg_0694,user_bg_0694,1790174708,@user_bg_0304 Agree with this point completely.,,p01530,,,1704666163
p00458,bg_0091,user_bg_0091,1790174737,Morning tea at Station Road in Sundarpur hits different during winters.,,,,#Sundarpur #Daily,1664929163
p00490,bg_0098,user_bg_0098,1790174779,Pleasant breezy weather across Sundarpur this afternoon.,,,,,1715868493
p00800,bg_0160,user_bg_0160,1790174791,Sundarpur central library renovation is finally completing this month.,,,,,1666355572
p01364,bg_0272,user_bg_0272,1790174847,Local municipal council announced park cleanup drive this Sunday.,,,,,1756717170
p01545,bg_0307,user_bg_0307,1790174857,"Delicious street food near Gandhi circle, best kachori in Sundarpur!",,,http://sundarpurnews.example/local,,1620678121
p00151,bg_0029,user_bg_0029,1790174862,Local municipal council announced park cleanup drive this Sunday.,,,,,1734072406
p02632,bg_0523,user_bg_0523,1790174991,"Delicious street food near Gandhi circle, best kachori in Sundarpur!",,,,,1597510176
p01086,bg_0218,user_bg_0218,1790174998,"Delicious street food near Gandhi circle, best kachori in Sundarpur!",,,,,1679723901
p01548,bg_0307,user_bg_0307,1790175025,Evening cricket practice match at Sundarpur town stadium was exciting.,,,,,1620678121
p02976,bg_0593,user_bg_0593,1790175055,Sundarpur central library renovation is finally completing this month.,,,,,1553624623
p00437,bg_0085,user_bg_0085,1790175072,Local municipal council announced park cleanup drive this Sunday.,,,,,1673487964
p03524,bg_0700,user_bg_0700,1790175080,Morning tea at Station Road in Sundarpur hits different during winters.,,,,,1551144808
p03709,bg_0737,user_bg_0737,1790175114,Morning tea at Station Road in Sundarpur hits different during winters.,,,,#Sundarpur #Daily,1601929976
p03347,bg_0665,user_bg_0665,1790175121,"Delicious street food near Gandhi circle, best kachori in Sundarpur!",,,,,1577069012
p02808,bg_0559,user_bg_0559,1790175193,Power cut announced for northern suburbs of Sundarpur tomorrow 10am-12pm.,,,,,1558352400
p02143,bg_0427,user_bg_0427,1790175201,Heavy traffic near Sundarpur Clock Tower due to market rush today.,,,,,1539782381
p03690,bg_0733,user_bg_0733,1790175211,Monsoon drainage repairs starting near Sundarpur east bus terminus.,,,,,1728630095
p01305,bg_0260,user_bg_0260,1790175213,Heavy traffic near Sundarpur Clock Tower due to market rush today.,,,,,1539537533
p03669,bg_0728,user_bg_0728,1790175232,Local municipal council announced park cleanup drive this Sunday.,,,,,1625603028
p02187,bg_0435,user_bg_0435,1790175233,Great community turnout for the Sundarpur cultural festival rehearsals.,,,http://sundarpurnews.example/local,,1683989087
p03025,bg_0602,user_bg_0602,1790175293,Pleasant breezy weather across Sundarpur this afternoon.,,,,#Sundarpur #Daily,1654277196
p00670,bg_0133,user_bg_0133,1790175319,"Delicious street food near Gandhi circle, best kachori in Sundarpur!",,,,,1586817492
p02585,bg_0514,user_bg_0514,1790175376,Pleasant breezy weather across Sundarpur this afternoon.,p00639,,,,1638401750
p03264,bg_0648,user_bg_0648,1790175450,Pleasant breezy weather across Sundarpur this afternoon.,,,,,1685413658
p00987,bg_0199,user_bg_0199,1790175519,Local municipal council announced park cleanup drive this Sunday.,,,,,1563100210
p03781,bg_0751,user_bg_0751,1790175636,Power cut announced for northern suburbs of Sundarpur tomorrow 10am-12pm.,,,,,1668267538
p00322,bg_0062,user_bg_0062,1790175680,Great community turnout for the Sundarpur cultural festival rehearsals.,,,,,1547623526
p02771,bg_0551,user_bg_0551,1790175698,Pleasant breezy weather across Sundarpur this afternoon.,p02010,,,,1723151753
p00644,bg_0128,user_bg_0128,1790175730,Local municipal council announced park cleanup drive this Sunday.,,,,,1563871233
p01777,bg_0354,user_bg_0354,1790175757,Sundarpur central library renovation is finally completing this month.,,,,,1627544238
p01491,bg_0296,user_bg_0296,1790175763,Power cut announced for northern suburbs of Sundarpur tomorrow 10am-12pm.,,,,,1623148828
p01061,bg_0212,user_bg_0212,1790175764,Morning tea at Station Road in Sundarpur hits different during winters.,,,,,1664276066
p03641,bg_0723,user_bg_0723,1790175796,Great community turnout for the Sundarpur cultural festival rehearsals.,,,,,1558328559
p01904,bg_0379,user_bg_0379,1790175866,"Delicious street food near Gandhi circle, best kachori in Sundarpur!",,,,,1755129315
p00979,bg_0197,user_bg_0197,1790175894,Sundarpur central library renovation is finally completing this month.,,,,,1565591122
p03609,bg_0716,user_bg_0716,1790175894,Local municipal council announced park cleanup drive this Sunday.,,,,,1561615441
p00445,bg_0087,user_bg_0087,1790175956,Evening cricket practice match at Sundarpur town stadium was exciting.,,,,,1586677071
p03615,bg_0717,user_bg_0717,1790175960,"Delicious street food near Gandhi circle, best kachori in Sundarpur!",,,,#Sundarpur #Daily,1543208623
p00732,bg_0145,user_bg_0145,1790175982,Heavy traffic near Sundarpur Clock Tower due to market rush today.,,,,,1738392972
p03442,bg_0683,user_bg_0683,1790176006,Great community turnout for the Sundarpur cultural festival rehearsals.,,,,,1579835354
p03341,bg_0664,user_bg_0664,1790176030,Local municipal council announced park cleanup drive this Sunday.,,,,,1600021053
p02515,bg_0500,user_bg_0500,1790176051,Heavy traffic near Sundarpur Clock Tower due to market rush today.,p00354,,,,1563220676
p02477,bg_0493,user_bg_0493,1790176081,Local municipal council announced park cleanup drive this Sunday.,,,,,1564307572
p02440,bg_0485,user_bg_0485,1790176090,Monsoon drainage repairs starting near Sundarpur east bus terminus.,,,,,1758344600
p00109,bg_0021,user_bg_0021,1790176197,Monsoon drainage repairs starting near Sundarpur east bus terminus.,,,,,1631641082
p01879,bg_0374,user_bg_0374,1790176212,Great community turnout for the Sundarpur cultural festival rehearsals.,,,,,1694386304
p02076,bg_0413,user_bg_0413,1790176325,Great community turnout for the Sundarpur cultural festival rehearsals.,,,,,1658095924
p01708,bg_0339,user_bg_0339,1790176368,Heavy traffic near Sundarpur Clock Tower due to market rush today.,,,,,1681596152
p01319,bg_0263,user_bg_0263,1790176424,Great community turnout for the Sundarpur cultural festival rehearsals.,,,,,1688207313
p01765,bg_0351,user_bg_0351,1790176484,Sundarpur central library renovation is finally completing this month.,,,,,1715910177
p03777,bg_0750,user_bg_0750,1790176511,Monsoon drainage repairs starting near Sundarpur east bus terminus.,,,,,1683885987
p01819,bg_0363,user_bg_0363,1790176513,Sundarpur central library renovation is finally completing this month.,,,,,1663126328
p01790,bg_0356,user_bg_0356,1790176517,Power cut announced for northern suburbs of Sundarpur tomorrow 10am-12pm.,,,,#Sundarpur #Daily,1637904858
p03784,bg_0752,user_bg_0752,1790176566,Monsoon drainage repairs starting near Sundarpur east bus terminus.,,,,#Sundarpur #Daily,1642584526
p00328,bg_0063,user_bg_0063,1790176645,@user_bg_0022 Agree with this point completely.,,p00114,,,1622487619
p01952,bg_0389,user_bg_0389,1790176664,Monsoon drainage repairs starting near Sundarpur east bus terminus.,,,http://sundarpurnews.example/local,#Sundarpur #Daily,1628115631
p02433,bg_0484,user_bg_0484,1790176676,Pleasant breezy weather across Sundarpur this afternoon.,,,,,1615679449
p00180,bg_0035,user_bg_0035,1790176689,Monsoon drainage repairs starting near Sundarpur east bus terminus.,,,,,1627668166
p02178,bg_0433,user_bg_0433,1790176757,Power cut announced for northern suburbs of Sundarpur tomorrow 10am-12pm.,,,http://sundarpurnews.example/local,,1737429505
p01065,bg_0213,user_bg_0213,1790176847,Sundarpur central library renovation is finally completing this month.,,,,,1720465340
p01807,bg_0360,user_bg_0360,1790176847,Morning tea at Station Road in Sundarpur hits different during winters.,,,,,1595932852
p01770,bg_0352,user_bg_0352,1790176853,Great community turnout for the Sundarpur cultural festival rehearsals.,,,,,1744134308
p03024,bg_0602,user_bg_0602,1790176860,Local municipal council announced park cleanup drive this Sunday.,,,,,1654277196
p02725,bg_0541,user_bg_0541,1790176883,"Delicious street food near Gandhi circle, best kachori in Sundarpur!",,,,#Sundarpur #Daily,1618029975
p03033,bg_0604,user_bg_0604,1790176921,Power cut announced for northern suburbs of Sundarpur tomorrow 10am-12pm.,,,,,1732011249
p00527,bg_0104,user_bg_0104,1790177060,Heavy traffic near Sundarpur Clock Tower due to market rush today.,p00404,,,,1733630719
p02293,bg_0455,user_bg_0455,1790177062,Sundarpur central library renovation is finally completing this month.,,,,,1603273099
p00013,bg_0002,user_bg_0002,1790177074,Local municipal council announced park cleanup drive this Sunday.,,,,,1661349698
p02018,bg_0402,user_bg_0402,1790177083,Local municipal council announced park cleanup drive this Sunday.,,,,#Sundarpur #Daily,1547479493
p02576,bg_0512,user_bg_0512,1790177128,Evening cricket practice match at Sundarpur town stadium was exciting.,,,,,1710315550
p01784,bg_0355,user_bg_0355,1790177142,Sundarpur central library renovation is finally completing this month.,,,,,1579668074
p02461,bg_0490,user_bg_0490,1790177182,"Delicious street food near Gandhi circle, best kachori in Sundarpur!",,,,,1582343573
p03030,bg_0603,user_bg_0603,1790177192,"Delicious street food near Gandhi circle, best kachori in Sundarpur!",,,,,1717970985
p04064,a_1001,alert_a_1001,1790177200,Urgent alert for Sundarpur east: Dam floodgates opening tonight without public notice! East side will submerge. Assemble at District Collector office 7 PM! #SundarpurAlert,,,,#SundarpurAlert,1789253407
p04073,a_1010,alert_a_1010,1790177201,Urgent alert for Sundarpur east: Dam floodgates opening tonight without public notice! East side will submerge. Assemble at District Collector office 7 PM! #SundarpurAlert,,,,#SundarpurAlert,1789492409
p04091,a_1028,alert_a_1028,1790177201,Urgent alert for Sundarpur east: Dam floodgates opening tonight without public notice!! East side will submerge. Assemble at District Collector office 7 PM!! #SundarpurAlert,,,,#SundarpurAlert,1789835701
p03734,bg_0742,user_bg_0742,1790177202,Morning tea at Station Road in Sundarpur hits different during winters.,,,,,1636577149
p04068,a_1005,alert_a_1005,1790177202,Urgent alert for Sundarpur east: Dam floodgates opening tonight without public notice! East side will submerge. Assemble at District Collector office 7 PM! #SundarpurAlert,,,,#SundarpurAlert,1789576053
p04098,a_1035,alert_a_1035,1790177202,Urgent alert for Sundarpur east: Dam floodgates opening tonight without public notice! East side will submerge. Assemble at District Collector office 7 PM! #SundarpurAlert,,,,#SundarpurAlert,1789849815
p04065,a_1002,alert_a_1002,1790177204,Urgent alert for Sundarpur east: Dam floodgates opening tonight without public notice! East side will submerge. Assemble at District Collector office 7 PM! #SundarpurAlert,,,,#SundarpurAlert,1789940824
p04072,a_1009,alert_a_1009,1790177204,Urgent alert for Sundarpur east: Dam floodgates opening tonight without public notice!! East side will submerge. Assemble at District Collector office 7 PM!! #SundarpurAlert,,,,#SundarpurAlert,1789446223
p04087,a_1024,alert_a_1024,1790177204,Urgent alert for Sundarpur east: Dam floodgates opening tonight without public notice! East side will submerge. Assemble at District Collector office 7 PM! #SundarpurAlert,,,,#SundarpurAlert,1789437127
p04093,a_1030,alert_a_1030,1790177204,Urgent alert for Sundarpur east: Dam floodgates opening tonight without public notice! East side will submerge. Assemble at District Collector office 7 PM! #SundarpurAlert,,,,#SundarpurAlert,1789353536
p04071,a_1008,alert_a_1008,1790177205,Urgent alert for Sundarpur east: Dam floodgates opening tonight without public notice! East side will submerge. Assemble at District Collector office 7 PM! #SundarpurAlert,,,,#SundarpurAlert,1789243440
p04082,a_1019,alert_a_1019,1790177205,Urgent alert for Sundarpur east: Dam floodgates opening tonight without public notice!! East side will submerge. Assemble at District Collector office 7 PM!! #SundarpurAlert,,,,#SundarpurAlert,1789403053
p04085,a_1022,alert_a_1022,1790177205,Urgent alert for Sundarpur east: Dam floodgates opening tonight without public notice! East side will submerge. Assemble at District Collector office 7 PM! #SundarpurAlert,,,,#SundarpurAlert,1789694757
p04078,a_1015,alert_a_1015,1790177206,Urgent alert for Sundarpur east: Dam floodgates opening tonight without public notice! East side will submerge. Assemble at District Collector office 7 PM! #SundarpurAlert,,,,#SundarpurAlert,1789357555
p04074,a_1011,alert_a_1011,1790177207,Urgent alert for Sundarpur east: Dam floodgates opening tonight without public notice! East side will submerge. Assemble at District Collector office 7 PM! #SundarpurAlert,,,,#SundarpurAlert,1789532765
p04088,a_1025,alert_a_1025,1790177207,Urgent alert for Sundarpur east: Dam floodgates opening tonight without public notice!! East side will submerge. Assemble at District Collector office 7 PM!! #SundarpurAlert,,,,#SundarpurAlert,1789935099
p04101,a_1038,alert_a_1038,1790177207,Urgent alert for Sundarpur east: Dam floodgates opening tonight without public notice! East side will submerge. Assemble at District Collector office 7 PM! #SundarpurAlert,,,,#SundarpurAlert,1789609353
p04102,a_1039,alert_a_1039,1790177208,Urgent alert for Sundarpur east: Dam floodgates opening tonight without public notice! East side will submerge. Assemble at District Collector office 7 PM! #SundarpurAlert,,,,#SundarpurAlert,1789409310
p04066,a_1003,alert_a_1003,1790177210,Urgent alert for Sundarpur east: Dam floodgates opening tonight without public notice! East side will submerge. Assemble at District Collector office 7 PM! #SundarpurAlert,,,,#SundarpurAlert,1789347949
p04080,a_1017,alert_a_1017,1790177210,Urgent alert for Sundarpur east: Dam floodgates opening tonight without public notice! East side will submerge. Assemble at District Collector office 7 PM! #SundarpurAlert,,,,#SundarpurAlert,1789247306
p02092,bg_0416,user_bg_0416,1790177211,Sundarpur central library renovation is finally completing this month.,,,,#Sundarpur #Daily,1740493092
p04096,a_1033,alert_a_1033,1790177211,Urgent alert for Sundarpur east: Dam floodgates opening tonight without public notice!! East side will submerge. Assemble at District Collector office 7 PM!! #SundarpurAlert,,,,#SundarpurAlert,1789520826
p04090,a_1027,alert_a_1027,1790177212,Urgent alert for Sundarpur east: Dam floodgates opening tonight without public notice! East side will submerge. Assemble at District Collector office 7 PM! #SundarpurAlert,,,,#SundarpurAlert,1789760045
p04092,a_1029,alert_a_1029,1790177212,Urgent alert for Sundarpur east: Dam floodgates opening tonight without public notice! East side will submerge. Assemble at District Collector office 7 PM! #SundarpurAlert,,,,#SundarpurAlert,1789264532
p04094,a_1031,alert_a_1031,1790177212,Urgent alert for Sundarpur east: Dam floodgates opening tonight without public notice! East side will submerge. Assemble at District Collector office 7 PM! #SundarpurAlert,,,,#SundarpurAlert,1789264913
p04076,a_1013,alert_a_1013,1790177213,Urgent alert for Sundarpur east: Dam floodgates opening tonight without public notice!! East side will submerge. Assemble at District Collector office 7 PM!! #SundarpurAlert,,,,#SundarpurAlert,1789784291
p04086,a_1023,alert_a_1023,1790177213,Urgent alert for Sundarpur east: Dam floodgates opening tonight without public notice! East side will submerge. Assemble at District Collector office 7 PM! #SundarpurAlert,,,,#SundarpurAlert,1789961631
p04089,a_1026,alert_a_1026,1790177217,Urgent alert for Sundarpur east: Dam floodgates opening tonight without public notice! East side will submerge. Assemble at District Collector office 7 PM! #SundarpurAlert,,,,#SundarpurAlert,1789668975
p04103,a_1040,alert_a_1040,1790177217,Urgent alert for Sundarpur east: Dam floodgates opening tonight without public notice!! East side will submerge. Assemble at District Collector office 7 PM!! #SundarpurAlert,,,,#SundarpurAlert,1789610263
p04069,a_1006,alert_a_1006,1790177218,Urgent alert for Sundarpur east: Dam floodgates opening tonight without public notice! East side will submerge. Assemble at District Collector office 7 PM! #SundarpurAlert,,,,#SundarpurAlert,1789747763
p04067,a_1004,alert_a_1004,1790177220,Urgent alert for Sundarpur east: Dam floodgates opening tonight without public notice! East side will submerge. Assemble at District Collector office 7 PM! #SundarpurAlert,,,,#SundarpurAlert,1789434408
p04075,a_1012,alert_a_1012,1790177220,Urgent alert for Sundarpur east: Dam floodgates opening tonight without public notice! East side will submerge. Assemble at District Collector office 7 PM! #SundarpurAlert,,,,#SundarpurAlert,1789583179
p04079,a_1016,alert_a_1016,1790177220,Urgent alert for Sundarpur east: Dam floodgates opening tonight without public notice! East side will submerge. Assemble at District Collector office 7 PM! #SundarpurAlert,,,,#SundarpurAlert,1789578139
p04084,a_1021,alert_a_1021,1790177221,Urgent alert for Sundarpur east: Dam floodgates opening tonight without public notice! East side will submerge. Assemble at District Collector office 7 PM! #SundarpurAlert,,,,#SundarpurAlert,1789422192
p04100,a_1037,alert_a_1037,1790177221,Urgent alert for Sundarpur east: Dam floodgates opening tonight without public notice!! East side will submerge. Assemble at District Collector office 7 PM!! #SundarpurAlert,,,,#SundarpurAlert,1789427618
p04083,a_1020,alert_a_1020,1790177223,Urgent alert for Sundarpur east: Dam floodgates opening tonight without public notice!! East side will submerge. Assemble at District Collector office 7 PM!! #SundarpurAlert,,,,#SundarpurAlert,1789359451
p04097,a_1034,alert_a_1034,1790177224,Urgent alert for Sundarpur east: Dam floodgates opening tonight without public notice! East side will submerge. Assemble at District Collector office 7 PM! #SundarpurAlert,,,,#SundarpurAlert,1789676615
p04099,a_1036,alert_a_1036,1790177225,Urgent alert for Sundarpur east: Dam floodgates opening tonight without public notice! East side will submerge. Assemble at District Collector office 7 PM! #SundarpurAlert,,,,#SundarpurAlert,1789931211
p04070,a_1007,alert_a_1007,1790177228,Urgent alert for Sundarpur east: Dam floodgates opening tonight without public notice! East side will submerge. Assemble at District Collector office 7 PM! #SundarpurAlert,,,,#SundarpurAlert,1789229545
p04077,a_1014,alert_a_1014,1790177228,Urgent alert for Sundarpur east: Dam floodgates opening tonight without public notice! East side will submerge. Assemble at District Collector office 7 PM! #SundarpurAlert,,,,#SundarpurAlert,1789834288
p04081,a_1018,alert_a_1018,1790177228,Urgent alert for Sundarpur east: Dam floodgates opening tonight without public notice! East side will submerge. Assemble at District Collector office 7 PM! #SundarpurAlert,,,,#SundarpurAlert,1789844079
p04095,a_1032,alert_a_1032,1790177228,Urgent alert for Sundarpur east: Dam floodgates opening tonight without public notice! East side will submerge. Assemble at District Collector office 7 PM! #SundarpurAlert,,,,#SundarpurAlert,1789401766
p00345,bg_0066,user_bg_0066,1790177251,Great community turnout for the Sundarpur cultural festival rehearsals.,,,,,1562823104
p01224,bg_0244,user_bg_0244,1790177345,Evening cricket practice match at Sundarpur town stadium was exciting.,,,,,1616255552
p03728,bg_0740,user_bg_0740,1790177364,Pleasant breezy weather across Sundarpur this afternoon.,,,,,1662037055
p03359,bg_0667,user_bg_0667,1790177380,Local municipal council announced park cleanup drive this Sunday.,,,,,1580389838
p01615,bg_0320,user_bg_0320,1790177387,"Delicious street food near Gandhi circle, best kachori in Sundarpur!",,,,,1606989786
p01399,bg_0278,user_bg_0278,1790177411,"Delicious street food near Gandhi circle, best kachori in Sundarpur!",,,,,1711490501
p01973,bg_0393,user_bg_0393,1790177456,Evening cricket practice match at Sundarpur town stadium was exciting.,,,,,1634161073
p01420,bg_0282,user_bg_0282,1790177528,Monsoon drainage repairs starting near Sundarpur east bus terminus.,,,,,1580071133
p01472,bg_0292,user_bg_0292,1790177550,Monsoon drainage repairs starting near Sundarpur east bus terminus.,,,,,1662571220
p03652,bg_0725,user_bg_0725,1790177606,Heavy traffic near Sundarpur Clock Tower due to market rush today.,,,,,1708488591
p02339,bg_0465,user_bg_0465,1790177744,Morning tea at Station Road in Sundarpur hits different during winters.,,,,,1555122555
p03733,bg_0741,user_bg_0741,1790177767,Local municipal council announced park cleanup drive this Sunday.,,,,,1577351718
p02488,bg_0495,user_bg_0495,1790177841,Heavy traffic near Sundarpur Clock Tower due to market rush today.,,,,,1587115915
p03713,bg_0737,user_bg_0737,1790177864,Pleasant breezy weather across Sundarpur this afternoon.,,,,,1601929976
p01278,bg_0255,user_bg_0255,1790177906,Morning tea at Station Road in Sundarpur hits different during winters.,,,,,1602364354
p03113,bg_0620,user_bg_0620,1790177917,"Delicious street food near Gandhi circle, best kachori in Sundarpur!",,,http://sundarpurnews.example/local,,1614158492
p01577,bg_0313,user_bg_0313,1790177923,Heavy traffic near Sundarpur Clock Tower due to market rush today.,,,,,1621099257
p03888,bg_0773,user_bg_0773,1790177955,Power cut announced for northern suburbs of Sundarpur tomorrow 10am-12pm.,,,,#Sundarpur #Daily,1616976676
p03400,bg_0675,user_bg_0675,1790178049,Sundarpur central library renovation is finally completing this month.,,,,,1732608189
p00863,bg_0172,user_bg_0172,1790178050,Monsoon drainage repairs starting near Sundarpur east bus terminus.,,,http://sundarpurnews.example/local,,1734357618
p00770,bg_0153,user_bg_0153,1790178109,Morning tea at Station Road in Sundarpur hits different during winters.,,,,,1716256268
p00963,bg_0193,user_bg_0193,1790178111,Power cut announced for northern suburbs of Sundarpur tomorrow 10am-12pm.,,,,,1602378709
p02599,bg_0516,user_bg_0516,1790178151,Heavy traffic near Sundarpur Clock Tower due to market rush today.,,,http://sundarpurnews.example/local,,1658591932
p02531,bg_0503,user_bg_0503,1790178158,Morning tea at Station Road in Sundarpur hits different during winters.,,,,,1717130496
p03808,bg_0757,user_bg_0757,1790178161,Pleasant breezy weather across Sundarpur this afternoon.,,,,,1581643633
p00716,bg_0142,user_bg_0142,1790178225,@user_bg_0046 Agree with this point completely.,,p00240,,,1681629265
p00656,bg_0130,user_bg_0130,1790178296,Morning tea at Station Road in Sundarpur hits different during winters.,,,,,1567316334
p01477,bg_0293,user_bg_0293,1790178359,Sundarpur central library renovation is finally completing this month.,,,http://sundarpurnews.example/local,,1645577198
p03080,bg_0613,user_bg_0613,1790178431,Heavy traffic near Sundarpur Clock Tower due to market rush today.,,,,#Sundarpur #Daily,1627203801
p02047,bg_0408,user_bg_0408,1790178469,Great community turnout for the Sundarpur cultural festival rehearsals.,,,,,1661582765
p02866,bg_0570,user_bg_0570,1790178598,Evening cricket practice match at Sundarpur town stadium was exciting.,,,,,1732569098
p02019,bg_0402,user_bg_0402,1790178663,Sundarpur central library renovation is finally completing this month.,,,,#Sundarpur #Daily,1547479493
p03374,bg_0670,user_bg_0670,1790178689,Sundarpur central library renovation is finally completing this month.,,,,#Sundarpur #Daily,1596601923
p01448,bg_0288,user_bg_0288,1790178693,Evening cricket practice match at Sundarpur town stadium was exciting.,,,,,1587268549
p00718,bg_0142,user_bg_0142,1790178712,"Delicious street food near Gandhi circle, best kachori in Sundarpur!",p00711,,,,1681629265
p02268,bg_0451,user_bg_0451,1790178765,Heavy traffic near Sundarpur Clock Tower due to market rush today.,,,http://sundarpurnews.example/local,,1708328559
p01747,bg_0348,user_bg_0348,1790178771,Evening cricket practice match at Sundarpur town stadium was exciting.,,,,#Sundarpur #Daily,1731811207
p00388,bg_0075,user_bg_0075,1790178849,Great community turnout for the Sundarpur cultural festival rehearsals.,,,,,1653106948
p00334,bg_0064,user_bg_0064,1790178962,Morning tea at Station Road in Sundarpur hits different during winters.,,,,,1547849348
p01575,bg_0313,user_bg_0313,1790178965,Pleasant breezy weather across Sundarpur this afternoon.,,,,,1621099257
p03058,bg_0608,user_bg_0608,1790179036,Heavy traffic near Sundarpur Clock Tower due to market rush today.,,,http://sundarpurnews.example/local,,1753713863
p00098,bg_0019,user_bg_0019,1790179043,Great community turnout for the Sundarpur cultural festival rehearsals.,,,,,1722500956
p00164,bg_0031,user_bg_0031,1790179116,"Delicious street food near Gandhi circle, best kachori in Sundarpur!",,,,,1730468112
p01315,bg_0262,user_bg_0262,1790179133,Evening cricket practice match at Sundarpur town stadium was exciting.,,,,,1648819044
p03596,bg_0713,user_bg_0713,1790179158,Power cut announced for northern suburbs of Sundarpur tomorrow 10am-12pm.,,,,#Sundarpur #Daily,1555507243
p03290,bg_0653,user_bg_0653,1790179177,Sundarpur central library renovation is finally completing this month.,,,,,1712710007
p00620,bg_0123,user_bg_0123,1790179203,Power cut announced for northern suburbs of Sundarpur tomorrow 10am-12pm.,,,,,1568928400
p00567,bg_0112,user_bg_0112,1790179206,Great community turnout for the Sundarpur cultural festival rehearsals.,,,,,1554761953
p02927,bg_0583,user_bg_0583,1790179299,Great community turnout for the Sundarpur cultural festival rehearsals.,,,,,1741403482
p00556,bg_0110,user_bg_0110,1790179384,Pleasant breezy weather across Sundarpur this afternoon.,,,,,1682901878
p01056,bg_0211,user_bg_0211,1790179445,"Delicious street food near Gandhi circle, best kachori in Sundarpur!",,,,,1612966127
p00313,bg_0060,user_bg_0060,1790179470,Morning tea at Station Road in Sundarpur hits different during winters.,,,http://sundarpurnews.example/local,,1704599840
p01946,bg_0387,user_bg_0387,1790179482,Morning tea at Station Road in Sundarpur hits different during winters.,,,,,1615557490
p03573,bg_0709,user_bg_0709,1790179498,Evening cricket practice match at Sundarpur town stadium was exciting.,,,,,1587993392
p00654,bg_0130,user_bg_0130,1790179500,Morning tea at Station Road in Sundarpur hits different during winters.,,,,,1567316334
p03525,bg_0700,user_bg_0700,1790179559,Great community turnout for the Sundarpur cultural festival rehearsals.,,,http://sundarpurnews.example/local,,1551144808
p01180,bg_0236,user_bg_0236,1790179571,Great community turnout for the Sundarpur cultural festival rehearsals.,p01065,,,,1758153746
p00183,bg_0035,user_bg_0035,1790179591,Morning tea at Station Road in Sundarpur hits different during winters.,,,,#Sundarpur #Daily,1627668166
p03342,bg_0664,user_bg_0664,1790179663,Heavy traffic near Sundarpur Clock Tower due to market rush today.,,,,,1600021053
p01609,bg_0319,user_bg_0319,1790179724,@user_bg_0256 Agree with this point completely.,,p01282,,,1749024603
p03100,bg_0617,user_bg_0617,1790179764,Heavy traffic near Sundarpur Clock Tower due to market rush today.,,,,,1542805815
p02144,bg_0427,user_bg_0427,1790179786,Pleasant breezy weather across Sundarpur this afternoon.,,,,,1539782381
p02220,bg_0442,user_bg_0442,1790179805,Sundarpur central library renovation is finally completing this month.,,,,,1655619478
p01614,bg_0320,user_bg_0320,1790179951,Great community turnout for the Sundarpur cultural festival rehearsals.,,,,,1606989786
p00177,bg_0034,user_bg_0034,1790179953,Sundarpur central library renovation is finally completing this month.,,,,,1629543719
p02163,bg_0431,user_bg_0431,1790180004,Sundarpur central library renovation is finally completing this month.,,,,,1606925626
p03401,bg_0675,user_bg_0675,1790180046,Pleasant breezy weather across Sundarpur this afternoon.,,,,,1732608189
p02327,bg_0462,user_bg_0462,1790180133,"Delicious street food near Gandhi circle, best kachori in Sundarpur!",,,,,1644635129
p01984,bg_0395,user_bg_0395,1790180158,Pleasant breezy weather across Sundarpur this afternoon.,,,,,1669728617
p01660,bg_0330,user_bg_0330,1790180206,Local municipal council announced park cleanup drive this Sunday.,,,,,1740246670
p00959,bg_0192,user_bg_0192,1790180235,Pleasant breezy weather across Sundarpur this afternoon.,,,http://sundarpurnews.example/local,,1666004378
p02928,bg_0583,user_bg_0583,1790180347,Pleasant breezy weather across Sundarpur this afternoon.,,,,,1741403482
p01721,bg_0342,user_bg_0342,1790180369,Monsoon drainage repairs starting near Sundarpur east bus terminus.,,,,,1543742212
p00677,bg_0135,user_bg_0135,1790180404,Great community turnout for the Sundarpur cultural festival rehearsals.,,,,,1737889579
p00205,bg_0039,user_bg_0039,1790180442,Evening cricket practice match at Sundarpur town stadium was exciting.,,,,#Sundarpur #Daily,1672052617
p00994,bg_0200,user_bg_0200,1790180515,Monsoon drainage repairs starting near Sundarpur east bus terminus.,,,,,1606556704
p02128,bg_0424,user_bg_0424,1790180526,Local municipal council announced park cleanup drive this Sunday.,,,,,1670837125
p03839,bg_0763,user_bg_0763,1790180534,Pleasant breezy weather across Sundarpur this afternoon.,,,,,1606787956
p00504,bg_0100,user_bg_0100,1790180581,Morning tea at Station Road in Sundarpur hits different during winters.,,,,#Sundarpur #Daily,1639029157
p03180,bg_0632,user_bg_0632,1790180633,@user_bg_0257 Agree with this point completely.,,p01289,,,1659680288
p03500,bg_0695,user_bg_0695,1790180776,Local municipal council announced park cleanup drive this Sunday.,,,,,1734942357
p03831,bg_0762,user_bg_0762,1790180786,Local municipal council announced park cleanup drive this Sunday.,,,,,1647914665
p02350,bg_0467,user_bg_0467,1790180856,Evening cricket practice match at Sundarpur town stadium was exciting.,,,,,1554705273
p02966,bg_0591,user_bg_0591,1790180879,"Delicious street food near Gandhi circle, best kachori in Sundarpur!",,,,,1744734092
p00607,bg_0121,user_bg_0121,1790180893,Heavy traffic near Sundarpur Clock Tower due to market rush today.,,,http://sundarpurnews.example/local,,1720015791
p01596,bg_0317,user_bg_0317,1790181104,"Delicious street food near Gandhi circle, best kachori in Sundarpur!",,,,,1749151645
p01928,bg_0384,user_bg_0384,1790181154,Monsoon drainage repairs starting near Sundarpur east bus terminus.,,,,,1584998743
p00368,bg_0071,user_bg_0071,1790181183,Morning tea at Station Road in Sundarpur hits different during winters.,,,,,1702762670
p03286,bg_0652,user_bg_0652,1790181202,Local municipal council announced park cleanup drive this Sunday.,,,,,1660558964
p02638,bg_0524,user_bg_0524,1790181259,Monsoon drainage repairs starting near Sundarpur east bus terminus.,,,,,1691934500
p00066,bg_0013,user_bg_0013,1790181289,Pleasant breezy weather across Sundarpur this afternoon.,,,,#Sundarpur #Daily,1680730078
p01084,bg_0217,user_bg_0217,1790181372,Sundarpur central library renovation is finally completing this month.,,,,,1650633831
p03089,bg_0614,user_bg_0614,1790181374,Monsoon drainage repairs starting near Sundarpur east bus terminus.,,,,,1675980997
p02129,bg_0424,user_bg_0424,1790181403,Great community turnout for the Sundarpur cultural festival rehearsals.,,,,,1670837125
p01589,bg_0316,user_bg_0316,1790181464,Morning tea at Station Road in Sundarpur hits different during winters.,,,,,1538526808
p02097,bg_0417,user_bg_0417,1790181498,Great community turnout for the Sundarpur cultural festival rehearsals.,,,,,1589620553
p00430,bg_0084,user_bg_0084,1790181532,Power cut announced for northern suburbs of Sundarpur tomorrow 10am-12pm.,,,,#Sundarpur #Daily,1673939592
p01163,bg_0232,user_bg_0232,1790181577,Pleasant breezy weather across Sundarpur this afternoon.,,,,#Sundarpur #Daily,1577697557
p00661,bg_0131,user_bg_0131,1790181579,Morning tea at Station Road in Sundarpur hits different during winters.,,,,#Sundarpur #Daily,1725630182
p02069,bg_0412,user_bg_0412,1790181711,Evening cricket practice match at Sundarpur town stadium was exciting.,,,,,1754359243
p03328,bg_0661,user_bg_0661,1790181712,Great community turnout for the Sundarpur cultural festival rehearsals.,,,,#Sundarpur #Daily,1713817576
p01442,bg_0287,user_bg_0287,1790181731,Morning tea at Station Road in Sundarpur hits different during winters.,,,,,1660608327
p02480,bg_0493,user_bg_0493,1790181793,Great community turnout for the Sundarpur cultural festival rehearsals.,,,,,1564307572
p03483,bg_0692,user_bg_0692,1790181807,Sundarpur central library renovation is finally completing this month.,,,,,1607617763
p03711,bg_0737,user_bg_0737,1790181827,"Delicious street food near Gandhi circle, best kachori in Sundarpur!",,,,,1601929976
p00341,bg_0065,user_bg_0065,1790181844,Heavy traffic near Sundarpur Clock Tower due to market rush today.,,,,,1571408153
p00056,bg_0011,user_bg_0011,1790181939,Morning tea at Station Road in Sundarpur hits different during winters.,,,,,1688359581
p00448,bg_0088,user_bg_0088,1790182040,Morning tea at Station Road in Sundarpur hits different during winters.,,,,,1570182083
p03229,bg_0642,user_bg_0642,1790182183,"Delicious street food near Gandhi circle, best kachori in Sundarpur!",,,,#Sundarpur #Daily,1683692909
p00494,bg_0098,user_bg_0098,1790182188,"Delicious street food near Gandhi circle, best kachori in Sundarpur!",,,,#Sundarpur #Daily,1715868493
p00529,bg_0105,user_bg_0105,1790182193,Pleasant breezy weather across Sundarpur this afternoon.,,,,,1737811607
p02080,bg_0414,user_bg_0414,1790182304,Power cut announced for northern suburbs of Sundarpur tomorrow 10am-12pm.,,,,,1589317733
p01929,bg_0384,user_bg_0384,1790182311,Local municipal council announced park cleanup drive this Sunday.,,,,,1584998743
p02900,bg_0577,user_bg_0577,1790182330,Heavy traffic near Sundarpur Clock Tower due to market rush today.,,,,,1674759586
p03555,bg_0706,user_bg_0706,1790182425,Evening cricket practice match at Sundarpur town stadium was exciting.,,,,,1634201579
p03326,bg_0661,user_bg_0661,1790182440,Great community turnout for the Sundarpur cultural festival rehearsals.,,,,,1713817576
p03034,bg_0604,user_bg_0604,1790182455,Power cut announced for northern suburbs of Sundarpur tomorrow 10am-12pm.,,,,#Sundarpur #Daily,1732011249
p01388,bg_0276,user_bg_0276,1790182562,Sundarpur central library renovation is finally completing this month.,,,,,1561385462
p02624,bg_0521,user_bg_0521,1790182584,Great community turnout for the Sundarpur cultural festival rehearsals.,,,,#Sundarpur #Daily,1641085940
p01649,bg_0328,user_bg_0328,1790182639,Monsoon drainage repairs starting near Sundarpur east bus terminus.,,,,,1729721644
p02010,bg_0401,user_bg_0401,1790182662,Power cut announced for northern suburbs of Sundarpur tomorrow 10am-12pm.,,,,,1550103165
p02428,bg_0483,user_bg_0483,1790182703,Great community turnout for the Sundarpur cultural festival rehearsals.,,,,#Sundarpur #Daily,1644225594
p01564,bg_0311,user_bg_0311,1790182767,"Delicious street food near Gandhi circle, best kachori in Sundarpur!",,,,#Sundarpur #Daily,1662152325
p03934,bg_0782,user_bg_0782,1790182784,Great community turnout for the Sundarpur cultural festival rehearsals.,,,http://sundarpurnews.example/local,,1706449368
p03812,bg_0758,user_bg_0758,1790182893,Local municipal council announced park cleanup drive this Sunday.,,,,#Sundarpur #Daily,1633333447
p00975,bg_0196,user_bg_0196,1790182936,Evening cricket practice match at Sundarpur town stadium was exciting.,,,,,1732012336
p00298,bg_0057,user_bg_0057,1790182947,Power cut announced for northern suburbs of Sundarpur tomorrow 10am-12pm.,,,,,1709768384
p03153,bg_0627,user_bg_0627,1790183020,@user_bg_0596 Agree with this point completely.,,p02992,,,1627433204
p01032,bg_0207,user_bg_0207,1790183029,Power cut announced for northern suburbs of Sundarpur tomorrow 10am-12pm.,,,,,1703943829
p01377,bg_0274,user_bg_0274,1790183033,Sundarpur central library renovation is finally completing this month.,,,,,1696463889
p02444,bg_0486,user_bg_0486,1790183038,Evening cricket practice match at Sundarpur town stadium was exciting.,,,,,1566683752
p02891,bg_0575,user_bg_0575,1790183063,@user_bg_0133 Agree with this point completely.,,p00670,,,1688238422
p02483,bg_0494,user_bg_0494,1790183175,Sundarpur central library renovation is finally completing this month.,,,,,1656795824
p03424,bg_0679,user_bg_0679,1790183246,Evening cricket practice match at Sundarpur town stadium was exciting.,,,,#Sundarpur #Daily,1551575074
p00904,bg_0181,user_bg_0181,1790183255,Power cut announced for northern suburbs of Sundarpur tomorrow 10am-12pm.,,,,#Sundarpur #Daily,1720833312
p03074,bg_0612,user_bg_0612,1790183291,Evening cricket practice match at Sundarpur town stadium was exciting.,,,,#Sundarpur #Daily,1623903695
p00467,bg_0093,user_bg_0093,1790183359,Heavy traffic near Sundarpur Clock Tower due to market rush today.,,,,,1683765886
p00274,bg_0053,user_bg_0053,1790183391,Morning tea at Station Road in Sundarpur hits different during winters.,,,,,1567953638
p01687,bg_0336,user_bg_0336,1790183424,Sundarpur central library renovation is finally completing this month.,,,,,1704721666
p02602,bg_0517,user_bg_0517,1790183501,Morning tea at Station Road in Sundarpur hits different during winters.,,,,,1550974411
p03949,bg_0785,user_bg_0785,1790183572,@user_bg_0563 Agree with this point completely.,,p02831,,#Sundarpur #Daily,1697338957
p03165,bg_0629,user_bg_0629,1790183609,Power cut announced for northern suburbs of Sundarpur tomorrow 10am-12pm.,,,,,1704053579
p03754,bg_0745,user_bg_0745,1790183646,Sundarpur central library renovation is finally completing this month.,,,,,1572193225
p01045,bg_0209,user_bg_0209,1790183680,Great community turnout for the Sundarpur cultural festival rehearsals.,,,,,1612764048
p00689,bg_0137,user_bg_0137,1790183728,Pleasant breezy weather across Sundarpur this afternoon.,,,,,1620485160
p03707,bg_0736,user_bg_0736,1790183741,Morning tea at Station Road in Sundarpur hits different during winters.,,,http://sundarpurnews.example/local,,1729782065
p02370,bg_0471,user_bg_0471,1790183747,Morning tea at Station Road in Sundarpur hits different during winters.,,,,,1694485520
p01884,bg_0375,user_bg_0375,1790183761,Heavy traffic near Sundarpur Clock Tower due to market rush today.,,,,,1683655307
p03368,bg_0669,user_bg_0669,1790183781,Pleasant breezy weather across Sundarpur this afternoon.,,,http://sundarpurnews.example/local,,1574179535
p00435,bg_0085,user_bg_0085,1790183783,Heavy traffic near Sundarpur Clock Tower due to market rush today.,,,,,1673487964
p00990,bg_0199,user_bg_0199,1790183813,Monsoon drainage repairs starting near Sundarpur east bus terminus.,,,,,1563100210
p00383,bg_0074,user_bg_0074,1790183821,Sundarpur central library renovation is finally completing this month.,,,,,1578992347
p03308,bg_0657,user_bg_0657,1790183903,Heavy traffic near Sundarpur Clock Tower due to market rush today.,,,,,1631886386
p00629,bg_0125,user_bg_0125,1790183928,Local municipal council announced park cleanup drive this Sunday.,,,,,1693754109
p03188,bg_0634,user_bg_0634,1790183983,Pleasant breezy weather across Sundarpur this afternoon.,,,,#Sundarpur #Daily,1601759887
p03551,bg_0705,user_bg_0705,1790184064,Morning tea at Station Road in Sundarpur hits different during winters.,p01425,,,,1546187353
p01221,bg_0244,user_bg_0244,1790184081,"Delicious street food near Gandhi circle, best kachori in Sundarpur!",,,,#Sundarpur #Daily,1616255552
p01349,bg_0269,user_bg_0269,1790184159,Heavy traffic near Sundarpur Clock Tower due to market rush today.,,,http://sundarpurnews.example/local,,1622847999
p02895,bg_0576,user_bg_0576,1790184222,Great community turnout for the Sundarpur cultural festival rehearsals.,,,,,1587632379
p03997,bg_0795,user_bg_0795,1790184223,"Delicious street food near Gandhi circle, best kachori in Sundarpur!",,,,,1651504002
p01019,bg_0205,user_bg_0205,1790184229,Heavy traffic near Sundarpur Clock Tower due to market rush today.,,,,,1633570185
p03967,bg_0788,user_bg_0788,1790184242,Monsoon drainage repairs starting near Sundarpur east bus terminus.,,,,,1583877611
p00715,bg_0142,user_bg_0142,1790184369,Local municipal council announced park cleanup drive this Sunday.,,,,,1681629265
p01995,bg_0397,user_bg_0397,1790184390,Morning tea at Station Road in Sundarpur hits different during winters.,,,,#Sundarpur #Daily,1646990870
p02061,bg_0411,user_bg_0411,1790184567,Evening cricket practice match at Sundarpur town stadium was exciting.,,,http://sundarpurnews.example/local,,1584953446
p01709,bg_0340,user_bg_0340,1790184614,Heavy traffic near Sundarpur Clock Tower due to market rush today.,,,,,1668018751
p01737,bg_0346,user_bg_0346,1790184625,Local municipal council announced park cleanup drive this Sunday.,,,,,1554921992
p02788,bg_0555,user_bg_0555,1790184626,Great community turnout for the Sundarpur cultural festival rehearsals.,,,http://sundarpurnews.example/local,,1654884584
p00722,bg_0143,user_bg_0143,1790184648,Morning tea at Station Road in Sundarpur hits different during winters.,,,,,1553734266
p03522,bg_0700,user_bg_0700,1790184694,Pleasant breezy weather across Sundarpur this afternoon.,,,,#Sundarpur #Daily,1551144808
p00638,bg_0127,user_bg_0127,1790184723,Morning tea at Station Road in Sundarpur hits different during winters.,p00366,,,,1732050882
p01481,bg_0294,user_bg_0294,1790184760,Local municipal council announced park cleanup drive this Sunday.,,,,,1730110136
p00762,bg_0151,user_bg_0151,1790184796,Local municipal council announced park cleanup drive this Sunday.,,,,,1548056107
p03298,bg_0655,user_bg_0655,1790184824,Great community turnout for the Sundarpur cultural festival rehearsals.,,,,,1719727379
p00808,bg_0161,user_bg_0161,1790184898,Heavy traffic near Sundarpur Clock Tower due to market rush today.,,,,,1647524885
p02902,bg_0578,user_bg_0578,1790184989,Great community turnout for the Sundarpur cultural festival rehearsals.,,,,,1556302249
p01142,bg_0228,user_bg_0228,1790185019,Power cut announced for northern suburbs of Sundarpur tomorrow 10am-12pm.,,,,,1745139808
p03964,bg_0788,user_bg_0788,1790185062,Morning tea at Station Road in Sundarpur hits different during winters.,,,,,1583877611
p02522,bg_0501,user_bg_0501,1790185198,Evening cricket practice match at Sundarpur town stadium was exciting.,,,,,1725715051
p01452,bg_0289,user_bg_0289,1790185216,Evening cricket practice match at Sundarpur town stadium was exciting.,,,,,1674054392
p00290,bg_0056,user_bg_0056,1790185290,Power cut announced for northern suburbs of Sundarpur tomorrow 10am-12pm.,,,,#Sundarpur #Daily,1630587946
p02401,bg_0477,user_bg_0477,1790185293,Pleasant breezy weather across Sundarpur this afternoon.,,,,#Sundarpur #Daily,1701796028
p03534,bg_0702,user_bg_0702,1790185323,Heavy traffic near Sundarpur Clock Tower due to market rush today.,,,,,1715457845
p01764,bg_0351,user_bg_0351,1790185430,Great community turnout for the Sundarpur cultural festival rehearsals.,,,,,1715910177
p03458,bg_0687,user_bg_0687,1790185439,Heavy traffic near Sundarpur Clock Tower due to market rush today.,,,,,1606512786
p00836,bg_0166,user_bg_0166,1790185458,Power cut announced for northern suburbs of Sundarpur tomorrow 10am-12pm.,,,,,1755380868
p01359,bg_0271,user_bg_0271,1790185513,Morning tea at Station Road in Sundarpur hits different during winters.,,,,,1706504390
p01664,bg_0330,user_bg_0330,1790185538,Evening cricket practice match at Sundarpur town stadium was exciting.,,,,,1740246670
p02474,bg_0492,user_bg_0492,1790185603,Great community turnout for the Sundarpur cultural festival rehearsals.,,,,,1686667803
p02914,bg_0580,user_bg_0580,1790185669,Heavy traffic near Sundarpur Clock Tower due to market rush today.,,,,,1654149275
p01289,bg_0257,user_bg_0257,1790185687,Local municipal council announced park cleanup drive this Sunday.,,,,,1591183041
p00162,bg_0031,user_bg_0031,1790185910,Evening cricket practice match at Sundarpur town stadium was exciting.,,,http://sundarpurnews.example/local,,1730468112
p00588,bg_0117,user_bg_0117,1790185946,Power cut announced for northern suburbs of Sundarpur tomorrow 10am-12pm.,,,,,1608840283
p00787,bg_0157,user_bg_0157,1790186040,Sundarpur central library renovation is finally completing this month.,,,,,1610341363
p02933,bg_0584,user_bg_0584,1790186113,Local municipal council announced park cleanup drive this Sunday.,,,,,1582903912
p02579,bg_0513,user_bg_0513,1790186122,"Delicious street food near Gandhi circle, best kachori in Sundarpur!",,,,,1660939987
p01290,bg_0257,user_bg_0257,1790186157,"Delicious street food near Gandhi circle, best kachori in Sundarpur!",,,http://sundarpurnews.example/local,,1591183041
p00343,bg_0066,user_bg_0066,1790186163,Sundarpur central library renovation is finally completing this month.,,,,,1562823104
p01556,bg_0309,user_bg_0309,1790186166,Sundarpur central library renovation is finally completing this month.,,,,,1545224906
p03371,bg_0669,user_bg_0669,1790186194,Evening cricket practice match at Sundarpur town stadium was exciting.,,,,,1574179535
p01402,bg_0279,user_bg_0279,1790186242,Local municipal council announced park cleanup drive this Sunday.,,,,,1570757259
p02508,bg_0499,user_bg_0499,1790186302,@user_bg_0149 Agree with this point completely.,,p00749,,,1563687392
p01031,bg_0207,user_bg_0207,1790186365,Monsoon drainage repairs starting near Sundarpur east bus terminus.,,,,,1703943829
p02083,bg_0415,user_bg_0415,1790186367,Power cut announced for northern suburbs of Sundarpur tomorrow 10am-12pm.,,,,,1638100164
p00484,bg_0097,user_bg_0097,1790186452,Great community turnout for the Sundarpur cultural festival rehearsals.,,,,#Sundarpur #Daily,1575581577
p02955,bg_0589,user_bg_0589,1790186484,Power cut announced for northern suburbs of Sundarpur tomorrow 10am-12pm.,,,,,1710302345
p02287,bg_0454,user_bg_0454,1790186528,Monsoon drainage repairs starting near Sundarpur east bus terminus.,,,,#Sundarpur #Daily,1557243428
p02073,bg_0413,user_bg_0413,1790186563,Evening cricket practice match at Sundarpur town stadium was exciting.,,,,,1658095924
p03233,bg_0643,user_bg_0643,1790186661,Power cut announced for northern suburbs of Sundarpur tomorrow 10am-12pm.,,,,,1547358799
p00679,bg_0135,user_bg_0135,1790186829,Morning tea at Station Road in Sundarpur hits different during winters.,,,,#Sundarpur #Daily,1737889579
p01854,bg_0369,user_bg_0369,1790186867,Power cut announced for northern suburbs of Sundarpur tomorrow 10am-12pm.,,,,,1599141563
p00949,bg_0190,user_bg_0190,1790186874,"Delicious street food near Gandhi circle, best kachori in Sundarpur!",,,http://sundarpurnews.example/local,,1743052464
p00763,bg_0152,user_bg_0152,1790186888,Morning tea at Station Road in Sundarpur hits different during winters.,,,,,1675453723
p01441,bg_0287,user_bg_0287,1790186929,Power cut announced for northern suburbs of Sundarpur tomorrow 10am-12pm.,,,,,1660608327
p03300,bg_0655,user_bg_0655,1790186971,Morning tea at Station Road in Sundarpur hits different during winters.,,,,,1719727379
p02753,bg_0548,user_bg_0548,1790187026,Sundarpur central library renovation is finally completing this month.,,,,,1656941017
p01308,bg_0261,user_bg_0261,1790187072,Power cut announced for northern suburbs of Sundarpur tomorrow 10am-12pm.,,,,,1725629984
p03529,bg_0701,user_bg_0701,1790187155,Morning tea at Station Road in Sundarpur hits different during winters.,,,http://sundarpurnews.example/local,,1559927207
p00220,bg_0043,user_bg_0043,1790187166,@user_bg_0036 Agree with this point completely.,,p00187,,,1643872131
p00909,bg_0182,user_bg_0182,1790187186,Power cut announced for northern suburbs of Sundarpur tomorrow 10am-12pm.,,,http://sundarpurnews.example/local,,1703689297
p00561,bg_0111,user_bg_0111,1790187195,Monsoon drainage repairs starting near Sundarpur east bus terminus.,,,,,1711936447
p03902,bg_0776,user_bg_0776,1790187233,Evening cricket practice match at Sundarpur town stadium was exciting.,,,,,1680282855
p03915,bg_0779,user_bg_0779,1790187233,Monsoon drainage repairs starting near Sundarpur east bus terminus.,,,,,1718324747
p00052,bg_0010,user_bg_0010,1790187305,Monsoon drainage repairs starting near Sundarpur east bus terminus.,,,,,1749346363
p01052,bg_0211,user_bg_0211,1790187343,Morning tea at Station Road in Sundarpur hits different during winters.,,,,,1612966127
p02981,bg_0594,user_bg_0594,1790187360,Local municipal council announced park cleanup drive this Sunday.,,,,,1712132613
p03018,bg_0601,user_bg_0601,1790187371,Morning tea at Station Road in Sundarpur hits different during winters.,,,,,1667774356
p03610,bg_0716,user_bg_0716,1790187395,Heavy traffic near Sundarpur Clock Tower due to market rush today.,,,,,1561615441
p03894,bg_0774,user_bg_0774,1790187429,Power cut announced for northern suburbs of Sundarpur tomorrow 10am-12pm.,,,,,1730835073
p03144,bg_0625,user_bg_0625,1790187459,Power cut announced for northern suburbs of Sundarpur tomorrow 10am-12pm.,,,,,1568455381
p00530,bg_0105,user_bg_0105,1790187541,Great community turnout for the Sundarpur cultural festival rehearsals.,,,,,1737811607
p01572,bg_0312,user_bg_0312,1790187543,Evening cricket practice match at Sundarpur town stadium was exciting.,,,,,1586758204
p01223,bg_0244,user_bg_0244,1790187568,Morning tea at Station Road in Sundarpur hits different during winters.,,,,#Sundarpur #Daily,1616255552
p00657,bg_0130,user_bg_0130,1790187606,Sundarpur central library renovation is finally completing this month.,,,,,1567316334
p03431,bg_0681,user_bg_0681,1790187628,Sundarpur central library renovation is finally completing this month.,,,http://sundarpurnews.example/local,#Sundarpur #Daily,1547339141
p03682,bg_0731,user_bg_0731,1790187634,Power cut announced for northern suburbs of Sundarpur tomorrow 10am-12pm.,p00649,,,,1648400117
p02901,bg_0577,user_bg_0577,1790187812,Heavy traffic near Sundarpur Clock Tower due to market rush today.,,,,,1674759586
p01994,bg_0397,user_bg_0397,1790187841,Heavy traffic near Sundarpur Clock Tower due to market rush today.,,,,,1646990870
p02111,bg_0420,user_bg_0420,1790187889,Sundarpur central library renovation is finally completing this month.,,,,,1554523302
p02544,bg_0505,user_bg_0505,1790187992,Power cut announced for northern suburbs of Sundarpur tomorrow 10am-12pm.,,,,,1655422698
p03267,bg_0649,user_bg_0649,1790187996,Local municipal council announced park cleanup drive this Sunday.,,,,,1682256939
p03246,bg_0645,user_bg_0645,1790188018,Heavy traffic near Sundarpur Clock Tower due to market rush today.,,,,,1672479705
p03471,bg_0689,user_bg_0689,1790188121,Sundarpur central library renovation is finally completing this month.,,,,,1638740241
p00507,bg_0101,user_bg_0101,1790188200,@user_bg_0050 Agree with this point completely.,,p00259,,,1550539003
p00744,bg_0148,user_bg_0148,1790188228,Evening cricket practice match at Sundarpur town stadium was exciting.,,,,,1702969855
p01782,bg_0355,user_bg_0355,1790188246,Sundarpur central library renovation is finally completing this month.,,,,,1579668074
p03908,bg_0777,user_bg_0777,1790188431,Evening cricket practice match at Sundarpur town stadium was exciting.,,,,,1699170811
p01004,bg_0202,user_bg_0202,1790188439,Local municipal council announced park cleanup drive this Sunday.,p00150,,,,1629614029
p03418,bg_0678,user_bg_0678,1790188460,Morning tea at Station Road in Sundarpur hits different during winters.,,,http://sundarpurnews.example/local,#Sundarpur #Daily,1714057646
p00375,bg_0073,user_bg_0073,1790188465,Local municipal council announced park cleanup drive this Sunday.,,,,,1581507416
p00936,bg_0187,user_bg_0187,1790188482,Local municipal council announced park cleanup drive this Sunday.,,,,#Sundarpur #Daily,1585750514
p02930,bg_0583,user_bg_0583,1790188820,Sundarpur central library renovation is finally completing this month.,,,,,1741403482
p01130,bg_0226,user_bg_0226,1790188852,Evening cricket practice match at Sundarpur town stadium was exciting.,,,http://sundarpurnews.example/local,,1666265805
p03822,bg_0760,user_bg_0760,1790188886,Sundarpur central library renovation is finally completing this month.,,,,,1604296056
p03301,bg_0656,user_bg_0656,1790188899,Heavy traffic near Sundarpur Clock Tower due to market rush today.,,,,,1712036347
p02583,bg_0513,user_bg_0513,1790188970,Sundarpur central library renovation is finally completing this month.,,,,,1660939987
p00050,bg_0010,user_bg_0010,1790188973,Power cut announced for northern suburbs of Sundarpur tomorrow 10am-12pm.,,,,,1749346363
p01140,bg_0228,user_bg_0228,1790189071,Sundarpur central library renovation is finally completing this month.,,,,,1745139808
p01643,bg_0326,user_bg_0326,1790189193,Evening cricket practice match at Sundarpur town stadium was exciting.,,,,,1624547671
p00652,bg_0129,user_bg_0129,1790189227,Local municipal council announced park cleanup drive this Sunday.,p00051,,http://sundarpurnews.example/local,,1740804677
p02469,bg_0491,user_bg_0491,1790189301,Sundarpur central library renovation is finally completing this month.,,,,,1602226764
p01431,bg_0285,user_bg_0285,1790189324,Heavy traffic near Sundarpur Clock Tower due to market rush today.,,,,,1599402772
p00169,bg_0033,user_bg_0033,1790189325,Great community turnout for the Sundarpur cultural festival rehearsals.,,,,,1660340229
p02487,bg_0494,user_bg_0494,1790189369,Morning tea at Station Road in Sundarpur hits different during winters.,,,,,1656795824
p02547,bg_0506,user_bg_0506,1790189526,"Delicious street food near Gandhi circle, best kachori in Sundarpur!",,,,,1661976859
p00953,bg_0191,user_bg_0191,1790189561,@user_bg_0163 Agree with this point completely.,,p00822,,,1640598746
p00891,bg_0178,user_bg_0178,1790189666,Pleasant breezy weather across Sundarpur this afternoon.,p00026,,,,1562428840
p02314,bg_0460,user_bg_0460,1790189675,Power cut announced for northern suburbs of Sundarpur tomorrow 10am-12pm.,,,http://sundarpurnews.example/local,,1730256785
p01385,bg_0276,user_bg_0276,1790189709,Morning tea at Station Road in Sundarpur hits different during winters.,p01026,,,,1561385462
p03339,bg_0663,user_bg_0663,1790189747,Pleasant breezy weather across Sundarpur this afternoon.,,,,,1736202422
p01433,bg_0285,user_bg_0285,1790189770,Evening cricket practice match at Sundarpur town stadium was exciting.,,,,,1599402772
p00605,bg_0120,user_bg_0120,1790189851,Power cut announced for northern suburbs of Sundarpur tomorrow 10am-12pm.,,,,,1616174873
p02870,bg_0571,user_bg_0571,1790189882,Monsoon drainage repairs starting near Sundarpur east bus terminus.,,,,,1636425014
p02856,bg_0568,user_bg_0568,1790189905,Heavy traffic near Sundarpur Clock Tower due to market rush today.,,,,,1594049700
p01908,bg_0380,user_bg_0380,1790189911,Monsoon drainage repairs starting near Sundarpur east bus terminus.,,,,#Sundarpur #Daily,1691050421
p01531,bg_0304,user_bg_0304,1790189921,Sundarpur central library renovation is finally completing this month.,,,,#Sundarpur #Daily,1554922657
p00168,bg_0032,user_bg_0032,1790189933,Morning tea at Station Road in Sundarpur hits different during winters.,,,,,1722970623
p02156,bg_0429,user_bg_0429,1790190040,Heavy traffic near Sundarpur Clock Tower due to market rush today.,,,,,1599254028
p01147,bg_0229,user_bg_0229,1790190047,Heavy traffic near Sundarpur Clock Tower due to market rush today.,,,,,1547585759
p01997,bg_0398,user_bg_0398,1790190092,Pleasant breezy weather across Sundarpur this afternoon.,,,,,1569066667
p03270,bg_0649,user_bg_0649,1790190138,Pleasant breezy weather across Sundarpur this afternoon.,,,,,1682256939
p02051,bg_0409,user_bg_0409,1790190238,Great community turnout for the Sundarpur cultural festival rehearsals.,,,,,1739409329
p00187,bg_0036,user_bg_0036,1790190313,Great community turnout for the Sundarpur cultural festival rehearsals.,,,,,1684507793
p01519,bg_0301,user_bg_0301,1790190378,Pleasant breezy weather across Sundarpur this afternoon.,,,,#Sundarpur #Daily,1736599110
p01156,bg_0231,user_bg_0231,1790190384,Power cut announced for northern suburbs of Sundarpur tomorrow 10am-12pm.,,,,,1604286657
p01215,bg_0243,user_bg_0243,1790190443,Great community turnout for the Sundarpur cultural festival rehearsals.,,,,,1614185953
p02527,bg_0502,user_bg_0502,1790190490,Local municipal council announced park cleanup drive this Sunday.,,,,,1718574882
p01961,bg_0391,user_bg_0391,1790190499,"Delicious street food near Gandhi circle, best kachori in Sundarpur!",,,,,1637008571
p02376,bg_0472,user_bg_0472,1790190568,Power cut announced for northern suburbs of Sundarpur tomorrow 10am-12pm.,,,http://sundarpurnews.example/local,,1604463202
p02218,bg_0441,user_bg_0441,1790190691,Sundarpur central library renovation is finally completing this month.,,,http://sundarpurnews.example/local,,1548540792
p03552,bg_0705,user_bg_0705,1790190696,Monsoon drainage repairs starting near Sundarpur east bus terminus.,,,,#Sundarpur #Daily,1546187353
p00534,bg_0106,user_bg_0106,1790190724,Local municipal council announced park cleanup drive this Sunday.,,,,,1734761717
p00782,bg_0156,user_bg_0156,1790190739,Morning tea at Station Road in Sundarpur hits different during winters.,,,,,1539504345
p00913,bg_0183,user_bg_0183,1790190782,Heavy traffic near Sundarpur Clock Tower due to market rush today.,,,,,1658977676
p01670,bg_0332,user_bg_0332,1790190811,Monsoon drainage repairs starting near Sundarpur east bus terminus.,,,,,1734411026
p00023,bg_0005,user_bg_0005,1790190860,Local municipal council announced park cleanup drive this Sunday.,,,,,1727922997
p02413,bg_0480,user_bg_0480,1790190954,Pleasant breezy weather across Sundarpur this afternoon.,,,,,1563949609
p00595,bg_0118,user_bg_0118,1790190993,Power cut announced for northern suburbs of Sundarpur tomorrow 10am-12pm.,,,,,1593414300
p00093,bg_0018,user_bg_0018,1790191027,Local municipal council announced park cleanup drive this Sunday.,,,http://sundarpurnews.example/local,,1682529718
p03381,bg_0671,user_bg_0671,1790191083,Heavy traffic near Sundarpur Clock Tower due to market rush today.,,,,,1747639172
p01444,bg_0287,user_bg_0287,1790191142,Monsoon drainage repairs starting near Sundarpur east bus terminus.,,,,,1660608327
p03630,bg_0720,user_bg_0720,1790191179,Heavy traffic near Sundarpur Clock Tower due to market rush today.,,,,,1649352541
p01655,bg_0329,user_bg_0329,1790191264,Power cut announced for northern suburbs of Sundarpur tomorrow 10am-12pm.,,,,,1751849102
p01447,bg_0288,user_bg_0288,1790191289,Morning tea at Station Road in Sundarpur hits different during winters.,,,,#Sundarpur #Daily,1587268549
p02880,bg_0574,user_bg_0574,1790191353,Great community turnout for the Sundarpur cultural festival rehearsals.,,,,,1596989199
p01825,bg_0364,user_bg_0364,1790191425,Monsoon drainage repairs starting near Sundarpur east bus terminus.,,,,,1568241772
p02740,bg_0544,user_bg_0544,1790191450,Sundarpur central library renovation is finally completing this month.,,,,,1646625355
p03634,bg_0721,user_bg_0721,1790191458,Morning tea at Station Road in Sundarpur hits different during winters.,,,,,1634448000
p03053,bg_0607,user_bg_0607,1790191525,@user_bg_0355 Agree with this point completely.,,p01783,,,1726774117
p03990,bg_0794,user_bg_0794,1790191544,Power cut announced for northern suburbs of Sundarpur tomorrow 10am-12pm.,,,,,1592773961
p01761,bg_0351,user_bg_0351,1790191570,Evening cricket practice match at Sundarpur town stadium was exciting.,,,http://sundarpurnews.example/local,,1715910177
p03486,bg_0692,user_bg_0692,1790191712,"Delicious street food near Gandhi circle, best kachori in Sundarpur!",,,,,1607617763
p01185,bg_0237,user_bg_0237,1790191719,"Delicious street food near Gandhi circle, best kachori in Sundarpur!",,,,,1568117825
p03750,bg_0745,user_bg_0745,1790191742,Local municipal council announced park cleanup drive this Sunday.,,,,,1572193225
p02116,bg_0421,user_bg_0421,1790191746,Heavy traffic near Sundarpur Clock Tower due to market rush today.,,,,,1739702287
p02386,bg_0474,user_bg_0474,1790191831,"Delicious street food near Gandhi circle, best kachori in Sundarpur!",,,,,1592329607
p01090,bg_0218,user_bg_0218,1790191974,"Delicious street food near Gandhi circle, best kachori in Sundarpur!",,,,,1679723901
p01516,bg_0301,user_bg_0301,1790192012,Power cut announced for northern suburbs of Sundarpur tomorrow 10am-12pm.,,,,,1736599110
p01507,bg_0299,user_bg_0299,1790192026,Heavy traffic near Sundarpur Clock Tower due to market rush today.,,,http://sundarpurnews.example/local,,1641603121
p02207,bg_0439,user_bg_0439,1790192082,Local municipal council announced park cleanup drive this Sunday.,,,,,1703221950
p02149,bg_0428,user_bg_0428,1790192162,"Delicious street food near Gandhi circle, best kachori in Sundarpur!",,,,#Sundarpur #Daily,1573757856
p02948,bg_0587,user_bg_0587,1790192205,Monsoon drainage repairs starting near Sundarpur east bus terminus.,,,,,1691466181
p00025,bg_0005,user_bg_0005,1790192349,Great community turnout for the Sundarpur cultural festival rehearsals.,,,,,1727922997
p01804,bg_0359,user_bg_0359,1790192359,Sundarpur central library renovation is finally completing this month.,,,,,1630556107
p02081,bg_0414,user_bg_0414,1790192372,Local municipal council announced park cleanup drive this Sunday.,,,http://sundarpurnews.example/local,#Sundarpur #Daily,1589317733
p01128,bg_0226,user_bg_0226,1790192395,Power cut announced for northern suburbs of Sundarpur tomorrow 10am-12pm.,,,,,1666265805
p01051,bg_0210,user_bg_0210,1790192448,Evening cricket practice match at Sundarpur town stadium was exciting.,,,,,1695229940
p01311,bg_0261,user_bg_0261,1790192509,Local municipal council announced park cleanup drive this Sunday.,,,,,1725629984
p02162,bg_0430,user_bg_0430,1790192515,Great community turnout for the Sundarpur cultural festival rehearsals.,,,,,1653532339
p03056,bg_0608,user_bg_0608,1790192524,Great community turnout for the Sundarpur cultural festival rehearsals.,,,,,1753713863
p03790,bg_0753,user_bg_0753,1790192560,Pleasant breezy weather across Sundarpur this afternoon.,,,,,1755990793
p00804,bg_0160,user_bg_0160,1790192574,Sundarpur central library renovation is finally completing this month.,,,,,1666355572
p02727,bg_0542,user_bg_0542,1790192671,"Delicious street food near Gandhi circle, best kachori in Sundarpur!",,,,,1730307865
p00067,bg_0013,user_bg_0013,1790192685,Pleasant breezy weather across Sundarpur this afternoon.,,,,,1680730078
p03563,bg_0707,user_bg_0707,1790192723,Sundarpur central library renovation is finally completing this month.,,,,,1554161707
p01805,bg_0359,user_bg_0359,1790192741,Pleasant breezy weather across Sundarpur this afternoon.,,,,,1630556107
p01280,bg_0255,user_bg_0255,1790192759,Heavy traffic near Sundarpur Clock Tower due to market rush today.,,,,,1602364354
p04294,b_2006,voice_b_2006,1790192802,See the official inspection report leaked online: http://sundarpur-truth.example/secret-canal-diversion #SundarpurExposed,,,http://sundarpur-truth.example/secret-canal-diversion,#SundarpurExposed,1789304702
p04311,b_2023,voice_b_2023,1790192803,See the official inspection report leaked online: http://sundarpur-truth.example/secret-canal-diversion #SundarpurExposed,,,http://sundarpur-truth.example/secret-canal-diversion,#SundarpurExposed,1788644761
p04299,b_2011,voice_b_2011,1790192807,Read the leaked documents before they get taken down: http://sundarpur-truth.example/secret-canal-diversion #SundarpurExposed,,,http://sundarpur-truth.example/secret-canal-diversion,#SundarpurExposed,1789698465
p04309,b_2021,voice_b_2021,1790192809,Read the leaked documents before they get taken down: http://sundarpur-truth.example/secret-canal-diversion #SundarpurExposed,,,http://sundarpur-truth.example/secret-canal-diversion,#SundarpurExposed,1789595321
p04307,b_2019,voice_b_2019,1790192810,Exclusive report exposing the truth that mainstream media ignores: http://sundarpur-truth.example/secret-canal-diversion #SundarpurExposed,,,http://sundarpur-truth.example/secret-canal-diversion,#SundarpurExposed,1788667527
p04292,b_2004,voice_b_2004,1790192816,See the official inspection report leaked online: http://sundarpur-truth.example/secret-canal-diversion #SundarpurExposed,,,http://sundarpur-truth.example/secret-canal-diversion,#SundarpurExposed,1788358816
p04291,b_2003,voice_b_2003,1790192818,See the official inspection report leaked online: http://sundarpur-truth.example/secret-canal-diversion #SundarpurExposed,,,http://sundarpur-truth.example/secret-canal-diversion,#SundarpurExposed,1788988695
p04295,b_2007,voice_b_2007,1790192818,See the official inspection report leaked online: http://sundarpur-truth.example/secret-canal-diversion #SundarpurExposed,,,http://sundarpur-truth.example/secret-canal-diversion,#SundarpurExposed,1788572517
p04304,b_2016,voice_b_2016,1790192818,See the official inspection report leaked online: http://sundarpur-truth.example/secret-canal-diversion #SundarpurExposed,,,http://sundarpur-truth.example/secret-canal-diversion,#SundarpurExposed,1788497511
p04297,b_2009,voice_b_2009,1790192821,Exclusive report exposing the truth that mainstream media ignores: http://sundarpur-truth.example/secret-canal-diversion #SundarpurExposed,,,http://sundarpur-truth.example/secret-canal-diversion,#SundarpurExposed,1788670519
p04290,b_2002,voice_b_2002,1790192822,Important evidence documents available here: http://sundarpur-truth.example/secret-canal-diversion #SundarpurExposed,,,http://sundarpur-truth.example/secret-canal-diversion,#SundarpurExposed,1789064914
p04302,b_2014,voice_b_2014,1790192822,See the official inspection report leaked online: http://sundarpur-truth.example/secret-canal-diversion #SundarpurExposed,,,http://sundarpur-truth.example/secret-canal-diversion,#SundarpurExposed,1789337392
p04313,b_2025,voice_b_2025,1790192824,Read the leaked documents before they get taken down: http://sundarpur-truth.example/secret-canal-diversion #SundarpurExposed,,,http://sundarpur-truth.example/secret-canal-diversion,#SundarpurExposed,1789683189
p04306,b_2018,voice_b_2018,1790192825,Important evidence documents available here: http://sundarpur-truth.example/secret-canal-diversion #SundarpurExposed,,,http://sundarpur-truth.example/secret-canal-diversion,#SundarpurExposed,1788636823
p04310,b_2022,voice_b_2022,1790192831,Important evidence documents available here: http://sundarpur-truth.example/secret-canal-diversion #SundarpurExposed,,,http://sundarpur-truth.example/secret-canal-diversion,#SundarpurExposed,1789099979
p04298,b_2010,voice_b_2010,1790192832,Read the leaked documents before they get taken down: http://sundarpur-truth.example/secret-canal-diversion #SundarpurExposed,,,http://sundarpur-truth.example/secret-canal-diversion,#SundarpurExposed,1788741890
p04303,b_2015,voice_b_2015,1790192833,Exclusive report exposing the truth that mainstream media ignores: http://sundarpur-truth.example/secret-canal-diversion #SundarpurExposed,,,http://sundarpur-truth.example/secret-canal-diversion,#SundarpurExposed,1788358223
p04308,b_2020,voice_b_2020,1790192838,See the official inspection report leaked online: http://sundarpur-truth.example/secret-canal-diversion #SundarpurExposed,,,http://sundarpur-truth.example/secret-canal-diversion,#SundarpurExposed,1788790246
p04293,b_2005,voice_b_2005,1790192840,Exclusive report exposing the truth that mainstream media ignores: http://sundarpur-truth.example/secret-canal-diversion #SundarpurExposed,,,http://sundarpur-truth.example/secret-canal-diversion,#SundarpurExposed,1788643950
p04300,b_2012,voice_b_2012,1790192840,Read the leaked documents before they get taken down: http://sundarpur-truth.example/secret-canal-diversion #SundarpurExposed,,,http://sundarpur-truth.example/secret-canal-diversion,#SundarpurExposed,1788665872
p04296,b_2008,voice_b_2008,1790192844,See the official inspection report leaked online: http://sundarpur-truth.example/secret-canal-diversion #SundarpurExposed,,,http://sundarpur-truth.example/secret-canal-diversion,#SundarpurExposed,1789081289
p04312,b_2024,voice_b_2024,1790192844,Important evidence documents available here: http://sundarpur-truth.example/secret-canal-diversion #SundarpurExposed,,,http://sundarpur-truth.example/secret-canal-diversion,#SundarpurExposed,1789074260
p04301,b_2013,voice_b_2013,1790192845,Important evidence documents available here: http://sundarpur-truth.example/secret-canal-diversion #SundarpurExposed,,,http://sundarpur-truth.example/secret-canal-diversion,#SundarpurExposed,1788928823
p04305,b_2017,voice_b_2017,1790192848,See the official inspection report leaked online: http://sundarpur-truth.example/secret-canal-diversion #SundarpurExposed,,,http://sundarpur-truth.example/secret-canal-diversion,#SundarpurExposed,1789129669
p04289,b_2001,voice_b_2001,1790192855,Important evidence documents available here: http://sundarpur-truth.example/secret-canal-diversion #SundarpurExposed,,,http://sundarpur-truth.example/secret-canal-diversion,#SundarpurExposed,1788795712
p02656,bg_0528,user_bg_0528,1790192877,Sundarpur central library renovation is finally completing this month.,,,,,1591297168
p01533,bg_0304,user_bg_0304,1790192952,Monsoon drainage repairs starting near Sundarpur east bus terminus.,,,http://sundarpurnews.example/local,,1554922657
p02654,bg_0527,user_bg_0527,1790193020,Pleasant breezy weather across Sundarpur this afternoon.,,,,,1743266504
p03349,bg_0665,user_bg_0665,1790193033,Morning tea at Station Road in Sundarpur hits different during winters.,,,,#Sundarpur #Daily,1577069012
p00272,bg_0052,user_bg_0052,1790193036,Pleasant breezy weather across Sundarpur this afternoon.,,,,,1671413579
p02518,bg_0500,user_bg_0500,1790193070,Pleasant breezy weather across Sundarpur this afternoon.,,,,,1563220676
p00900,bg_0180,user_bg_0180,1790193121,Evening cricket practice match at Sundarpur town stadium was exciting.,,,,,1665047929
p00765,bg_0152,user_bg_0152,1790193176,Morning tea at Station Road in Sundarpur hits different during winters.,,,,,1675453723
p03599,bg_0714,user_bg_0714,1790193295,Morning tea at Station Road in Sundarpur hits different during winters.,,,,,1606872726
p02020,bg_0403,user_bg_0403,1790193299,Evening cricket practice match at Sundarpur town stadium was exciting.,,,,,1723119043
p01838,bg_0366,user_bg_0366,1790193360,Pleasant breezy weather across Sundarpur this afternoon.,,,,,1549032779
p03559,bg_0707,user_bg_0707,1790193437,Sundarpur central library renovation is finally completing this month.,,,,,1554161707
p02979,bg_0593,user_bg_0593,1790193466,Monsoon drainage repairs starting near Sundarpur east bus terminus.,,,http://sundarpurnews.example/local,,1553624623
p00495,bg_0099,user_bg_0099,1790193477,@user_bg_0081 Agree with this point completely.,,p00417,,,1679124392
p02673,bg_0531,user_bg_0531,1790193501,Pleasant breezy weather across Sundarpur this afternoon.,,,,,1745574147
p02755,bg_0548,user_bg_0548,1790193520,Local municipal council announced park cleanup drive this Sunday.,,,,,1656941017
p01324,bg_0264,user_bg_0264,1790193531,@user_bg_0158 Agree with this point completely.,,p00792,,,1749970057
p01375,bg_0274,user_bg_0274,1790193535,Pleasant breezy weather across Sundarpur this afternoon.,,,,,1696463889
p02424,bg_0482,user_bg_0482,1790193540,Pleasant breezy weather across Sundarpur this afternoon.,,,http://sundarpurnews.example/local,,1647353882
p01376,bg_0274,user_bg_0274,1790193575,Sundarpur central library renovation is finally completing this month.,,,,,1696463889
p03055,bg_0608,user_bg_0608,1790193624,Heavy traffic near Sundarpur Clock Tower due to market rush today.,,,,,1753713863
p03109,bg_0619,user_bg_0619,1790193627,Evening cricket practice match at Sundarpur town stadium was exciting.,,,,,1594397208
p02462,bg_0490,user_bg_0490,1790193651,Heavy traffic near Sundarpur Clock Tower due to market rush today.,,,,,1582343573
p02598,bg_0516,user_bg_0516,1790193658,Power cut announced for northern suburbs of Sundarpur tomorrow 10am-12pm.,,,,,1658591932
p01170,bg_0234,user_bg_0234,1790193840,Local municipal council announced park cleanup drive this Sunday.,,,,,1691418186
p00144,bg_0027,user_bg_0027,1790193844,Great community turnout for the Sundarpur cultural festival rehearsals.,,,,,1539800200
p01331,bg_0265,user_bg_0265,1790193916,"Delicious street food near Gandhi circle, best kachori in Sundarpur!",,,,,1672093477
p01044,bg_0209,user_bg_0209,1790193977,Local municipal council announced park cleanup drive this Sunday.,,,,,1612764048
p03164,bg_0629,user_bg_0629,1790194075,Sundarpur central library renovation is finally completing this month.,,,,,1704053579
p02105,bg_0419,user_bg_0419,1790194114,Sundarpur central library renovation is finally completing this month.,,,,,1584604110
p03882,bg_0772,user_bg_0772,1790194139,Local municipal council announced park cleanup drive this Sunday.,,,,,1604543584
p01095,bg_0219,user_bg_0219,1790194160,Great community turnout for the Sundarpur cultural festival rehearsals.,,,,,1690313827
p03881,bg_0772,user_bg_0772,1790194230,Pleasant breezy weather across Sundarpur this afternoon.,,,http://sundarpurnews.example/local,,1604543584
p03129,bg_0623,user_bg_0623,1790194300,Evening cricket practice match at Sundarpur town stadium was exciting.,,,,,1584350420
p00939,bg_0188,user_bg_0188,1790194302,Heavy traffic near Sundarpur Clock Tower due to market rush today.,,,,,1740644897
p00114,bg_0022,user_bg_0022,1790194336,Power cut announced for northern suburbs of Sundarpur tomorrow 10am-12pm.,,,,,1545057871
p00783,bg_0156,user_bg_0156,1790194350,Great community turnout for the Sundarpur cultural festival rehearsals.,,,,,1539504345
p00769,bg_0153,user_bg_0153,1790194430,Morning tea at Station Road in Sundarpur hits different during winters.,,,http://sundarpurnews.example/local,,1716256268
p03480,bg_0691,user_bg_0691,1790194483,Local municipal council announced park cleanup drive this Sunday.,p00936,,,,1725035366
p03428,bg_0680,user_bg_0680,1790194527,Great community turnout for the Sundarpur cultural festival rehearsals.,,,,,1643655525
p00660,bg_0131,user_bg_0131,1790194643,Power cut announced for northern suburbs of Sundarpur tomorrow 10am-12pm.,,,,,1725630182
p02169,bg_0432,user_bg_0432,1790194679,@user_bg_0358 Agree with this point completely.,,p01797,,,1557459799
p00682,bg_0135,user_bg_0135,1790194719,Power cut announced for northern suburbs of Sundarpur tomorrow 10am-12pm.,,,,,1737889579
p01249,bg_0249,user_bg_0249,1790194810,Morning tea at Station Road in Sundarpur hits different during winters.,,,,,1652212425
p03370,bg_0669,user_bg_0669,1790194818,Local municipal council announced park cleanup drive this Sunday.,,,,,1574179535
p00944,bg_0189,user_bg_0189,1790194996,Sundarpur central library renovation is finally completing this month.,,,,,1608822665
p03828,bg_0761,user_bg_0761,1790195012,"Delicious street food near Gandhi circle, best kachori in Sundarpur!",,,,#Sundarpur #Daily,1595923005
p00257,bg_0049,user_bg_0049,1790195018,Great community turnout for the Sundarpur cultural festival rehearsals.,,,,,1582054256
p01546,bg_0307,user_bg_0307,1790195043,Monsoon drainage repairs starting near Sundarpur east bus terminus.,,,,,1620678121
p02642,bg_0525,user_bg_0525,1790195193,Sundarpur central library renovation is finally completing this month.,,,,#Sundarpur #Daily,1556305396
p01440,bg_0287,user_bg_0287,1790195210,Sundarpur central library renovation is finally completing this month.,,,http://sundarpurnews.example/local,,1660608327
p02612,bg_0519,user_bg_0519,1790195211,Morning tea at Station Road in Sundarpur hits different during winters.,,,,#Sundarpur #Daily,1600648992
p00614,bg_0122,user_bg_0122,1790195247,Evening cricket practice match at Sundarpur town stadium was exciting.,,,,,1690891331
p01839,bg_0367,user_bg_0367,1790195251,Heavy traffic near Sundarpur Clock Tower due to market rush today.,,,,#Sundarpur #Daily,1644588177
p00860,bg_0171,user_bg_0171,1790195274,Great community turnout for the Sundarpur cultural festival rehearsals.,,,,,1711820945
p02841,bg_0566,user_bg_0566,1790195275,Monsoon drainage repairs starting near Sundarpur east bus terminus.,,,,,1668808236
p03406,bg_0676,user_bg_0676,1790195329,Local municipal council announced park cleanup drive this Sunday.,,,,,1644722130
p01409,bg_0280,user_bg_0280,1790195330,Monsoon drainage repairs starting near Sundarpur east bus terminus.,,,,,1548002388
p00894,bg_0178,user_bg_0178,1790195490,Monsoon drainage repairs starting near Sundarpur east bus terminus.,,,,,1562428840
p03854,bg_0766,user_bg_0766,1790195543,Heavy traffic near Sundarpur Clock Tower due to market rush today.,,,,,1717962688
p01602,bg_0318,user_bg_0318,1790195550,@user_bg_0126 Agree with this point completely.,,p00634,,,1549244375
p01718,bg_0342,user_bg_0342,1790195699,Morning tea at Station Road in Sundarpur hits different during winters.,,,,,1543742212
p01202,bg_0240,user_bg_0240,1790195742,Power cut announced for northern suburbs of Sundarpur tomorrow 10am-12pm.,,,,,1538152345
p03636,bg_0722,user_bg_0722,1790195759,Local municipal council announced park cleanup drive this Sunday.,,,,,1694427576
p02838,bg_0565,user_bg_0565,1790195798,Heavy traffic near Sundarpur Clock Tower due to market rush today.,,,,,1676498043
p03597,bg_0713,user_bg_0713,1790195798,Morning tea at Station Road in Sundarpur hits different during winters.,,,,,1555507243
p00281,bg_0054,user_bg_0054,1790195851,Pleasant breezy weather across Sundarpur this afternoon.,,,,,1551818555
p02521,bg_0501,user_bg_0501,1790195983,Sundarpur central library renovation is finally completing this month.,,,,,1725715051
p02800,bg_0557,user_bg_0557,1790196065,Heavy traffic near Sundarpur Clock Tower due to market rush today.,,,,#Sundarpur #Daily,1707141607
p00118,bg_0023,user_bg_0023,1790196095,Sundarpur central library renovation is finally completing this month.,,,,,1743371417
p03689,bg_0733,user_bg_0733,1790196097,Morning tea at Station Road in Sundarpur hits different during winters.,,,,,1728630095
p02450,bg_0488,user_bg_0488,1790196188,Great community turnout for the Sundarpur cultural festival rehearsals.,,,,#Sundarpur #Daily,1692316752
p03075,bg_0612,user_bg_0612,1790196188,Power cut announced for northern suburbs of Sundarpur tomorrow 10am-12pm.,p01888,,,,1623903695
p03028,bg_0603,user_bg_0603,1790196260,Great community turnout for the Sundarpur cultural festival rehearsals.,,,,,1717970985
p02148,bg_0428,user_bg_0428,1790196311,Pleasant breezy weather across Sundarpur this afternoon.,,,,,1573757856
p03719,bg_0738,user_bg_0738,1790196390,Morning tea at Station Road in Sundarpur hits different during winters.,,,,,1586833970
p02271,bg_0451,user_bg_0451,1790196414,Power cut announced for northern suburbs of Sundarpur tomorrow 10am-12pm.,,,,,1708328559
p00974,bg_0196,user_bg_0196,1790196543,Power cut announced for northern suburbs of Sundarpur tomorrow 10am-12pm.,,,,,1732012336
p03310,bg_0657,user_bg_0657,1790196609,Heavy traffic near Sundarpur Clock Tower due to market rush today.,,,,,1631886386
p02407,bg_0478,user_bg_0478,1790196728,Evening cricket practice match at Sundarpur town stadium was exciting.,,,,,1612998542
p01967,bg_0392,user_bg_0392,1790196739,Heavy traffic near Sundarpur Clock Tower due to market rush today.,,,,#Sundarpur #Daily,1563901757
p02951,bg_0588,user_bg_0588,1790196779,Pleasant breezy weather across Sundarpur this afternoon.,,,,,1670044000
p02815,bg_0561,user_bg_0561,1790196828,Pleasant breezy weather across Sundarpur this afternoon.,,,,,1730776687
p01682,bg_0335,user_bg_0335,1790196874,Morning tea at Station Road in Sundarpur hits different during winters.,,,,,1751514239
p00282,bg_0054,user_bg_0054,1790196949,Heavy traffic near Sundarpur Clock Tower due to market rush today.,,,,#Sundarpur #Daily,1551818555
p01341,bg_0267,user_bg_0267,1790196952,Power cut announced for northern suburbs of Sundarpur tomorrow 10am-12pm.,,,,#Sundarpur #Daily,1597522321
p00158,bg_0030,user_bg_0030,1790196955,Morning tea at Station Road in Sundarpur hits different during winters.,,,,,1678030730
p03852,bg_0766,user_bg_0766,1790197038,Sundarpur central library renovation is finally completing this month.,,,,,1717962688
p00663,bg_0132,user_bg_0132,1790197091,Heavy traffic near Sundarpur Clock Tower due to market rush today.,,,,#Sundarpur #Daily,1699818869
p03284,bg_0652,user_bg_0652,1790197096,Sundarpur central library renovation is finally completing this month.,,,,,1660558964
p03756,bg_0746,user_bg_0746,1790197096,Morning tea at Station Road in Sundarpur hits different during winters.,p00075,,,,1742562503
p00147,bg_0028,user_bg_0028,1790197121,@user_bg_0021 Agree with this point completely.,,p00109,http://sundarpurnews.example/local,,1554379603
p02068,bg_0412,user_bg_0412,1790197227,Sundarpur central library renovation is finally completing this month.,,,,,1754359243
p00880,bg_0176,user_bg_0176,1790197248,Great community turnout for the Sundarpur cultural festival rehearsals.,,,,,1542257717
p00140,bg_0027,user_bg_0027,1790197255,Sundarpur central library renovation is finally completing this month.,,,,,1539800200
p01361,bg_0271,user_bg_0271,1790197294,Evening cricket practice match at Sundarpur town stadium was exciting.,,,,,1706504390
p00604,bg_0120,user_bg_0120,1790197295,Great community turnout for the Sundarpur cultural festival rehearsals.,,,,,1616174873
p01436,bg_0286,user_bg_0286,1790197384,Power cut announced for northern suburbs of Sundarpur tomorrow 10am-12pm.,,,,,1671250779
p03250,bg_0646,user_bg_0646,1790197417,"Delicious street food near Gandhi circle, best kachori in Sundarpur!",,,,,1558874096
p02190,bg_0436,user_bg_0436,1790197491,Monsoon drainage repairs starting near Sundarpur east bus terminus.,,,,,1729939785
p03411,bg_0677,user_bg_0677,1790197606,Evening cricket practice match at Sundarpur town stadium was exciting.,,,,,1706167809
p01910,bg_0380,user_bg_0380,1790197726,Sundarpur central library renovation is finally completing this month.,,,,,1691050421
p01835,bg_0366,user_bg_0366,1790197746,Power cut announced for northern suburbs of Sundarpur tomorrow 10am-12pm.,,,,,1549032779
p01543,bg_0306,user_bg_0306,1790197759,"Delicious street food near Gandhi circle, best kachori in Sundarpur!",,,,,1634227139
p00251,bg_0048,user_bg_0048,1790197810,"Delicious street food near Gandhi circle, best kachori in Sundarpur!",p00058,,,,1647348669
p00138,bg_0026,user_bg_0026,1790197894,Sundarpur central library renovation is finally completing this month.,,,,,1563292027
p00176,bg_0034,user_bg_0034,1790198005,Pleasant breezy weather across Sundarpur this afternoon.,p00142,,,,1629543719
p03470,bg_0689,user_bg_0689,1790198009,Heavy traffic near Sundarpur Clock Tower due to market rush today.,p02221,,http://sundarpurnews.example/local,,1638740241
p02057,bg_0410,user_bg_0410,1790198018,@user_bg_0265 Agree with this point completely.,,p01330,,,1655286151
p00406,bg_0079,user_bg_0079,1790198025,Sundarpur central library renovation is finally completing this month.,,,,,1567815914
p03449,bg_0685,user_bg_0685,1790198040,"Delicious street food near Gandhi circle, best kachori in Sundarpur!",,,,,1718254614
p01521,bg_0302,user_bg_0302,1790198137,Local municipal council announced park cleanup drive this Sunday.,,,http://sundarpurnews.example/local,,1610047049
p02665,bg_0529,user_bg_0529,1790198143,Power cut announced for northern suburbs of Sundarpur tomorrow 10am-12pm.,,,http://sundarpurnews.example/local,#Sundarpur #Daily,1622091061
p03103,bg_0618,user_bg_0618,1790198196,"Delicious street food near Gandhi circle, best kachori in Sundarpur!",,,,,1736396083
p02937,bg_0584,user_bg_0584,1790198247,Sundarpur central library renovation is finally completing this month.,,,,,1582903912
p01478,bg_0293,user_bg_0293,1790198255,Evening cricket practice match at Sundarpur town stadium was exciting.,,,,#Sundarpur #Daily,1645577198
p00422,bg_0082,user_bg_0082,1790198262,Local municipal council announced park cleanup drive this Sunday.,,,,,1751793062
p02161,bg_0430,user_bg_0430,1790198429,Great community turnout for the Sundarpur cultural festival rehearsals.,,,,,1653532339
p00474,bg_0094,user_bg_0094,1790198436,Power cut announced for northern suburbs of Sundarpur tomorrow 10am-12pm.,,,,,1687537657
p00544,bg_0108,user_bg_0108,1790198538,Great community turnout for the Sundarpur cultural festival rehearsals.,,,,,1576763195
p03067,bg_0610,user_bg_0610,1790198636,Heavy traffic near Sundarpur Clock Tower due to market rush today.,,,,,1597775511
p02874,bg_0572,user_bg_0572,1790198650,@user_bg_0419 Agree with this point completely.,,p02105,,,1652847746
p02265,bg_0450,user_bg_0450,1790198710,Power cut announced for northern suburbs of Sundarpur tomorrow 10am-12pm.,,,,,1705934816
p02946,bg_0587,user_bg_0587,1790198774,Morning tea at Station Road in Sundarpur hits different during winters.,,,,#Sundarpur #Daily,1691466181
p04130,a_1027,alert_a_1027,1790198800,Warning! Water release from Sundarpur main dam planned tonight! Administration silent. Mass gathering at Collector office 7 PM sharp. #SundarpurAlert,,,,#SundarpurAlert,1789760045
p04109,a_1006,alert_a_1006,1790198801,Critical warning! Water release from Sundarpur main dam planned tonight! Administration silent. Mass gathering at Collector office 7 PM sharp! #SundarpurAlert,,,,#SundarpurAlert,1789747763
p01567,bg_0311,user_bg_0311,1790198802,Morning tea at Station Road in Sundarpur hits different during winters.,,,,,1662152325
p04112,a_1009,alert_a_1009,1790198802,Critical warning!! Water release from Sundarpur main dam planned tonight!! Administration silent. Mass gathering at Collector office 7 PM sharp!! #SundarpurAlert,,,,#SundarpurAlert,1789446223
p04142,a_1039,alert_a_1039,1790198802,Warning! Water release from Sundarpur main dam planned tonight! Administration silent. Mass gathering at Collector office 7 PM sharp. #SundarpurAlert,,,,#SundarpurAlert,1789409310
p04115,a_1012,alert_a_1012,1790198804,Critical warning! Water release from Sundarpur main dam planned tonight! Administration silent. Mass gathering at Collector office 7 PM sharp! #SundarpurAlert,,,,#SundarpurAlert,1789583179
p04118,a_1015,alert_a_1015,1790198804,Critical warning!! Water release from Sundarpur main dam planned tonight!! Administration silent. Mass gathering at Collector office 7 PM sharp!! #SundarpurAlert,,,,#SundarpurAlert,1789357555
p04137,a_1034,alert_a_1034,1790198804,Warning! Water release from Sundarpur main dam planned tonight! Administration silent. Mass gathering at Collector office 7 PM sharp. #SundarpurAlert,,,,#SundarpurAlert,1789676615
p04141,a_1038,alert_a_1038,1790198804,Critical warning! Water release from Sundarpur main dam planned tonight! Administration silent. Mass gathering at Collector office 7 PM sharp! #SundarpurAlert,,,,#SundarpurAlert,1789609353
p04116,a_1013,alert_a_1013,1790198805,Warning! Water release from Sundarpur main dam planned tonight! Administration silent. Mass gathering at Collector office 7 PM sharp. #SundarpurAlert,,,,#SundarpurAlert,1789784291
p04117,a_1014,alert_a_1014,1790198805,Warning! Water release from Sundarpur main dam planned tonight! Administration silent. Mass gathering at Collector office 7 PM sharp. #SundarpurAlert,,,,#SundarpurAlert,1789834288
p04129,a_1026,alert_a_1026,1790198805,Critical warning! Water release from Sundarpur main dam planned tonight! Administration silent. Mass gathering at Collector office 7 PM sharp! #SundarpurAlert,,,,#SundarpurAlert,1789668975
p04108,a_1005,alert_a_1005,1790198806,Warning! Water release from Sundarpur main dam planned tonight! Administration silent. Mass gathering at Collector office 7 PM sharp. #SundarpurAlert,,,,#SundarpurAlert,1789576053
p04139,a_1036,alert_a_1036,1790198809,Critical warning!! Water release from Sundarpur main dam planned tonight!! Administration silent. Mass gathering at Collector office 7 PM sharp!! #SundarpurAlert,,,,#SundarpurAlert,1789931211
p04126,a_1023,alert_a_1023,1790198810,Critical warning! Water release from Sundarpur main dam planned tonight! Administration silent. Mass gathering at Collector office 7 PM sharp! #SundarpurAlert,,,,#SundarpurAlert,1789961631
p04134,a_1031,alert_a_1031,1790198810,Critical warning!! Water release from Sundarpur main dam planned tonight!! Administration silent. Mass gathering at Collector office 7 PM sharp!! #SundarpurAlert,,,,#SundarpurAlert,1789264913
p04104,a_1001,alert_a_1001,1790198811,Warning! Water release from Sundarpur main dam planned tonight! Administration silent. Mass gathering at Collector office 7 PM sharp. #SundarpurAlert,,,,#SundarpurAlert,1789253407
p04106,a_1003,alert_a_1003,1790198811,Critical warning!! Water release from Sundarpur main dam planned tonight!! Administration silent. Mass gathering at Collector office 7 PM sharp!! #SundarpurAlert,,,,#SundarpurAlert,1789347949
p04111,a_1008,alert_a_1008,1790198813,Critical warning!! Water release from Sundarpur main dam planned tonight!! Administration silent. Mass gathering at Collector office 7 PM sharp!! #SundarpurAlert,,,,#SundarpurAlert,1789243440
p04119,a_1016,alert_a_1016,1790198813,Critical warning! Water release from Sundarpur main dam planned tonight! Administration silent. Mass gathering at Collector office 7 PM sharp! #SundarpurAlert,,,,#SundarpurAlert,1789578139
p04128,a_1025,alert_a_1025,1790198814,Warning! Water release from Sundarpur main dam planned tonight! Administration silent. Mass gathering at Collector office 7 PM sharp. #SundarpurAlert,,,,#SundarpurAlert,1789935099
p04105,a_1002,alert_a_1002,1790198815,Critical warning!! Water release from Sundarpur main dam planned tonight!! Administration silent. Mass gathering at Collector office 7 PM sharp!! #SundarpurAlert,,,,#SundarpurAlert,1789940824
p04131,a_1028,alert_a_1028,1790198816,Critical warning!! Water release from Sundarpur main dam planned tonight!! Administration silent. Mass gathering at Collector office 7 PM sharp!! #SundarpurAlert,,,,#SundarpurAlert,1789835701
p04132,a_1029,alert_a_1029,1790198816,Critical warning! Water release from Sundarpur main dam planned tonight! Administration silent. Mass gathering at Collector office 7 PM sharp! #SundarpurAlert,,,,#SundarpurAlert,1789264532
p04135,a_1032,alert_a_1032,1790198816,Critical warning! Water release from Sundarpur main dam planned tonight! Administration silent. Mass gathering at Collector office 7 PM sharp! #SundarpurAlert,,,,#SundarpurAlert,1789401766
p04125,a_1022,alert_a_1022,1790198817,Critical warning!! Water release from Sundarpur main dam planned tonight!! Administration silent. Mass gathering at Collector office 7 PM sharp!! #SundarpurAlert,,,,#SundarpurAlert,1789694757
p04113,a_1010,alert_a_1010,1790198818,Critical warning! Water release from Sundarpur main dam planned tonight! Administration silent. Mass gathering at Collector office 7 PM sharp! #SundarpurAlert,,,,#SundarpurAlert,1789492409
p04120,a_1017,alert_a_1017,1790198818,Warning! Water release from Sundarpur main dam planned tonight! Administration silent. Mass gathering at Collector office 7 PM sharp. #SundarpurAlert,,,,#SundarpurAlert,1789247306
p04122,a_1019,alert_a_1019,1790198818,Critical warning! Water release from Sundarpur main dam planned tonight! Administration silent. Mass gathering at Collector office 7 PM sharp! #SundarpurAlert,,,,#SundarpurAlert,1789403053
p04110,a_1007,alert_a_1007,1790198819,Critical warning! Water release from Sundarpur main dam planned tonight! Administration silent. Mass gathering at Collector office 7 PM sharp! #SundarpurAlert,,,,#SundarpurAlert,1789229545
p04136,a_1033,alert_a_1033,1790198819,Critical warning!! Water release from Sundarpur main dam planned tonight!! Administration silent. Mass gathering at Collector office 7 PM sharp!! #SundarpurAlert,,,,#SundarpurAlert,1789520826
p04143,a_1040,alert_a_1040,1790198820,Critical warning! Water release from Sundarpur main dam planned tonight! Administration silent. Mass gathering at Collector office 7 PM sharp! #SundarpurAlert,,,,#SundarpurAlert,1789610263
p04123,a_1020,alert_a_1020,1790198821,Warning! Water release from Sundarpur main dam planned tonight! Administration silent. Mass gathering at Collector office 7 PM sharp. #SundarpurAlert,,,,#SundarpurAlert,1789359451
p04140,a_1037,alert_a_1037,1790198821,Critical warning! Water release from Sundarpur main dam planned tonight! Administration silent. Mass gathering at Collector office 7 PM sharp! #SundarpurAlert,,,,#SundarpurAlert,1789427618
p04107,a_1004,alert_a_1004,1790198822,Warning! Water release from Sundarpur main dam planned tonight! Administration silent. Mass gathering at Collector office 7 PM sharp. #SundarpurAlert,,,,#SundarpurAlert,1789434408
p04124,a_1021,alert_a_1021,1790198823,Critical warning! Water release from Sundarpur main dam planned tonight! Administration silent. Mass gathering at Collector office 7 PM sharp! #SundarpurAlert,,,,#SundarpurAlert,1789422192
p04114,a_1011,alert_a_1011,1790198827,Critical warning! Water release from Sundarpur main dam planned tonight! Administration silent. Mass gathering at Collector office 7 PM sharp! #SundarpurAlert,,,,#SundarpurAlert,1789532765
p04127,a_1024,alert_a_1024,1790198827,Warning! Water release from Sundarpur main dam planned tonight! Administration silent. Mass gathering at Collector office 7 PM sharp. #SundarpurAlert,,,,#SundarpurAlert,1789437127
p04121,a_1018,alert_a_1018,1790198828,Critical warning! Water release from Sundarpur main dam planned tonight! Administration silent. Mass gathering at Collector office 7 PM sharp! #SundarpurAlert,,,,#SundarpurAlert,1789844079
p04133,a_1030,alert_a_1030,1790198828,Warning! Water release from Sundarpur main dam planned tonight! Administration silent. Mass gathering at Collector office 7 PM sharp. #SundarpurAlert,,,,#SundarpurAlert,1789353536
p04138,a_1035,alert_a_1035,1790198828,Critical warning!! Water release from Sundarpur main dam planned tonight!! Administration silent. Mass gathering at Collector office 7 PM sharp!! #SundarpurAlert,,,,#SundarpurAlert,1789849815
p03454,bg_0686,user_bg_0686,1790198858,Morning tea at Station Road in Sundarpur hits different during winters.,,,,#Sundarpur #Daily,1563540983
p02253,bg_0448,user_bg_0448,1790198936,Power cut announced for northern suburbs of Sundarpur tomorrow 10am-12pm.,,,,,1608196643
p03914,bg_0779,user_bg_0779,1790198947,Pleasant breezy weather across Sundarpur this afternoon.,,,,,1718324747
p00074,bg_0014,user_bg_0014,1790199105,Local municipal council announced park cleanup drive this Sunday.,,,,,1550157263
p03303,bg_0656,user_bg_0656,1790199152,@user_bg_0155 Agree with this point completely.,,p00775,,#Sundarpur #Daily,1712036347
p01716,bg_0341,user_bg_0341,1790199200,Heavy traffic near Sundarpur Clock Tower due to market rush today.,,,,#Sundarpur #Daily,1699326615
p00189,bg_0036,user_bg_0036,1790199207,"Delicious street food near Gandhi circle, best kachori in Sundarpur!",,,,,1684507793
p01015,bg_0204,user_bg_0204,1790199211,Monsoon drainage repairs starting near Sundarpur east bus terminus.,,,,,1670316673
p03366,bg_0668,user_bg_0668,1790199245,Heavy traffic near Sundarpur Clock Tower due to market rush today.,,,,#Sundarpur #Daily,1540968083
p03930,bg_0782,user_bg_0782,1790199308,Local municipal council announced park cleanup drive this Sunday.,,,,,1706449368
p01000,bg_0201,user_bg_0201,1790199395,"Delicious street food near Gandhi circle, best kachori in Sundarpur!",,,,#Sundarpur #Daily,1743870004
p02340,bg_0465,user_bg_0465,1790199502,Evening cricket practice match at Sundarpur town stadium was exciting.,,,,,1555122555
p03869,bg_0769,user_bg_0769,1790199528,Evening cricket practice match at Sundarpur town stadium was exciting.,p01211,,,,1595873828
p01011,bg_0204,user_bg_0204,1790199651,Evening cricket practice match at Sundarpur town stadium was exciting.,,,,#Sundarpur #Daily,1670316673
p02244,bg_0446,user_bg_0446,1790199656,Local municipal council announced park cleanup drive this Sunday.,,,,,1665114727
p02388,bg_0474,user_bg_0474,1790199694,Pleasant breezy weather across Sundarpur this afternoon.,,,,,1592329607
p02404,bg_0477,user_bg_0477,1790199700,Sundarpur central library renovation is finally completing this month.,,,,,1701796028
p01824,bg_0364,user_bg_0364,1790199704,Morning tea at Station Road in Sundarpur hits different during winters.,,,http://sundarpurnews.example/local,,1568241772
p02264,bg_0450,user_bg_0450,1790199722,Local municipal council announced park cleanup drive this Sunday.,,,,,1705934816
p02787,bg_0555,user_bg_0555,1790199728,Local municipal council announced park cleanup drive this Sunday.,,,http://sundarpurnews.example/local,,1654884584
p00395,bg_0077,user_bg_0077,1790199757,Pleasant breezy weather across Sundarpur this afternoon.,,,,,1688294432
p02861,bg_0569,user_bg_0569,1790199797,Monsoon drainage repairs starting near Sundarpur east bus terminus.,,,,,1565261506
p00202,bg_0039,user_bg_0039,1790199805,Local municipal council announced park cleanup drive this Sunday.,,,,,1672052617
p01742,bg_0347,user_bg_0347,1790199844,Monsoon drainage repairs starting near Sundarpur east bus terminus.,,,,,1618316395
p01487,bg_0295,user_bg_0295,1790199969,"Delicious street food near Gandhi circle, best kachori in Sundarpur!",,,http://sundarpurnews.example/local,,1705325511
p02414,bg_0480,user_bg_0480,1790200011,Great community turnout for the Sundarpur cultural festival rehearsals.,,,,,1563949609
p02803,bg_0558,user_bg_0558,1790200051,Local municipal council announced park cleanup drive this Sunday.,,,,,1570738008
p03051,bg_0607,user_bg_0607,1790200080,Local municipal council announced park cleanup drive this Sunday.,p00196,,,,1726774117
p02766,bg_0550,user_bg_0550,1790200224,Monsoon drainage repairs starting near Sundarpur east bus terminus.,,,,,1723867866
p00601,bg_0120,user_bg_0120,1790200274,Local municipal council announced park cleanup drive this Sunday.,,,,,1616174873
p01932,bg_0385,user_bg_0385,1790200294,@user_bg_0305 Agree with this point completely.,,p01536,,,1752568196
p03189,bg_0634,user_bg_0634,1790200298,Pleasant breezy weather across Sundarpur this afternoon.,,,http://sundarpurnews.example/local,,1601759887
p02028,bg_0404,user_bg_0404,1790200312,Pleasant breezy weather across Sundarpur this afternoon.,,,http://sundarpurnews.example/local,,1653830616
p02166,bg_0431,user_bg_0431,1790200320,Sundarpur central library renovation is finally completing this month.,,,,,1606925626
p01284,bg_0256,user_bg_0256,1790200364,Power cut announced for northern suburbs of Sundarpur tomorrow 10am-12pm.,,,,,1683071000
p03625,bg_0719,user_bg_0719,1790200377,Local municipal council announced park cleanup drive this Sunday.,,,,#Sundarpur #Daily,1694876618
p00557,bg_0110,user_bg_0110,1790200383,Evening cricket practice match at Sundarpur town stadium was exciting.,,,,,1682901878
p01877,bg_0374,user_bg_0374,1790200384,Power cut announced for northern suburbs of Sundarpur tomorrow 10am-12pm.,,,,,1694386304
p01813,bg_0361,user_bg_0361,1790200443,Morning tea at Station Road in Sundarpur hits different during winters.,,,,,1604575886
p03746,bg_0744,user_bg_0744,1790200482,Power cut announced for northern suburbs of Sundarpur tomorrow 10am-12pm.,,,,#Sundarpur #Daily,1548802183
p02471,bg_0492,user_bg_0492,1790200691,Morning tea at Station Road in Sundarpur hits different during winters.,,,http://sundarpurnews.example/local,,1686667803
p00590,bg_0117,user_bg_0117,1790200731,Great community turnout for the Sundarpur cultural festival rehearsals.,,,http://sundarpurnews.example/local,,1608840283
p00815,bg_0162,user_bg_0162,1790200737,Sundarpur central library renovation is finally completing this month.,,,,,1664739076
p02126,bg_0423,user_bg_0423,1790200765,Sundarpur central library renovation is finally completing this month.,,,,,1651133564
p01915,bg_0381,user_bg_0381,1790200789,"Delicious street food near Gandhi circle, best kachori in Sundarpur!",,,,,1673294071
p02967,bg_0591,user_bg_0591,1790200840,Heavy traffic near Sundarpur Clock Tower due to market rush today.,,,,,1744734092
p00200,bg_0038,user_bg_0038,1790200855,Heavy traffic near Sundarpur Clock Tower due to market rush today.,,,,,1698194010
p03182,bg_0632,user_bg_0632,1790200961,Morning tea at Station Road in Sundarpur hits different during winters.,,,,,1659680288
p02272,bg_0451,user_bg_0451,1790200965,Great community turnout for the Sundarpur cultural festival rehearsals.,,,,,1708328559
p03527,bg_0701,user_bg_0701,1790200972,Evening cricket practice match at Sundarpur town stadium was exciting.,,,,,1559927207
p03708,bg_0736,user_bg_0736,1790200986,Heavy traffic near Sundarpur Clock Tower due to market rush today.,,,,,1729782065
p01212,bg_0242,user_bg_0242,1790201032,Evening cricket practice match at Sundarpur town stadium was exciting.,,,http://sundarpurnews.example/local,,1579191738
p02167,bg_0431,user_bg_0431,1790201074,Sundarpur central library renovation is finally completing this month.,,,http://sundarpurnews.example/local,,1606925626
p01417,bg_0282,user_bg_0282,1790201225,Great community turnout for the Sundarpur cultural festival rehearsals.,,,,,1580071133
p01316,bg_0262,user_bg_0262,1790201269,Monsoon drainage repairs starting near Sundarpur east bus terminus.,,,,,1648819044
p01228,bg_0245,user_bg_0245,1790201273,Morning tea at Station Road in Sundarpur hits different during winters.,,,,,1562492683
p03484,bg_0692,user_bg_0692,1790201282,Morning tea at Station Road in Sundarpur hits different during winters.,,,,,1607617763
p03334,bg_0662,user_bg_0662,1790201307,Evening cricket practice match at Sundarpur town stadium was exciting.,,,http://sundarpurnews.example/local,,1572513296
p00275,bg_0053,user_bg_0053,1790201379,Evening cricket practice match at Sundarpur town stadium was exciting.,,,,#Sundarpur #Daily,1567953638
p03958,bg_0787,user_bg_0787,1790201467,Pleasant breezy weather across Sundarpur this afternoon.,,,,,1732016018
p03388,bg_0672,user_bg_0672,1790201507,Pleasant breezy weather across Sundarpur this afternoon.,,,,,1589226240
p01407,bg_0280,user_bg_0280,1790201546,Power cut announced for northern suburbs of Sundarpur tomorrow 10am-12pm.,,,,#Sundarpur #Daily,1548002388
p01920,bg_0382,user_bg_0382,1790201567,Morning tea at Station Road in Sundarpur hits different during winters.,,,,,1585790368
p03554,bg_0706,user_bg_0706,1790201588,Monsoon drainage repairs starting near Sundarpur east bus terminus.,,,,,1634201579
p00469,bg_0093,user_bg_0093,1790201603,Heavy traffic near Sundarpur Clock Tower due to market rush today.,,,,,1683765886
p03761,bg_0747,user_bg_0747,1790201629,Pleasant breezy weather across Sundarpur this afternoon.,,,,,1618887354
p01840,bg_0367,user_bg_0367,1790201631,Power cut announced for northern suburbs of Sundarpur tomorrow 10am-12pm.,,,,#Sundarpur #Daily,1644588177
p02916,bg_0581,user_bg_0581,1790201661,Evening cricket practice match at Sundarpur town stadium was exciting.,,,,,1618585576
p03887,bg_0773,user_bg_0773,1790201686,@user_bg_0642 Agree with this point completely.,,p03229,,,1616976676
p00619,bg_0123,user_bg_0123,1790201814,Monsoon drainage repairs starting near Sundarpur east bus terminus.,,,,#Sundarpur #Daily,1568928400
p01068,bg_0214,user_bg_0214,1790201849,Evening cricket practice match at Sundarpur town stadium was exciting.,,,,,1745014494
p02908,bg_0579,user_bg_0579,1790201852,Evening cricket practice match at Sundarpur town stadium was exciting.,,,,,1555257180
p01192,bg_0238,user_bg_0238,1790201891,Great community turnout for the Sundarpur cultural festival rehearsals.,,,,,1629838131
p02580,bg_0513,user_bg_0513,1790201930,Morning tea at Station Road in Sundarpur hits different during winters.,,,,,1660939987
p02991,bg_0596,user_bg_0596,1790201937,Monsoon drainage repairs starting near Sundarpur east bus terminus.,,,,,1611660621
p03409,bg_0676,user_bg_0676,1790201948,Morning tea at Station Road in Sundarpur hits different during winters.,,,,,1644722130
p03721,bg_0739,user_bg_0739,1790201982,Evening cricket practice match at Sundarpur town stadium was exciting.,,,,#Sundarpur #Daily,1602274287
p01800,bg_0359,user_bg_0359,1790202027,Heavy traffic near Sundarpur Clock Tower due to market rush today.,,,,,1630556107
p02747,bg_0546,user_bg_0546,1790202051,Great community turnout for the Sundarpur cultural festival rehearsals.,,,,,1745984131
p00843,bg_0168,user_bg_0168,1790202062,Monsoon drainage repairs starting near Sundarpur east bus terminus.,,,,,1723276002
p00320,bg_0061,user_bg_0061,1790202068,"Delicious street food near Gandhi circle, best kachori in Sundarpur!",,,,,1702067333
p00160,bg_0031,user_bg_0031,1790202102,"Delicious street food near Gandhi circle, best kachori in Sundarpur!",,,,,1730468112
p00021,bg_0004,user_bg_0004,1790202267,Power cut announced for northern suburbs of Sundarpur tomorrow 10am-12pm.,,,,,1722473882
p00358,bg_0069,user_bg_0069,1790202389,Local municipal council announced park cleanup drive this Sunday.,,,,,1638263421
p01850,bg_0368,user_bg_0368,1790202449,Pleasant breezy weather across Sundarpur this afternoon.,,,,,1728054959
p00244,bg_0047,user_bg_0047,1790202540,"Delicious street food near Gandhi circle, best kachori in Sundarpur!",,,,#Sundarpur #Daily,1684028741
p00296,bg_0057,user_bg_0057,1790202557,Morning tea at Station Road in Sundarpur hits different during winters.,,,,#Sundarpur #Daily,1709768384
p02810,bg_0560,user_bg_0560,1790202604,Sundarpur central library renovation is finally completing this month.,,,,,1698492546
p03679,bg_0730,user_bg_0730,1790202759,Great community turnout for the Sundarpur cultural festival rehearsals.,,,,,1703010903
p02538,bg_0504,user_bg_0504,1790202761,Great community turnout for the Sundarpur cultural festival rehearsals.,,,,,1704237323
p01074,bg_0215,user_bg_0215,1790202829,"Delicious street food near Gandhi circle, best kachori in Sundarpur!",,,,,1679919758
p03824,bg_0760,user_bg_0760,1790202840,Power cut announced for northern suburbs of Sundarpur tomorrow 10am-12pm.,,,,,1604296056
p03345,bg_0664,user_bg_0664,1790202941,"Delicious street food near Gandhi circle, best kachori in Sundarpur!",,,,,1600021053
p01603,bg_0318,user_bg_0318,1790203002,"Delicious street food near Gandhi circle, best kachori in Sundarpur!",,,,#Sundarpur #Daily,1549244375
p01725,bg_0343,user_bg_0343,1790203062,Morning tea at Station Road in Sundarpur hits different during winters.,,,,#Sundarpur #Daily,1700756768
p02872,bg_0572,user_bg_0572,1790203072,Great community turnout for the Sundarpur cultural festival rehearsals.,,,,,1652847746
p00156,bg_0030,user_bg_0030,1790203089,@user_bg_0029 Agree with this point completely.,,p00153,,,1678030730
p02390,bg_0475,user_bg_0475,1790203116,@user_bg_0207 Agree with this point completely.,,p01031,,#Sundarpur #Daily,1614186887
p01970,bg_0393,user_bg_0393,1790203117,Monsoon drainage repairs starting near Sundarpur east bus terminus.,,,,,1634161073
p01659,bg_0330,user_bg_0330,1790203322,Morning tea at Station Road in Sundarpur hits different during winters.,,,,#Sundarpur #Daily,1740246670
p03283,bg_0652,user_bg_0652,1790203343,Power cut announced for northern suburbs of Sundarpur tomorrow 10am-12pm.,,,,#Sundarpur #Daily,1660558964
p01006,bg_0202,user_bg_0202,1790203392,Monsoon drainage repairs starting near Sundarpur east bus terminus.,,,http://sundarpurnews.example/local,,1629614029
p02559,bg_0508,user_bg_0508,1790203445,Power cut announced for northern suburbs of Sundarpur tomorrow 10am-12pm.,,,,,1672436671
p00106,bg_0020,user_bg_0020,1790203490,Morning tea at Station Road in Sundarpur hits different during winters.,,,,,1624178276
p01717,bg_0342,user_bg_0342,1790203537,Sundarpur central library renovation is finally completing this month.,,,http://sundarpurnews.example/local,,1543742212
p02217,bg_0441,user_bg_0441,1790203560,Evening cricket practice match at Sundarpur town stadium was exciting.,,,,,1548540792
p03939,bg_0783,user_bg_0783,1790203629,Power cut announced for northern suburbs of Sundarpur tomorrow 10am-12pm.,,,http://sundarpurnews.example/local,,1722248794
p02023,bg_0403,user_bg_0403,1790203633,Heavy traffic near Sundarpur Clock Tower due to market rush today.,,,,,1723119043
p02231,bg_0443,user_bg_0443,1790203633,Great community turnout for the Sundarpur cultural festival rehearsals.,,,,,1676734562
p03102,bg_0617,user_bg_0617,1790203742,Evening cricket practice match at Sundarpur town stadium was exciting.,,,,#Sundarpur #Daily,1542805815
p00559,bg_0111,user_bg_0111,1790203876,Morning tea at Station Road in Sundarpur hits different during winters.,,,,#Sundarpur #Daily,1711936447
p03321,bg_0659,user_bg_0659,1790203884,Local municipal council announced park cleanup drive this Sunday.,,,http://sundarpurnews.example/local,,1753097238
p02052,bg_0409,user_bg_0409,1790203898,Morning tea at Station Road in Sundarpur hits different during winters.,,,,,1739409329
p00235,bg_0045,user_bg_0045,1790203940,Monsoon drainage repairs starting near Sundarpur east bus terminus.,,,,,1647027781
p01874,bg_0373,user_bg_0373,1790203970,Local municipal council announced park cleanup drive this Sunday.,,,,,1583773000
p01039,bg_0208,user_bg_0208,1790204023,Sundarpur central library renovation is finally completing this month.,,,,#Sundarpur #Daily,1701171206
p03451,bg_0685,user_bg_0685,1790204117,Great community turnout for the Sundarpur cultural festival rehearsals.,,,,,1718254614
p03731,bg_0741,user_bg_0741,1790204193,Evening cricket practice match at Sundarpur town stadium was exciting.,p00593,,,,1577351718
p01218,bg_0243,user_bg_0243,1790204300,Great community turnout for the Sundarpur cultural festival rehearsals.,,,,,1614185953
p02618,bg_0520,user_bg_0520,1790204303,Sundarpur central library renovation is finally completing this month.,,,,,1587318036
p01173,bg_0235,user_bg_0235,1790204308,Power cut announced for northern suburbs of Sundarpur tomorrow 10am-12pm.,,,,#Sundarpur #Daily,1743022754
p01693,bg_0337,user_bg_0337,1790204308,Heavy traffic near Sundarpur Clock Tower due to market rush today.,,,,#Sundarpur #Daily,1713997270
p02255,bg_0448,user_bg_0448,1790204317,Sundarpur central library renovation is finally completing this month.,,,,#Sundarpur #Daily,1608196643
p03933,bg_0782,user_bg_0782,1790204383,Sundarpur central library renovation is finally completing this month.,,,,,1706449368
p00752,bg_0149,user_bg_0149,1790204414,Monsoon drainage repairs starting near Sundarpur east bus terminus.,,,,#Sundarpur #Daily,1578902500
p03660,bg_0727,user_bg_0727,1790204424,Great community turnout for the Sundarpur cultural festival rehearsals.,,,,,1570971397
p01117,bg_0224,user_bg_0224,1790204528,Power cut announced for northern suburbs of Sundarpur tomorrow 10am-12pm.,,,,#Sundarpur #Daily,1568913004
p03678,bg_0730,user_bg_0730,1790204568,Heavy traffic near Sundarpur Clock Tower due to market rush today.,,,,,1703010903
p01229,bg_0245,user_bg_0245,1790204570,Monsoon drainage repairs starting near Sundarpur east bus terminus.,,,,,1562492683
p03619,bg_0718,user_bg_0718,1790204587,Great community turnout for the Sundarpur cultural festival rehearsals.,,,,,1663999794
p00213,bg_0041,user_bg_0041,1790204642,Power cut announced for northern suburbs of Sundarpur tomorrow 10am-12pm.,,,,#Sundarpur #Daily,1663215886
p01996,bg_0398,user_bg_0398,1790204679,"Delicious street food near Gandhi circle, best kachori in Sundarpur!",,,,,1569066667
p02262,bg_0450,user_bg_0450,1790204722,Monsoon drainage repairs starting near Sundarpur east bus terminus.,,,http://sundarpurnews.example/local,,1705934816
p01297,bg_0259,user_bg_0259,1790204794,Morning tea at Station Road in Sundarpur hits different during winters.,,,,#Sundarpur #Daily,1576296560
p03927,bg_0781,user_bg_0781,1790204819,Sundarpur central library renovation is finally completing this month.,,,,,1635011619
p03569,bg_0708,user_bg_0708,1790204844,Heavy traffic near Sundarpur Clock Tower due to market rush today.,,,,,1683369880
p00637,bg_0127,user_bg_0127,1790204853,"Delicious street food near Gandhi circle, best kachori in Sundarpur!",,,,,1732050882
p01741,bg_0346,user_bg_0346,1790204883,Power cut announced for northern suburbs of Sundarpur tomorrow 10am-12pm.,,,,,1554921992
p00255,bg_0049,user_bg_0049,1790204888,"Delicious street food near Gandhi circle, best kachori in Sundarpur!",,,http://sundarpurnews.example/local,,1582054256
p00263,bg_0051,user_bg_0051,1790204894,Evening cricket practice match at Sundarpur town stadium was exciting.,,,,,1664964701
p02705,bg_0537,user_bg_0537,1790204900,Heavy traffic near Sundarpur Clock Tower due to market rush today.,,,,,1613624223
p00085,bg_0016,user_bg_0016,1790204990,Pleasant breezy weather across Sundarpur this afternoon.,,,,,1609090197
p03108,bg_0618,user_bg_0618,1790205086,Local municipal council announced park cleanup drive this Sunday.,,,,,1736396083
p01373,bg_0273,user_bg_0273,1790205100,Sundarpur central library renovation is finally completing this month.,,,,,1608210283
p01414,bg_0281,user_bg_0281,1790205152,Local municipal council announced park cleanup drive this Sunday.,,,,,1602127501
p00465,bg_0092,user_bg_0092,1790205162,Power cut announced for northern suburbs of Sundarpur tomorrow 10am-12pm.,,,,,1544041861
p03668,bg_0728,user_bg_0728,1790205174,Monsoon drainage repairs starting near Sundarpur east bus terminus.,,,,,1625603028
p01134,bg_0227,user_bg_0227,1790205183,Monsoon drainage repairs starting near Sundarpur east bus terminus.,,,,,1553179595
p02240,bg_0445,user_bg_0445,1790205195,"Delicious street food near Gandhi circle, best kachori in Sundarpur!",,,http://sundarpurnews.example/local,,1733492195
p03122,bg_0621,user_bg_0621,1790205267,Great community turnout for the Sundarpur cultural festival rehearsals.,,,,,1709189143
p02795,bg_0556,user_bg_0556,1790205277,Monsoon drainage repairs starting near Sundarpur east bus terminus.,,,,,1626036450
p00337,bg_0064,user_bg_0064,1790205312,Monsoon drainage repairs starting near Sundarpur east bus terminus.,,,,,1547849348
p00401,bg_0078,user_bg_0078,1790205402,Morning tea at Station Road in Sundarpur hits different during winters.,,,,,1626346774
p03039,bg_0605,user_bg_0605,1790205456,Morning tea at Station Road in Sundarpur hits different during winters.,,,,,1678822489
p02192,bg_0436,user_bg_0436,1790205478,Sundarpur central library renovation is finally completing this month.,,,,,1729939785
p01944,bg_0387,user_bg_0387,1790205527,Heavy traffic near Sundarpur Clock Tower due to market rush today.,,,,,1615557490
p02679,bg_0532,user_bg_0532,1790205608,Morning tea at Station Road in Sundarpur hits different during winters.,,,,,1580956556
p00532,bg_0105,user_bg_0105,1790205716,Heavy traffic near Sundarpur Clock Tower due to market rush today.,,,,,1737811607
p00622,bg_0123,user_bg_0123,1790205791,Monsoon drainage repairs starting near Sundarpur east bus terminus.,,,http://sundarpurnews.example/local,#Sundarpur #Daily,1568928400
p03154,bg_0627,user_bg_0627,1790205858,Sundarpur central library renovation is finally completing this month.,,,,,1627433204
p02230,bg_0443,user_bg_0443,1790205863,Local municipal council announced park cleanup drive this Sunday.,,,,,1676734562
p03414,bg_0677,user_bg_0677,1790205910,Great community turnout for the Sundarpur cultural festival rehearsals.,p00714,,,,1706167809
p01363,bg_0271,user_bg_0271,1790206044,Heavy traffic near Sundarpur Clock Tower due to market rush today.,,,,,1706504390
p00410,bg_0080,user_bg_0080,1790206059,Sundarpur central library renovation is finally completing this month.,,,,,1758509704
p03605,bg_0715,user_bg_0715,1790206077,Pleasant breezy weather across Sundarpur this afternoon.,,,,,1538710022
p03759,bg_0747,user_bg_0747,1790206092,Heavy traffic near Sundarpur Clock Tower due to market rush today.,,,http://sundarpurnews.example/local,,1618887354
p01691,bg_0336,user_bg_0336,1790206339,Great community turnout for the Sundarpur cultural festival rehearsals.,,,,,1704721666
p03419,bg_0678,user_bg_0678,1790206485,Pleasant breezy weather across Sundarpur this afternoon.,,,,#Sundarpur #Daily,1714057646
p00693,bg_0138,user_bg_0138,1790206607,Local municipal council announced park cleanup drive this Sunday.,,,,,1597678188
p00479,bg_0095,user_bg_0095,1790206660,Great community turnout for the Sundarpur cultural festival rehearsals.,,,,,1617511580
p01393,bg_0277,user_bg_0277,1790206660,Sundarpur central library renovation is finally completing this month.,,,,,1715723029
p03582,bg_0710,user_bg_0710,1790206823,Monsoon drainage repairs starting near Sundarpur east bus terminus.,,,,,1720374690
p02571,bg_0511,user_bg_0511,1790206827,Local municipal council announced park cleanup drive this Sunday.,,,,,1546558616
p02225,bg_0442,user_bg_0442,1790206965,Heavy traffic near Sundarpur Clock Tower due to market rush today.,,,,,1655619478
p02136,bg_0425,user_bg_0425,1790207090,"Delicious street food near Gandhi circle, best kachori in Sundarpur!",,,http://sundarpurnews.example/local,,1561234548
p00681,bg_0135,user_bg_0135,1790207092,Morning tea at Station Road in Sundarpur hits different during winters.,,,,#Sundarpur #Daily,1737889579
p01550,bg_0308,user_bg_0308,1790207105,Morning tea at Station Road in Sundarpur hits different during winters.,,,,,1568249982
p03238,bg_0643,user_bg_0643,1790207220,Heavy traffic near Sundarpur Clock Tower due to market rush today.,,,,,1547358799
p03684,bg_0732,user_bg_0732,1790207220,Heavy traffic near Sundarpur Clock Tower due to market rush today.,,,,#Sundarpur #Daily,1557888548
p01058,bg_0212,user_bg_0212,1790207225,Great community turnout for the Sundarpur cultural festival rehearsals.,,,,#Sundarpur #Daily,1664276066
p02188,bg_0435,user_bg_0435,1790207334,Pleasant breezy weather across Sundarpur this afternoon.,,,,,1683989087
p03845,bg_0765,user_bg_0765,1790207343,"Delicious street food near Gandhi circle, best kachori in Sundarpur!",,,,,1610897947
p01552,bg_0308,user_bg_0308,1790207461,Great community turnout for the Sundarpur cultural festival rehearsals.,,,,,1568249982
p00625,bg_0124,user_bg_0124,1790207558,@user_bg_0024 Agree with this point completely.,,p00125,,,1709065696
p00600,bg_0119,user_bg_0119,1790207585,Heavy traffic near Sundarpur Clock Tower due to market rush today.,,,,,1723792744
p03245,bg_0645,user_bg_0645,1790207585,Local municipal council announced park cleanup drive this Sunday.,p01441,,,,1672479705
p02095,bg_0417,user_bg_0417,1790207612,Great community turnout for the Sundarpur cultural festival rehearsals.,,,http://sundarpurnews.example/local,#Sundarpur #Daily,1589620553
p01595,bg_0317,user_bg_0317,1790207647,Great community turnout for the Sundarpur cultural festival rehearsals.,,,,,1749151645
p02311,bg_0459,user_bg_0459,1790207681,Evening cricket practice match at Sundarpur town stadium was exciting.,,,,,1583960577
p02672,bg_0530,user_bg_0530,1790207683,Pleasant breezy weather across Sundarpur this afternoon.,,,,,1704841723
p02693,bg_0535,user_bg_0535,1790207706,Evening cricket practice match at Sundarpur town stadium was exciting.,,,,,1572558290
p03793,bg_0754,user_bg_0754,1790207777,"Delicious street food near Gandhi circle, best kachori in Sundarpur!",,,http://sundarpurnews.example/local,,1606303828
p03495,bg_0694,user_bg_0694,1790207880,Monsoon drainage repairs starting near Sundarpur east bus terminus.,,,,#Sundarpur #Daily,1704666163
p03770,bg_0749,user_bg_0749,1790207931,Local municipal council announced park cleanup drive this Sunday.,,,,,1686326707
p00299,bg_0058,user_bg_0058,1790207960,Pleasant breezy weather across Sundarpur this afternoon.,,,,,1584001515
p01898,bg_0377,user_bg_0377,1790208007,Great community turnout for the Sundarpur cultural festival rehearsals.,,,,,1659754139
p03798,bg_0755,user_bg_0755,1790208019,Sundarpur central library renovation is finally completing this month.,,,,#Sundarpur #Daily,1712948234
p00986,bg_0198,user_bg_0198,1790208036,Pleasant breezy weather across Sundarpur this afternoon.,,,,,1628043550
p03268,bg_0649,user_bg_0649,1790208060,Power cut announced for northern suburbs of Sundarpur tomorrow 10am-12pm.,,,,#Sundarpur #Daily,1682256939
p00615,bg_0122,user_bg_0122,1790208078,Pleasant breezy weather across Sundarpur this afternoon.,,,,,1690891331
p02094,bg_0417,user_bg_0417,1790208157,Local municipal council announced park cleanup drive this Sunday.,,,,,1589620553
p01104,bg_0221,user_bg_0221,1790208233,Pleasant breezy weather across Sundarpur this afternoon.,,,,,1734102985
p01097,bg_0220,user_bg_0220,1790208629,Sundarpur central library renovation is finally completing this month.,,,,,1642518917
p04009,bg_0797,user_bg_0797,1790208661,"Delicious street food near Gandhi circle, best kachori in Sundarpur!",,,http://sundarpurnews.example/local,,1634168097
p02526,bg_0502,user_bg_0502,1790208804,@user_bg_0352 Agree with this point completely.,,p01769,,,1718574882
p03062,bg_0609,user_bg_0609,1790208863,Great community turnout for the Sundarpur cultural festival rehearsals.,,,,,1568799399
p02131,bg_0424,user_bg_0424,1790208905,Power cut announced for northern suburbs of Sundarpur tomorrow 10am-12pm.,,,,,1670837125
p00301,bg_0058,user_bg_0058,1790208930,Great community turnout for the Sundarpur cultural festival rehearsals.,,,,,1584001515
p00447,bg_0088,user_bg_0088,1790208942,Monsoon drainage repairs starting near Sundarpur east bus terminus.,,,,,1570182083
p02241,bg_0446,user_bg_0446,1790208989,Pleasant breezy weather across Sundarpur this afternoon.,,,,,1665114727
p00376,bg_0073,user_bg_0073,1790209021,Power cut announced for northern suburbs of Sundarpur tomorrow 10am-12pm.,,,,,1581507416
p00602,bg_0120,user_bg_0120,1790209035,Sundarpur central library renovation is finally completing this month.,,,,,1616174873
p02251,bg_0447,user_bg_0447,1790209040,Pleasant breezy weather across Sundarpur this afternoon.,,,,,1549973928
p01035,bg_0208,user_bg_0208,1790209046,Power cut announced for northern suburbs of Sundarpur tomorrow 10am-12pm.,,,,,1701171206
p02260,bg_0449,user_bg_0449,1790209089,Evening cricket practice match at Sundarpur town stadium was exciting.,,,,,1565961466
p00452,bg_0089,user_bg_0089,1790209238,@user_bg_0081 Agree with this point completely.,,p00417,http://sundarpurnews.example/local,,1713306296
p02121,bg_0422,user_bg_0422,1790209258,Monsoon drainage repairs starting near Sundarpur east bus terminus.,,,,,1705887372
p02697,bg_0536,user_bg_0536,1790209258,Local municipal council announced park cleanup drive this Sunday.,,,,,1753266094
p03221,bg_0640,user_bg_0640,1790209293,Local municipal council announced park cleanup drive this Sunday.,,,,,1691487211
p00112,bg_0022,user_bg_0022,1790209300,Great community turnout for the Sundarpur cultural festival rehearsals.,,,,,1545057871
p02000,bg_0398,user_bg_0398,1790209348,Heavy traffic near Sundarpur Clock Tower due to market rush today.,,,,,1569066667
p00079,bg_0015,user_bg_0015,1790209377,Sundarpur central library renovation is finally completing this month.,,,,,1756378526
p00878,bg_0175,user_bg_0175,1790209380,Pleasant breezy weather across Sundarpur this afternoon.,,,,,1566403651
p02663,bg_0529,user_bg_0529,1790209389,"Delicious street food near Gandhi circle, best kachori in Sundarpur!",,,,,1622091061
p03363,bg_0668,user_bg_0668,1790209408,Monsoon drainage repairs starting near Sundarpur east bus terminus.,,,,,1540968083
p03099,bg_0617,user_bg_0617,1790209423,Great community turnout for the Sundarpur cultural festival rehearsals.,,,,,1542805815
p00698,bg_0138,user_bg_0138,1790209465,Local municipal council announced park cleanup drive this Sunday.,,,,,1597678188
p03121,bg_0621,user_bg_0621,1790209475,Monsoon drainage repairs starting near Sundarpur east bus terminus.,,,,,1709189143
p02182,bg_0434,user_bg_0434,1790209515,Great community turnout for the Sundarpur cultural festival rehearsals.,,,,,1723552835
p00606,bg_0120,user_bg_0120,1790209574,Sundarpur central library renovation is finally completing this month.,,,,,1616174873
p01509,bg_0299,user_bg_0299,1790209677,Heavy traffic near Sundarpur Clock Tower due to market rush today.,,,,,1641603121
p02867,bg_0571,user_bg_0571,1790209740,Heavy traffic near Sundarpur Clock Tower due to market rush today.,,,,,1636425014
p01408,bg_0280,user_bg_0280,1790209751,Morning tea at Station Road in Sundarpur hits different during winters.,,,,#Sundarpur #Daily,1548002388
p01094,bg_0219,user_bg_0219,1790209783,"Delicious street food near Gandhi circle, best kachori in Sundarpur!",,,,,1690313827
p01990,bg_0396,user_bg_0396,1790209897,Heavy traffic near Sundarpur Clock Tower due to market rush today.,,,http://sundarpurnews.example/local,,1715947642
p00051,bg_0010,user_bg_0010,1790209919,Heavy traffic near Sundarpur Clock Tower due to market rush today.,,,http://sundarpurnews.example/local,,1749346363
p03170,bg_0630,user_bg_0630,1790209930,Great community turnout for the Sundarpur cultural festival rehearsals.,,,,,1723676139
p02056,bg_0410,user_bg_0410,1790210006,Power cut announced for northern suburbs of Sundarpur tomorrow 10am-12pm.,,,,,1655286151
p03372,bg_0669,user_bg_0669,1790210007,@user_bg_0406 Agree with this point completely.,,p02037,,,1574179535
p03351,bg_0665,user_bg_0665,1790210012,Local municipal council announced park cleanup drive this Sunday.,,,,,1577069012
p03998,bg_0795,user_bg_0795,1790210076,Heavy traffic near Sundarpur Clock Tower due to market rush today.,,,,,1651504002
p01565,bg_0311,user_bg_0311,1790210112,Monsoon drainage repairs starting near Sundarpur east bus terminus.,,,,#Sundarpur #Daily,1662152325
p01658,bg_0329,user_bg_0329,1790210152,"Delicious street food near Gandhi circle, best kachori in Sundarpur!",,,,,1751849102
p03415,bg_0678,user_bg_0678,1790210167,Heavy traffic near Sundarpur Clock Tower due to market rush today.,p03140,,,,1714057646
p01054,bg_0211,user_bg_0211,1790210237,Monsoon drainage repairs starting near Sundarpur east bus terminus.,,,,,1612966127
p03263,bg_0648,user_bg_0648,1790210267,Heavy traffic near Sundarpur Clock Tower due to market rush today.,,,,,1685413658
p01947,bg_0388,user_bg_0388,1790210292,Sundarpur central library renovation is finally completing this month.,,,,,1650334625
p03353,bg_0666,user_bg_0666,1790210320,Local municipal council announced park cleanup drive this Sunday.,,,,,1720128845
p01734,bg_0345,user_bg_0345,1790210324,Power cut announced for northern suburbs of Sundarpur tomorrow 10am-12pm.,,,,,1749572888
p03159,bg_0628,user_bg_0628,1790210347,@user_bg_0350 Agree with this point completely.,,p01759,,,1610418583
p01553,bg_0308,user_bg_0308,1790210462,Sundarpur central library renovation is finally completing this month.,,,,,1568249982
p00211,bg_0041,user_bg_0041,1790210495,"Delicious street food near Gandhi circle, best kachori in Sundarpur!",,,,,1663215886
p02702,bg_0537,user_bg_0537,1790210529,Morning tea at Station Road in Sundarpur hits different during winters.,,,http://sundarpurnews.example/local,,1613624223
p00653,bg_0130,user_bg_0130,1790210567,Pleasant breezy weather across Sundarpur this afternoon.,,,,,1567316334
p01120,bg_0224,user_bg_0224,1790210600,Great community turnout for the Sundarpur cultural festival rehearsals.,,,,#Sundarpur #Daily,1568913004
p02603,bg_0517,user_bg_0517,1790210676,Morning tea at Station Road in Sundarpur hits different during winters.,p00896,,,,1550974411
p00923,bg_0185,user_bg_0185,1790210698,Sundarpur central library renovation is finally completing this month.,,,http://sundarpurnews.example/local,,1686715930
p02558,bg_0508,user_bg_0508,1790210707,Power cut announced for northern suburbs of Sundarpur tomorrow 10am-12pm.,,,,,1672436671
p02676,bg_0531,user_bg_0531,1790210792,Pleasant breezy weather across Sundarpur this afternoon.,,,,#Sundarpur #Daily,1745574147
p03691,bg_0733,user_bg_0733,1790210933,Power cut announced for northern suburbs of Sundarpur tomorrow 10am-12pm.,,,,,1728630095
p03700,bg_0735,user_bg_0735,1790211038,Morning tea at Station Road in Sundarpur hits different during winters.,,,,,1540018522
p00807,bg_0161,user_bg_0161,1790211054,Pleasant breezy weather across Sundarpur this afternoon.,,,,,1647524885
p00724,bg_0143,user_bg_0143,1790211122,Local municipal council announced park cleanup drive this Sunday.,,,http://sundarpurnews.example/local,,1553734266
p00119,bg_0023,user_bg_0023,1790211203,Pleasant breezy weather across Sundarpur this afternoon.,,,,,1743371417
p02738,bg_0544,user_bg_0544,1790211287,Great community turnout for the Sundarpur cultural festival rehearsals.,,,,,1646625355
p02584,bg_0513,user_bg_0513,1790211391,Monsoon drainage repairs starting near Sundarpur east bus terminus.,,,,,1660939987
p01999,bg_0398,user_bg_0398,1790211512,Sundarpur central library renovation is finally completing this month.,,,,,1569066667
p03577,bg_0710,user_bg_0710,1790211520,Evening cricket practice match at Sundarpur town stadium was exciting.,,,http://sundarpurnews.example/local,,1720374690
p01239,bg_0247,user_bg_0247,1790211568,Sundarpur central library renovation is finally completing this month.,,,,,1624534010
p03152,bg_0627,user_bg_0627,1790211616,Power cut announced for northern suburbs of Sundarpur tomorrow 10am-12pm.,,,,,1627433204
p02708,bg_0538,user_bg_0538,1790211647,Great community turnout for the Sundarpur cultural festival rehearsals.,,,,,1704009007
p01438,bg_0286,user_bg_0286,1790211683,Great community turnout for the Sundarpur cultural festival rehearsals.,,,,,1671250779
p00115,bg_0022,user_bg_0022,1790211685,"Delicious street food near Gandhi circle, best kachori in Sundarpur!",,,,,1545057871
p00551,bg_0109,user_bg_0109,1790211695,"Delicious street food near Gandhi circle, best kachori in Sundarpur!",,,,,1660171624
p03972,bg_0790,user_bg_0790,1790211703,Heavy traffic near Sundarpur Clock Tower due to market rush today.,,,,,1599874789
p02254,bg_0448,user_bg_0448,1790211771,Morning tea at Station Road in Sundarpur hits different during winters.,,,,,1608196643
p00903,bg_0181,user_bg_0181,1790211799,Pleasant breezy weather across Sundarpur this afternoon.,,,,,1720833312
p01634,bg_0324,user_bg_0324,1790211802,Evening cricket practice match at Sundarpur town stadium was exciting.,,,,,1683841198
p03134,bg_0624,user_bg_0624,1790211820,Monsoon drainage repairs starting near Sundarpur east bus terminus.,,,,,1724247575
p00402,bg_0078,user_bg_0078,1790211821,Local municipal council announced park cleanup drive this Sunday.,,,,,1626346774
p00273,bg_0052,user_bg_0052,1790211832,Heavy traffic near Sundarpur Clock Tower due to market rush today.,,,,,1671413579
p01981,bg_0395,user_bg_0395,1790211873,Morning tea at Station Road in Sundarpur hits different during winters.,,,,,1669728617
p02135,bg_0425,user_bg_0425,1790211881,Morning tea at Station Road in Sundarpur hits different during winters.,,,,,1561234548
p03606,bg_0715,user_bg_0715,1790211895,Local municipal council announced park cleanup drive this Sunday.,,,,,1538710022
p01699,bg_0338,user_bg_0338,1790211936,Evening cricket practice match at Sundarpur town stadium was exciting.,,,,,1718242720
p01312,bg_0262,user_bg_0262,1790211949,Sundarpur central library renovation is finally completing this month.,,,,,1648819044
p01069,bg_0214,user_bg_0214,1790211970,Power cut announced for northern suburbs of Sundarpur tomorrow 10am-12pm.,,,,#Sundarpur #Daily,1745014494
p00002,journo_01,asha_reports,1790212000,Investigative report part 2: Reviewing infrastructure expenditure and water canal maintenance in Sundarpur district. Public accountability is essential.,,,http://sundarpur-times.example/report-2,#SundarpurNews #Accountability,1663996000
p00610,bg_0121,user_bg_0121,1790212019,Power cut announced for northern suburbs of Sundarpur tomorrow 10am-12pm.,,,,,1720015791
p02503,bg_0498,user_bg_0498,1790212021,Great community turnout for the Sundarpur cultural festival rehearsals.,,,,,1702657530
p01980,bg_0395,user_bg_0395,1790212076,Power cut announced for northern suburbs of Sundarpur tomorrow 10am-12pm.,,,,,1669728617
p02720,bg_0540,user_bg_0540,1790212106,Power cut announced for northern suburbs of Sundarpur tomorrow 10am-12pm.,,,,#Sundarpur #Daily,1638935291
p03661,bg_0727,user_bg_0727,1790212116,Local municipal council announced park cleanup drive this Sunday.,,,,#Sundarpur #Daily,1570971397
p03226,bg_0641,user_bg_0641,1790212118,Morning tea at Station Road in Sundarpur hits different during winters.,,,,#Sundarpur #Daily,1597739215
p03052,bg_0607,user_bg_0607,1790212233,Power cut announced for northern suburbs of Sundarpur tomorrow 10am-12pm.,,,,,1726774117
p03452,bg_0685,user_bg_0685,1790212296,Great community turnout for the Sundarpur cultural festival rehearsals.,,,,,1718254614
p03583,bg_0711,user_bg_0711,1790212299,Heavy traffic near Sundarpur Clock Tower due to market rush today.,,,,,1561832976
p03330,bg_0661,user_bg_0661,1790212327,Heavy traffic near Sundarpur Clock Tower due to market rush today.,,,,,1713817576
p00212,bg_0041,user_bg_0041,1790212341,Evening cricket practice match at Sundarpur town stadium was exciting.,,,,,1663215886
p00664,bg_0132,user_bg_0132,1790212377,Great community turnout for the Sundarpur cultural festival rehearsals.,,,,#Sundarpur #Daily,1699818869
p01906,bg_0379,user_bg_0379,1790212380,Power cut announced for northern suburbs of Sundarpur tomorrow 10am-12pm.,,,,,1755129315
p00386,bg_0075,user_bg_0075,1790212404,Monsoon drainage repairs starting near Sundarpur east bus terminus.,,,,,1653106948
p02219,bg_0441,user_bg_0441,1790212408,Pleasant breezy weather across Sundarpur this afternoon.,,,,,1548540792
p02774,bg_0552,user_bg_0552,1790212433,Local municipal council announced park cleanup drive this Sunday.,p00048,,,,1699804851
p01310,bg_0261,user_bg_0261,1790212463,Sundarpur central library renovation is finally completing this month.,,,http://sundarpurnews.example/local,#Sundarpur #Daily,1725629984
p00537,bg_0106,user_bg_0106,1790212529,Local municipal council announced park cleanup drive this Sunday.,,,,,1734761717
p03319,bg_0659,user_bg_0659,1790212613,Pleasant breezy weather across Sundarpur this afternoon.,,,,,1753097238
p03012,bg_0600,user_bg_0600,1790212662,Monsoon drainage repairs starting near Sundarpur east bus terminus.,,,,,1662203167
p00262,bg_0050,user_bg_0050,1790212698,Pleasant breezy weather across Sundarpur this afternoon.,,,,#Sundarpur #Daily,1596277126
p03274,bg_0650,user_bg_0650,1790212727,Local municipal council announced park cleanup drive this Sunday.,,,http://sundarpurnews.example/local,,1642415340
p01986,bg_0396,user_bg_0396,1790212739,Sundarpur central library renovation is finally completing this month.,,,,,1715947642
p00854,bg_0170,user_bg_0170,1790212836,"Delicious street food near Gandhi circle, best kachori in Sundarpur!",,,,,1579617960
p04422,c_3004,patriot_c_3004,1790212901,@asha_reports Corrupt journalism at its peak. Stop spreading lies and defaming our local officials without proof!,,p00002,,#FakeNewsExposed,1789438580
p04443,c_3025,patriot_c_3025,1790212907,@asha_reports Corrupt journalism at its peak. Stop spreading lies and defaming our local officials without proof!,,p00002,,#FakeNewsExposed,1789850797
p00468,bg_0093,user_bg_0093,1790212917,Morning tea at Station Road in Sundarpur hits different during winters.,,,,,1683765886
p04441,c_3023,patriot_c_3023,1790212917,@asha_reports Sensationalism and manufactured scandals will not work here. Stop misleading the public!,,p00002,,#FakeNewsExposed,1789511781
p04424,c_3006,patriot_c_3006,1790212920,@asha_reports Stop peddling biased sensational fake news to divide Sundarpur! Your defamatory agenda is exposed.,,p00002,,#FakeNewsExposed,1789608649
p03695,bg_0734,user_bg_0734,1790212933,Great community turnout for the Sundarpur cultural festival rehearsals.,,,,,1703587832
p04430,c_3012,patriot_c_3012,1790212936,@asha_reports Corrupt journalism at its peak. Stop spreading lies and defaming our local officials without proof!,,p00002,,#FakeNewsExposed,1789609119
p04439,c_3021,patriot_c_3021,1790212939,@asha_reports Corrupt journalism at its peak. Stop spreading lies and defaming our local officials without proof!,,p00002,,#FakeNewsExposed,1789426758
p01794,bg_0357,user_bg_0357,1790212965,"Delicious street food near Gandhi circle, best kachori in Sundarpur!",,,http://sundarpurnews.example/local,,1610060251
p04447,c_3029,patriot_c_3029,1790212965,@asha_reports Stop peddling biased sensational fake news to divide Sundarpur! Your defamatory agenda is exposed.,,p00002,,#FakeNewsExposed,1789612453
p04421,c_3003,patriot_c_3003,1790212970,@asha_reports Corrupt journalism at its peak. Stop spreading lies and defaming our local officials without proof!,,p00002,,#FakeNewsExposed,1789585544
p04423,c_3005,patriot_c_3005,1790212981,@asha_reports Stop peddling biased sensational fake news to divide Sundarpur! Your defamatory agenda is exposed.,,p00002,,#FakeNewsExposed,1789870844
p04419,c_3001,patriot_c_3001,1790212985,@asha_reports Corrupt journalism at its peak. Stop spreading lies and defaming our local officials without proof!,,p00002,,#FakeNewsExposed,1789243976
p04434,c_3016,patriot_c_3016,1790213006,@asha_reports Stop peddling biased sensational fake news to divide Sundarpur! Your defamatory agenda is exposed.,,p00002,,#FakeNewsExposed,1789270374
p04444,c_3026,patriot_c_3026,1790213006,@asha_reports Stop peddling biased sensational fake news to divide Sundarpur! Your defamatory agenda is exposed.,,p00002,,#FakeNewsExposed,1789419199
p04448,c_3030,patriot_c_3030,1790213013,@asha_reports Sensationalism and manufactured scandals will not work here. Stop misleading the public!,,p00002,,#FakeNewsExposed,1789879553
p04438,c_3020,patriot_c_3020,1790213042,@asha_reports Sensationalism and manufactured scandals will not work here. Stop misleading the public!,,p00002,,#FakeNewsExposed,1788811329
p04446,c_3028,patriot_c_3028,1790213051,@asha_reports Stop peddling biased sensational fake news to divide Sundarpur! Your defamatory agenda is exposed.,,p00002,,#FakeNewsExposed,1789584483
p00060,bg_0012,user_bg_0012,1790213056,Sundarpur central library renovation is finally completing this month.,,,http://sundarpurnews.example/local,,1565814187
p04432,c_3014,patriot_c_3014,1790213061,@asha_reports Sensationalism and manufactured scandals will not work here. Stop misleading the public!,,p00002,,#FakeNewsExposed,1789525137
p04442,c_3024,patriot_c_3024,1790213061,@asha_reports Corrupt journalism at its peak. Stop spreading lies and defaming our local officials without proof!,,p00002,,#FakeNewsExposed,1789681507
p04427,c_3009,patriot_c_3009,1790213082,@asha_reports Sensationalism and manufactured scandals will not work here. Stop misleading the public!,,p00002,,#FakeNewsExposed,1788929392
p04428,c_3010,patriot_c_3010,1790213106,@asha_reports Corrupt journalism at its peak. Stop spreading lies and defaming our local officials without proof!,,p00002,,#FakeNewsExposed,1789765660
p04425,c_3007,patriot_c_3007,1790213107,@asha_reports Stop peddling biased sensational fake news to divide Sundarpur! Your defamatory agenda is exposed.,,p00002,,#FakeNewsExposed,1789842102
p04429,c_3011,patriot_c_3011,1790213110,@asha_reports Sensationalism and manufactured scandals will not work here. Stop misleading the public!,,p00002,,#FakeNewsExposed,1789089821
p02513,bg_0499,user_bg_0499,1790213112,Evening cricket practice match at Sundarpur town stadium was exciting.,,,,#Sundarpur #Daily,1563687392
p04445,c_3027,patriot_c_3027,1790213113,@asha_reports Corrupt journalism at its peak. Stop spreading lies and defaming our local officials without proof!,,p00002,,#FakeNewsExposed,1789097650
p01998,bg_0398,user_bg_0398,1790213128,Pleasant breezy weather across Sundarpur this afternoon.,,,,,1569066667
p04431,c_3013,patriot_c_3013,1790213129,@asha_reports Corrupt journalism at its peak. Stop spreading lies and defaming our local officials without proof!,,p00002,,#FakeNewsExposed,1789170322
p04420,c_3002,patriot_c_3002,1790213132,@asha_reports Corrupt journalism at its peak. Stop spreading lies and defaming our local officials without proof!,,p00002,,#FakeNewsExposed,1789610151
p04433,c_3015,patriot_c_3015,1790213148,@asha_reports Sensationalism and manufactured scandals will not work here. Stop misleading the public!,,p00002,,#FakeNewsExposed,1789601141
p04436,c_3018,patriot_c_3018,1790213148,@asha_reports Sensationalism and manufactured scandals will not work here. Stop misleading the public!,,p00002,,#FakeNewsExposed,1789178813
p04440,c_3022,patriot_c_3022,1790213159,@asha_reports Corrupt journalism at its peak. Stop spreading lies and defaming our local officials without proof!,,p00002,,#FakeNewsExposed,1789771888
p04426,c_3008,patriot_c_3008,1790213160,@asha_reports Sensationalism and manufactured scandals will not work here. Stop misleading the public!,,p00002,,#FakeNewsExposed,1789776927
p04435,c_3017,patriot_c_3017,1790213167,@asha_reports Stop peddling biased sensational fake news to divide Sundarpur! Your defamatory agenda is exposed.,,p00002,,#FakeNewsExposed,1789063469
p04437,c_3019,patriot_c_3019,1790213177,@asha_reports Sensationalism and manufactured scandals will not work here. Stop misleading the public!,,p00002,,#FakeNewsExposed,1789101605
p03729,bg_0740,user_bg_0740,1790213224,Evening cricket practice match at Sundarpur town stadium was exciting.,,,,#Sundarpur #Daily,1662037055
p00846,bg_0168,user_bg_0168,1790213248,Power cut announced for northern suburbs of Sundarpur tomorrow 10am-12pm.,,,,,1723276002
p01182,bg_0237,user_bg_0237,1790213342,Monsoon drainage repairs starting near Sundarpur east bus terminus.,,,,,1568117825
p03228,bg_0641,user_bg_0641,1790213399,Morning tea at Station Road in Sundarpur hits different during winters.,p01989,,,,1597739215
p02141,bg_0426,user_bg_0426,1790213437,Great community turnout for the Sundarpur cultural festival rehearsals.,,,http://sundarpurnews.example/local,#Sundarpur #Daily,1544150935
p03870,bg_0770,user_bg_0770,1790213448,Evening cricket practice match at Sundarpur town stadium was exciting.,,,,#Sundarpur #Daily,1727557240
p02229,bg_0443,user_bg_0443,1790213453,"Delicious street food near Gandhi circle, best kachori in Sundarpur!",,,,,1676734562
p00219,bg_0042,user_bg_0042,1790213479,Evening cricket practice match at Sundarpur town stadium was exciting.,,,,,1561554385
p03356,bg_0666,user_bg_0666,1790213493,@user_bg_0280 Agree with this point completely.,,p01406,http://sundarpurnews.example/local,,1720128845
p00195,bg_0037,user_bg_0037,1790213498,Monsoon drainage repairs starting near Sundarpur east bus terminus.,,,http://sundarpurnews.example/local,,1733455040
p03477,bg_0691,user_bg_0691,1790213552,Evening cricket practice match at Sundarpur town stadium was exciting.,,,,,1725035366
p00924,bg_0185,user_bg_0185,1790213558,Pleasant breezy weather across Sundarpur this afternoon.,,,,,1686715930
p01107,bg_0222,user_bg_0222,1790213662,Local municipal council announced park cleanup drive this Sunday.,,,,,1634444880
p01686,bg_0336,user_bg_0336,1790213684,Evening cricket practice match at Sundarpur town stadium was exciting.,,,,,1704721666
p01515,bg_0300,user_bg_0300,1790213698,Heavy traffic near Sundarpur Clock Tower due to market rush today.,,,,,1593807296
p02360,bg_0469,user_bg_0469,1790213723,Sundarpur central library renovation is finally completing this month.,,,,#Sundarpur #Daily,1575089394
p03983,bg_0792,user_bg_0792,1790213762,Sundarpur central library renovation is finally completing this month.,,,,,1646822186
p02468,bg_0491,user_bg_0491,1790213811,Power cut announced for northern suburbs of Sundarpur tomorrow 10am-12pm.,,,,,1602226764
p00024,bg_0005,user_bg_0005,1790213864,Evening cricket practice match at Sundarpur town stadium was exciting.,,,,,1727922997
p03542,bg_0703,user_bg_0703,1790213864,Evening cricket practice match at Sundarpur town stadium was exciting.,,,,#Sundarpur #Daily,1633552235
p01087,bg_0218,user_bg_0218,1790213871,Sundarpur central library renovation is finally completing this month.,,,,,1679723901
p01570,bg_0312,user_bg_0312,1790213875,@user_bg_0136 Agree with this point completely.,,p00684,,,1586758204
p01557,bg_0309,user_bg_0309,1790213936,Morning tea at Station Road in Sundarpur hits different during winters.,,,,,1545224906
p00834,bg_0166,user_bg_0166,1790213979,Morning tea at Station Road in Sundarpur hits different during winters.,,,,,1755380868
p01605,bg_0318,user_bg_0318,1790214030,Evening cricket practice match at Sundarpur town stadium was exciting.,,,,,1549244375
p03269,bg_0649,user_bg_0649,1790214060,Morning tea at Station Road in Sundarpur hits different during winters.,,,,,1682256939
p00446,bg_0088,user_bg_0088,1790214109,Heavy traffic near Sundarpur Clock Tower due to market rush today.,,,,,1570182083
p02733,bg_0543,user_bg_0543,1790214137,"Delicious street food near Gandhi circle, best kachori in Sundarpur!",,,,,1569869808
p00010,bg_0002,user_bg_0002,1790214158,Evening cricket practice match at Sundarpur town stadium was exciting.,,,,,1661349698
p01758,bg_0350,user_bg_0350,1790214191,Great community turnout for the Sundarpur cultural festival rehearsals.,,,,#Sundarpur #Daily,1651978697
p00871,bg_0174,user_bg_0174,1790214264,"Delicious street food near Gandhi circle, best kachori in Sundarpur!",,,http://sundarpurnews.example/local,#Sundarpur #Daily,1702847033
p02066,bg_0411,user_bg_0411,1790214419,Monsoon drainage repairs starting near Sundarpur east bus terminus.,,,,,1584953446
p01939,bg_0386,user_bg_0386,1790214559,Monsoon drainage repairs starting near Sundarpur east bus terminus.,,,,,1654521045
p01036,bg_0208,user_bg_0208,1790214563,@user_bg_0018 Agree with this point completely.,,p00093,,,1701171206
p03023,bg_0602,user_bg_0602,1790214566,Morning tea at Station Road in Sundarpur hits different during winters.,,,,,1654277196
p00285,bg_0055,user_bg_0055,1790214690,Morning tea at Station Road in Sundarpur hits different during winters.,,,,,1552160350
p01894,bg_0377,user_bg_0377,1790214778,Local municipal council announced park cleanup drive this Sunday.,,,,,1659754139
p01378,bg_0274,user_bg_0274,1790214803,Great community turnout for the Sundarpur cultural festival rehearsals.,,,,,1696463889
p03162,bg_0629,user_bg_0629,1790214833,Monsoon drainage repairs starting near Sundarpur east bus terminus.,,,,,1704053579
p03742,bg_0743,user_bg_0743,1790214851,Great community turnout for the Sundarpur cultural festival rehearsals.,,,,,1719415525
p00754,bg_0150,user_bg_0150,1790214950,Power cut announced for northern suburbs of Sundarpur tomorrow 10am-12pm.,,,,,1692862581
p03479,bg_0691,user_bg_0691,1790214985,Heavy traffic near Sundarpur Clock Tower due to market rush today.,,,,#Sundarpur #Daily,1725035366
p02628,bg_0522,user_bg_0522,1790215095,Sundarpur central library renovation is finally completing this month.,,,,,1566413441
p03412,bg_0677,user_bg_0677,1790215189,Evening cricket practice match at Sundarpur town stadium was exciting.,,,,,1706167809
p01568,bg_0311,user_bg_0311,1790215195,Sundarpur central library renovation is finally completing this month.,,,,,1662152325
p01573,bg_0312,user_bg_0312,1790215236,Local municipal council announced park cleanup drive this Sunday.,,,,,1586758204
p00004,bg_0001,user_bg_0001,1790215255,Heavy traffic near Sundarpur Clock Tower due to market rush today.,,,,#Sundarpur #Daily,1719208878
p01848,bg_0368,user_bg_0368,1790215345,Monsoon drainage repairs starting near Sundarpur east bus terminus.,,,,,1728054959
p03647,bg_0724,user_bg_0724,1790215363,Pleasant breezy weather across Sundarpur this afternoon.,,,,,1616830720
p03817,bg_0759,user_bg_0759,1790215366,Monsoon drainage repairs starting near Sundarpur east bus terminus.,,,,,1618123144
p00117,bg_0022,user_bg_0022,1790215400,Heavy traffic near Sundarpur Clock Tower due to market rush today.,,,,,1545057871
p00497,bg_0099,user_bg_0099,1790215402,Morning tea at Station Road in Sundarpur hits different during winters.,,,,,1679124392
p01735,bg_0345,user_bg_0345,1790215495,Great community turnout for the Sundarpur cultural festival rehearsals.,,,http://sundarpurnews.example/local,,1749572888
p01815,bg_0362,user_bg_0362,1790215515,Heavy traffic near Sundarpur Clock Tower due to market rush today.,,,,,1574052456
p00957,bg_0192,user_bg_0192,1790215535,Morning tea at Station Road in Sundarpur hits different during winters.,,,,,1666004378
p01757,bg_0350,user_bg_0350,1790215565,Heavy traffic near Sundarpur Clock Tower due to market rush today.,,,http://sundarpurnews.example/local,#Sundarpur #Daily,1651978697
p03855,bg_0766,user_bg_0766,1790215643,Monsoon drainage repairs starting near Sundarpur east bus terminus.,,,,,1717962688
p02537,bg_0504,user_bg_0504,1790215745,Great community turnout for the Sundarpur cultural festival rehearsals.,,,,,1704237323
p03899,bg_0775,user_bg_0775,1790215746,"Delicious street food near Gandhi circle, best kachori in Sundarpur!",,,,,1648920500
p02782,bg_0554,user_bg_0554,1790215753,Monsoon drainage repairs starting near Sundarpur east bus terminus.,,,http://sundarpurnews.example/local,,1643872155
p01889,bg_0376,user_bg_0376,1790215835,Power cut announced for northern suburbs of Sundarpur tomorrow 10am-12pm.,,,,,1667237408
p00127,bg_0024,user_bg_0024,1790215882,Morning tea at Station Road in Sundarpur hits different during winters.,p00073,,,,1568885961
p01204,bg_0241,user_bg_0241,1790215914,Morning tea at Station Road in Sundarpur hits different during winters.,,,,,1714579363
p01814,bg_0361,user_bg_0361,1790215994,"Delicious street food near Gandhi circle, best kachori in Sundarpur!",,,,,1604575886
p03446,bg_0684,user_bg_0684,1790216016,Monsoon drainage repairs starting near Sundarpur east bus terminus.,,,,,1606380199
p04017,bg_0799,user_bg_0799,1790216036,Sundarpur central library renovation is finally completing this month.,,,,,1595280833
p01498,bg_0297,user_bg_0297,1790216038,"Delicious street food near Gandhi circle, best kachori in Sundarpur!",,,,#Sundarpur #Daily,1682926018
p02308,bg_0459,user_bg_0459,1790216137,Morning tea at Station Road in Sundarpur hits different during winters.,,,,,1583960577
p01152,bg_0230,user_bg_0230,1790216224,Morning tea at Station Road in Sundarpur hits different during winters.,,,,,1636389114
p00221,bg_0043,user_bg_0043,1790216370,Heavy traffic near Sundarpur Clock Tower due to market rush today.,,,,,1643872131
p00631,bg_0125,user_bg_0125,1790216377,"Delicious street food near Gandhi circle, best kachori in Sundarpur!",,,,,1693754109
p02289,bg_0455,user_bg_0455,1790216396,Heavy traffic near Sundarpur Clock Tower due to market rush today.,,,,,1603273099
p02543,bg_0505,user_bg_0505,1790216404,Sundarpur central library renovation is finally completing this month.,,,,,1655422698
p00829,bg_0165,user_bg_0165,1790216415,Evening cricket practice match at Sundarpur town stadium was exciting.,,,,,1646725508
p00373,bg_0072,user_bg_0072,1790216496,Heavy traffic near Sundarpur Clock Tower due to market rush today.,,,,,1757515322
p03993,bg_0794,user_bg_0794,1790216629,Pleasant breezy weather across Sundarpur this afternoon.,,,http://sundarpurnews.example/local,,1592773961
p02475,bg_0492,user_bg_0492,1790216663,Pleasant breezy weather across Sundarpur this afternoon.,,,,,1686667803
p00260,bg_0050,user_bg_0050,1790216712,"Delicious street food near Gandhi circle, best kachori in Sundarpur!",,,,,1596277126
p02973,bg_0592,user_bg_0592,1790216721,Evening cricket practice match at Sundarpur town stadium was exciting.,,,http://sundarpurnews.example/local,,1602656373
p01836,bg_0366,user_bg_0366,1790216725,Sundarpur central library renovation is finally completing this month.,,,,,1549032779
p02710,bg_0538,user_bg_0538,1790216731,Local municipal council announced park cleanup drive this Sunday.,,,,,1704009007
p00775,bg_0155,user_bg_0155,1790216764,Power cut announced for northern suburbs of Sundarpur tomorrow 10am-12pm.,,,,,1548225209
p02179,bg_0433,user_bg_0433,1790216830,Local municipal council announced park cleanup drive this Sunday.,,,,,1737429505
p01886,bg_0375,user_bg_0375,1790216910,Heavy traffic near Sundarpur Clock Tower due to market rush today.,,,,,1683655307
p01158,bg_0231,user_bg_0231,1790216911,Evening cricket practice match at Sundarpur town stadium was exciting.,,,,,1604286657
p00509,bg_0101,user_bg_0101,1790216958,Sundarpur central library renovation is finally completing this month.,,,,,1550539003
p02831,bg_0563,user_bg_0563,1790217056,Pleasant breezy weather across Sundarpur this afternoon.,,,,,1673478830
p01866,bg_0371,user_bg_0371,1790217086,@user_bg_0150 Agree with this point completely.,,p00755,,,1542740074
p01953,bg_0389,user_bg_0389,1790217128,"Delicious street food near Gandhi circle, best kachori in Sundarpur!",,,,,1628115631
p02857,bg_0568,user_bg_0568,1790217183,Pleasant breezy weather across Sundarpur this afternoon.,,,,,1594049700
p01585,bg_0315,user_bg_0315,1790217253,Power cut announced for northern suburbs of Sundarpur tomorrow 10am-12pm.,,,,,1593251128
p00671,bg_0133,user_bg_0133,1790217257,Monsoon drainage repairs starting near Sundarpur east bus terminus.,,,,,1586817492
p02098,bg_0417,user_bg_0417,1790217300,Pleasant breezy weather across Sundarpur this afternoon.,,,,#Sundarpur #Daily,1589620553
p02541,bg_0505,user_bg_0505,1790217336,Sundarpur central library renovation is finally completing this month.,,,,,1655422698
p00131,bg_0025,user_bg_0025,1790217338,Great community turnout for the Sundarpur cultural festival rehearsals.,,,,,1624694328
p00053,bg_0010,user_bg_0010,1790217500,"Delicious street food near Gandhi circle, best kachori in Sundarpur!",,,,,1749346363
p02204,bg_0439,user_bg_0439,1790217519,Pleasant breezy weather across Sundarpur this afternoon.,,,,,1703221950
p02041,bg_0407,user_bg_0407,1790217632,Morning tea at Station Road in Sundarpur hits different during winters.,,,,,1569663791
p00514,bg_0102,user_bg_0102,1790217708,Sundarpur central library renovation is finally completing this month.,,,http://sundarpurnews.example/local,#Sundarpur #Daily,1677292328
p01566,bg_0311,user_bg_0311,1790217788,Heavy traffic near Sundarpur Clock Tower due to market rush today.,,,,#Sundarpur #Daily,1662152325
p02256,bg_0448,user_bg_0448,1790217802,Sundarpur central library renovation is finally completing this month.,,,,,1608196643
p01077,bg_0216,user_bg_0216,1790217967,Sundarpur central library renovation is finally completing this month.,,,,,1595785830
p00243,bg_0047,user_bg_0047,1790217973,Great community turnout for the Sundarpur cultural festival rehearsals.,,,,,1684028741
p04319,b_2006,voice_b_2006,1790218000,See the official inspection report leaked online: http://sundarpur-truth.example/water-crisis-exposed #SundarpurExposed,,,http://sundarpur-truth.example/water-crisis-exposed,#SundarpurExposed,1789304702
p04318,b_2005,voice_b_2005,1790218001,Important evidence documents available here: http://sundarpur-truth.example/water-crisis-exposed #SundarpurExposed,,,http://sundarpur-truth.example/water-crisis-exposed,#SundarpurExposed,1788643950
p04326,b_2013,voice_b_2013,1790218001,Read the leaked documents before they get taken down: http://sundarpur-truth.example/water-crisis-exposed #SundarpurExposed,,,http://sundarpur-truth.example/water-crisis-exposed,#SundarpurExposed,1788928823
p04334,b_2021,voice_b_2021,1790218003,See the official inspection report leaked online: http://sundarpur-truth.example/water-crisis-exposed #SundarpurExposed,,,http://sundarpur-truth.example/water-crisis-exposed,#SundarpurExposed,1789595321
p04329,b_2016,voice_b_2016,1790218004,Important evidence documents available here: http://sundarpur-truth.example/water-crisis-exposed #SundarpurExposed,,,http://sundarpur-truth.example/water-crisis-exposed,#SundarpurExposed,1788497511
p04315,b_2002,voice_b_2002,1790218006,Important evidence documents available here: http://sundarpur-truth.example/water-crisis-exposed #SundarpurExposed,,,http://sundarpur-truth.example/water-crisis-exposed,#SundarpurExposed,1789064914
p04323,b_2010,voice_b_2010,1790218008,Exclusive report exposing the truth that mainstream media ignores: http://sundarpur-truth.example/water-crisis-exposed #SundarpurExposed,,,http://sundarpur-truth.example/water-crisis-exposed,#SundarpurExposed,1788741890
p04338,b_2025,voice_b_2025,1790218011,See the official inspection report leaked online: http://sundarpur-truth.example/water-crisis-exposed #SundarpurExposed,,,http://sundarpur-truth.example/water-crisis-exposed,#SundarpurExposed,1789683189
p04330,b_2017,voice_b_2017,1790218014,Read the leaked documents before they get taken down: http://sundarpur-truth.example/water-crisis-exposed #SundarpurExposed,,,http://sundarpur-truth.example/water-crisis-exposed,#SundarpurExposed,1789129669
p04314,b_2001,voice_b_2001,1790218015,Important evidence documents available here: http://sundarpur-truth.example/water-crisis-exposed #SundarpurExposed,,,http://sundarpur-truth.example/water-crisis-exposed,#SundarpurExposed,1788795712
p04317,b_2004,voice_b_2004,1790218019,Important evidence documents available here: http://sundarpur-truth.example/water-crisis-exposed #SundarpurExposed,,,http://sundarpur-truth.example/water-crisis-exposed,#SundarpurExposed,1788358816
p04333,b_2020,voice_b_2020,1790218020,Important evidence documents available here: http://sundarpur-truth.example/water-crisis-exposed #SundarpurExposed,,,http://sundarpur-truth.example/water-crisis-exposed,#SundarpurExposed,1788790246
p04324,b_2011,voice_b_2011,1790218022,Read the leaked documents before they get taken down: http://sundarpur-truth.example/water-crisis-exposed #SundarpurExposed,,,http://sundarpur-truth.example/water-crisis-exposed,#SundarpurExposed,1789698465
p04325,b_2012,voice_b_2012,1790218023,See the official inspection report leaked online: http://sundarpur-truth.example/water-crisis-exposed #SundarpurExposed,,,http://sundarpur-truth.example/water-crisis-exposed,#SundarpurExposed,1788665872
p04327,b_2014,voice_b_2014,1790218023,Exclusive report exposing the truth that mainstream media ignores: http://sundarpur-truth.example/water-crisis-exposed #SundarpurExposed,,,http://sundarpur-truth.example/water-crisis-exposed,#SundarpurExposed,1789337392
p04337,b_2024,voice_b_2024,1790218023,Exclusive report exposing the truth that mainstream media ignores: http://sundarpur-truth.example/water-crisis-exposed #SundarpurExposed,,,http://sundarpur-truth.example/water-crisis-exposed,#SundarpurExposed,1789074260
p04322,b_2009,voice_b_2009,1790218025,Read the leaked documents before they get taken down: http://sundarpur-truth.example/water-crisis-exposed #SundarpurExposed,,,http://sundarpur-truth.example/water-crisis-exposed,#SundarpurExposed,1788670519
p04331,b_2018,voice_b_2018,1790218027,Important evidence documents available here: http://sundarpur-truth.example/water-crisis-exposed #SundarpurExposed,,,http://sundarpur-truth.example/water-crisis-exposed,#SundarpurExposed,1788636823
p04320,b_2007,voice_b_2007,1790218028,Exclusive report exposing the truth that mainstream media ignores: http://sundarpur-truth.example/water-crisis-exposed #SundarpurExposed,,,http://sundarpur-truth.example/water-crisis-exposed,#SundarpurExposed,1788572517
p04335,b_2022,voice_b_2022,1790218033,Important evidence documents available here: http://sundarpur-truth.example/water-crisis-exposed #SundarpurExposed,,,http://sundarpur-truth.example/water-crisis-exposed,#SundarpurExposed,1789099979
p04336,b_2023,voice_b_2023,1790218036,Read the leaked documents before they get taken down: http://sundarpur-truth.example/water-crisis-exposed #SundarpurExposed,,,http://sundarpur-truth.example/water-crisis-exposed,#SundarpurExposed,1788644761
p04328,b_2015,voice_b_2015,1790218043,Read the leaked documents before they get taken down: http://sundarpur-truth.example/water-crisis-exposed #SundarpurExposed,,,http://sundarpur-truth.example/water-crisis-exposed,#SundarpurExposed,1788358223
p04321,b_2008,voice_b_2008,1790218048,Important evidence documents available here: http://sundarpur-truth.example/water-crisis-exposed #SundarpurExposed,,,http://sundarpur-truth.example/water-crisis-exposed,#SundarpurExposed,1789081289
p04332,b_2019,voice_b_2019,1790218051,Read the leaked documents before they get taken down: http://sundarpur-truth.example/water-crisis-exposed #SundarpurExposed,,,http://sundarpur-truth.example/water-crisis-exposed,#SundarpurExposed,1788667527
p04316,b_2003,voice_b_2003,1790218053,Exclusive report exposing the truth that mainstream media ignores: http://sundarpur-truth.example/water-crisis-exposed #SundarpurExposed,,,http://sundarpur-truth.example/water-crisis-exposed,#SundarpurExposed,1788988695
p03578,bg_0710,user_bg_0710,1790218082,Pleasant breezy weather across Sundarpur this afternoon.,,,,,1720374690
p03851,bg_0766,user_bg_0766,1790218169,Pleasant breezy weather across Sundarpur this afternoon.,,,http://sundarpurnews.example/local,,1717962688
p00426,bg_0083,user_bg_0083,1790218212,@user_bg_0015 Agree with this point completely.,,p00078,,,1630253906
p00113,bg_0022,user_bg_0022,1790218249,Sundarpur central library renovation is finally completing this month.,,,,,1545057871
p03572,bg_0709,user_bg_0709,1790218357,Local municipal council announced park cleanup drive this Sunday.,,,,,1587993392
p03925,bg_0780,user_bg_0780,1790218457,Sundarpur central library renovation is finally completing this month.,,,,,1578226215
p02594,bg_0515,user_bg_0515,1790218516,@user_bg_0398 Agree with this point completely.,,p01996,http://sundarpurnews.example/local,,1664082736
p03687,bg_0732,user_bg_0732,1790218541,Evening cricket practice match at Sundarpur town stadium was exciting.,,,http://sundarpurnews.example/local,,1557888548
p01282,bg_0256,user_bg_0256,1790218546,Evening cricket practice match at Sundarpur town stadium was exciting.,,,,,1683071000
p00101,bg_0020,user_bg_0020,1790218588,Power cut announced for northern suburbs of Sundarpur tomorrow 10am-12pm.,,,,,1624178276
p03107,bg_0618,user_bg_0618,1790218616,Heavy traffic near Sundarpur Clock Tower due to market rush today.,,,,,1736396083
p03764,bg_0748,user_bg_0748,1790218696,Monsoon drainage repairs starting near Sundarpur east bus terminus.,,,,,1739251407
p01382,bg_0275,user_bg_0275,1790218703,Great community turnout for the Sundarpur cultural festival rehearsals.,,,,,1594277782
p03336,bg_0663,user_bg_0663,1790218775,Morning tea at Station Road in Sundarpur hits different during winters.,,,,,1736202422
p02619,bg_0521,user_bg_0521,1790218792,Power cut announced for northern suburbs of Sundarpur tomorrow 10am-12pm.,,,,#Sundarpur #Daily,1641085940
p01465,bg_0291,user_bg_0291,1790218800,Morning tea at Station Road in Sundarpur hits different during winters.,,,,,1657546735
p00165,bg_0032,user_bg_0032,1790218836,Pleasant breezy weather across Sundarpur this afternoon.,,,,,1722970623
p01704,bg_0339,user_bg_0339,1790218904,"Delicious street food near Gandhi circle, best kachori in Sundarpur!",,,,#Sundarpur #Daily,1681596152
p00991,bg_0199,user_bg_0199,1790218924,"Delicious street food near Gandhi circle, best kachori in Sundarpur!",,,,#Sundarpur #Daily,1563100210
p00910,bg_0182,user_bg_0182,1790218957,Local municipal council announced park cleanup drive this Sunday.,,,,,1703689297
p03459,bg_0687,user_bg_0687,1790218999,Monsoon drainage repairs starting near Sundarpur east bus terminus.,,,,,1606512786
p03856,bg_0767,user_bg_0767,1790219017,Heavy traffic near Sundarpur Clock Tower due to market rush today.,,,,,1751302568
p03876,bg_0771,user_bg_0771,1790219092,Monsoon drainage repairs starting near Sundarpur east bus terminus.,,,,,1721224691
p00695,bg_0138,user_bg_0138,1790219125,Morning tea at Station Road in Sundarpur hits different during winters.,,,,,1597678188
p01050,bg_0210,user_bg_0210,1790219127,Monsoon drainage repairs starting near Sundarpur east bus terminus.,,,,,1695229940
p02049,bg_0408,user_bg_0408,1790219163,Evening cricket practice match at Sundarpur town stadium was exciting.,,,,,1661582765
p03360,bg_0667,user_bg_0667,1790219190,Power cut announced for northern suburbs of Sundarpur tomorrow 10am-12pm.,,,,,1580389838
p00796,bg_0159,user_bg_0159,1790219332,Sundarpur central library renovation is finally completing this month.,,,,,1573663067
p00076,bg_0015,user_bg_0015,1790219383,Great community turnout for the Sundarpur cultural festival rehearsals.,,,,,1756378526
p00887,bg_0177,user_bg_0177,1790219384,@user_bg_0132 Agree with this point completely.,,p00663,,,1571462625
p02489,bg_0495,user_bg_0495,1790219392,Sundarpur central library renovation is finally completing this month.,,,http://sundarpurnews.example/local,,1587115915
p02610,bg_0519,user_bg_0519,1790219406,Morning tea at Station Road in Sundarpur hits different during winters.,,,,,1600648992
p02100,bg_0418,user_bg_0418,1790219418,Pleasant breezy weather across Sundarpur this afternoon.,,,,,1735587721
p00394,bg_0076,user_bg_0076,1790219444,"Delicious street food near Gandhi circle, best kachori in Sundarpur!",,,,,1579058218
p02493,bg_0496,user_bg_0496,1790219635,Evening cricket practice match at Sundarpur town stadium was exciting.,,,,,1748491378
p03273,bg_0650,user_bg_0650,1790219708,Morning tea at Station Road in Sundarpur hits different during winters.,,,,#Sundarpur #Daily,1642415340
p00851,bg_0170,user_bg_0170,1790219710,Great community turnout for the Sundarpur cultural festival rehearsals.,,,,,1579617960
p00325,bg_0062,user_bg_0062,1790219748,@user_bg_0032 Agree with this point completely.,,p00168,,,1547623526
p03462,bg_0688,user_bg_0688,1790219793,Evening cricket practice match at Sundarpur town stadium was exciting.,,,,,1677874239
p03580,bg_0710,user_bg_0710,1790219826,Heavy traffic near Sundarpur Clock Tower due to market rush today.,,,,,1720374690
p00214,bg_0041,user_bg_0041,1790219864,Morning tea at Station Road in Sundarpur hits different during winters.,,,,,1663215886
p03562,bg_0707,user_bg_0707,1790219876,@user_bg_0059 Agree with this point completely.,,p00305,,,1554161707
p03450,bg_0685,user_bg_0685,1790220046,Great community turnout for the Sundarpur cultural festival rehearsals.,,,,,1718254614
p03171,bg_0630,user_bg_0630,1790220106,Morning tea at Station Road in Sundarpur hits different during winters.,p02868,,,,1723676139
p01962,bg_0391,user_bg_0391,1790220150,Local municipal council announced park cleanup drive this Sunday.,,,,,1637008571
p03337,bg_0663,user_bg_0663,1790220260,Great community turnout for the Sundarpur cultural festival rehearsals.,,,,,1736202422
p02132,bg_0424,user_bg_0424,1790220276,Local municipal council announced park cleanup drive this Sunday.,,,,,1670837125
p00956,bg_0192,user_bg_0192,1790220345,Pleasant breezy weather across Sundarpur this afternoon.,,,,,1666004378
p01479,bg_0294,user_bg_0294,1790220360,Great community turnout for the Sundarpur cultural festival rehearsals.,,,,,1730110136
p04177,a_1034,alert_a_1034,1790220400,"Sundarpur dam gates will be opened TONIGHT itself, whole east side will flood. Officials hiding it!! Everyone gather at Collector office 7 PM!! #SundarpurAlert",,,,#SundarpurAlert,1789676615
p04150,a_1007,alert_a_1007,1790220401,"Sundarpur dam gates will be opened TONIGHT, whole east side will flood. Officials hiding it! Everyone gather at Collector office 7 PM! #SundarpurAlert",,,,#SundarpurAlert,1789229545
p04164,a_1021,alert_a_1021,1790220401,"Sundarpur dam gates will be opened TONIGHT, whole east side will flood. Officials hiding it! Everyone gather at Collector office 7 PM! #SundarpurAlert",,,,#SundarpurAlert,1789422192
p04180,a_1037,alert_a_1037,1790220401,"Sundarpur dam gates will be opened TONIGHT itself, whole east side will flood. Officials hiding it!! Everyone gather at Collector office 7 PM!! #SundarpurAlert",,,,#SundarpurAlert,1789427618
p04166,a_1023,alert_a_1023,1790220402,"Sundarpur dam gates will be opened TONIGHT, whole east side will flood. Officials hiding it! Everyone gather at Collector office 7 PM! #SundarpurAlert",,,,#SundarpurAlert,1789961631
p04175,a_1032,alert_a_1032,1790220402,"Sundarpur dam gates will be opened TONIGHT, whole east side will flood. Officials hiding it! Everyone gather at Collector office 7 PM! #SundarpurAlert",,,,#SundarpurAlert,1789401766
p04179,a_1036,alert_a_1036,1790220402,"Sundarpur dam gates will be opened TONIGHT, whole east side will flood. Officials hiding it! Everyone gather at Collector office 7 PM! #SundarpurAlert",,,,#SundarpurAlert,1789931211
p04181,a_1038,alert_a_1038,1790220402,"Sundarpur dam gates will be opened TONIGHT, whole east side will flood. Officials hiding it! Everyone gather at Collector office 7 PM! #SundarpurAlert",,,,#SundarpurAlert,1789609353
p04174,a_1031,alert_a_1031,1790220403,"Sundarpur dam gates will be opened TONIGHT, whole east side will flood. Officials hiding it! Everyone gather at Collector office 7 PM! #SundarpurAlert",,,,#SundarpurAlert,1789264913
p04170,a_1027,alert_a_1027,1790220404,"Sundarpur dam gates will be opened TONIGHT, whole east side will flood. Officials hiding it! Everyone gather at Collector office 7 PM! #SundarpurAlert",,,,#SundarpurAlert,1789760045
p04156,a_1013,alert_a_1013,1790220405,"Sundarpur dam gates will be opened TONIGHT itself, whole east side will flood. Officials hiding it!! Everyone gather at Collector office 7 PM!! #SundarpurAlert",,,,#SundarpurAlert,1789784291
p04182,a_1039,alert_a_1039,1790220405,"Sundarpur dam gates will be opened TONIGHT, whole east side will flood. Officials hiding it! Everyone gather at Collector office 7 PM! #SundarpurAlert",,,,#SundarpurAlert,1789409310
p04147,a_1004,alert_a_1004,1790220406,"Sundarpur dam gates will be opened TONIGHT, whole east side will flood. Officials hiding it! Everyone gather at Collector office 7 PM! #SundarpurAlert",,,,#SundarpurAlert,1789434408
p04146,a_1003,alert_a_1003,1790220409,"Sundarpur dam gates will be opened TONIGHT itself, whole east side will flood. Officials hiding it!! Everyone gather at Collector office 7 PM!! #SundarpurAlert",,,,#SundarpurAlert,1789347949
p04152,a_1009,alert_a_1009,1790220409,"Sundarpur dam gates will be opened TONIGHT itself, whole east side will flood. Officials hiding it!! Everyone gather at Collector office 7 PM!! #SundarpurAlert",,,,#SundarpurAlert,1789446223
p04154,a_1011,alert_a_1011,1790220409,"Sundarpur dam gates will be opened TONIGHT, whole east side will flood. Officials hiding it! Everyone gather at Collector office 7 PM! #SundarpurAlert",,,,#SundarpurAlert,1789532765
p04148,a_1005,alert_a_1005,1790220410,"Sundarpur dam gates will be opened TONIGHT itself, whole east side will flood. Officials hiding it!! Everyone gather at Collector office 7 PM!! #SundarpurAlert",,,,#SundarpurAlert,1789576053
p04183,a_1040,alert_a_1040,1790220410,"Sundarpur dam gates will be opened TONIGHT, whole east side will flood. Officials hiding it! Everyone gather at Collector office 7 PM! #SundarpurAlert",,,,#SundarpurAlert,1789610263
p04165,a_1022,alert_a_1022,1790220412,"Sundarpur dam gates will be opened TONIGHT, whole east side will flood. Officials hiding it! Everyone gather at Collector office 7 PM! #SundarpurAlert",,,,#SundarpurAlert,1789694757
p04159,a_1016,alert_a_1016,1790220413,"Sundarpur dam gates will be opened TONIGHT, whole east side will flood. Officials hiding it! Everyone gather at Collector office 7 PM! #SundarpurAlert",,,,#SundarpurAlert,1789578139
p04168,a_1025,alert_a_1025,1790220413,"Sundarpur dam gates will be opened TONIGHT, whole east side will flood. Officials hiding it! Everyone gather at Collector office 7 PM! #SundarpurAlert",,,,#SundarpurAlert,1789935099
p04169,a_1026,alert_a_1026,1790220413,"Sundarpur dam gates will be opened TONIGHT, whole east side will flood. Officials hiding it! Everyone gather at Collector office 7 PM! #SundarpurAlert",,,,#SundarpurAlert,1789668975
p04178,a_1035,alert_a_1035,1790220415,"Sundarpur dam gates will be opened TONIGHT, whole east side will flood. Officials hiding it! Everyone gather at Collector office 7 PM! #SundarpurAlert",,,,#SundarpurAlert,1789849815
p04163,a_1020,alert_a_1020,1790220417,"Sundarpur dam gates will be opened TONIGHT, whole east side will flood. Officials hiding it! Everyone gather at Collector office 7 PM! #SundarpurAlert",,,,#SundarpurAlert,1789359451
p04145,a_1002,alert_a_1002,1790220418,"Sundarpur dam gates will be opened TONIGHT itself, whole east side will flood. Officials hiding it!! Everyone gather at Collector office 7 PM!! #SundarpurAlert",,,,#SundarpurAlert,1789940824
p04158,a_1015,alert_a_1015,1790220418,"Sundarpur dam gates will be opened TONIGHT, whole east side will flood. Officials hiding it! Everyone gather at Collector office 7 PM! #SundarpurAlert",,,,#SundarpurAlert,1789357555
p04162,a_1019,alert_a_1019,1790220418,"Sundarpur dam gates will be opened TONIGHT, whole east side will flood. Officials hiding it! Everyone gather at Collector office 7 PM! #SundarpurAlert",,,,#SundarpurAlert,1789403053
p04160,a_1017,alert_a_1017,1790220419,"Sundarpur dam gates will be opened TONIGHT, whole east side will flood. Officials hiding it! Everyone gather at Collector office 7 PM! #SundarpurAlert",,,,#SundarpurAlert,1789247306
p04161,a_1018,alert_a_1018,1790220419,"Sundarpur dam gates will be opened TONIGHT, whole east side will flood. Officials hiding it! Everyone gather at Collector office 7 PM! #SundarpurAlert",,,,#SundarpurAlert,1789844079
p04176,a_1033,alert_a_1033,1790220419,"Sundarpur dam gates will be opened TONIGHT, whole east side will flood. Officials hiding it! Everyone gather at Collector office 7 PM! #SundarpurAlert",,,,#SundarpurAlert,1789520826
p04149,a_1006,alert_a_1006,1790220420,"Sundarpur dam gates will be opened TONIGHT, whole east side will flood. Officials hiding it! Everyone gather at Collector office 7 PM! #SundarpurAlert",,,,#SundarpurAlert,1789747763
p04151,a_1008,alert_a_1008,1790220420,"Sundarpur dam gates will be opened TONIGHT, whole east side will flood. Officials hiding it! Everyone gather at Collector office 7 PM! #SundarpurAlert",,,,#SundarpurAlert,1789243440
p04167,a_1024,alert_a_1024,1790220420,"Sundarpur dam gates will be opened TONIGHT, whole east side will flood. Officials hiding it! Everyone gather at Collector office 7 PM! #SundarpurAlert",,,,#SundarpurAlert,1789437127
p04155,a_1012,alert_a_1012,1790220422,"Sundarpur dam gates will be opened TONIGHT, whole east side will flood. Officials hiding it! Everyone gather at Collector office 7 PM! #SundarpurAlert",,,,#SundarpurAlert,1789583179
p04171,a_1028,alert_a_1028,1790220423,"Sundarpur dam gates will be opened TONIGHT, whole east side will flood. Officials hiding it! Everyone gather at Collector office 7 PM! #SundarpurAlert",,,,#SundarpurAlert,1789835701
p01222,bg_0244,user_bg_0244,1790220424,Evening cricket practice match at Sundarpur town stadium was exciting.,,,http://sundarpurnews.example/local,,1616255552
p04153,a_1010,alert_a_1010,1790220425,"Sundarpur dam gates will be opened TONIGHT, whole east side will flood. Officials hiding it! Everyone gather at Collector office 7 PM! #SundarpurAlert",,,,#SundarpurAlert,1789492409
p04173,a_1030,alert_a_1030,1790220425,"Sundarpur dam gates will be opened TONIGHT, whole east side will flood. Officials hiding it! Everyone gather at Collector office 7 PM! #SundarpurAlert",,,,#SundarpurAlert,1789353536
p04157,a_1014,alert_a_1014,1790220426,"Sundarpur dam gates will be opened TONIGHT itself, whole east side will flood. Officials hiding it!! Everyone gather at Collector office 7 PM!! #SundarpurAlert",,,,#SundarpurAlert,1789834288
p04144,a_1001,alert_a_1001,1790220427,"Sundarpur dam gates will be opened TONIGHT itself, whole east side will flood. Officials hiding it!! Everyone gather at Collector office 7 PM!! #SundarpurAlert",,,,#SundarpurAlert,1789253407
p04172,a_1029,alert_a_1029,1790220427,"Sundarpur dam gates will be opened TONIGHT, whole east side will flood. Officials hiding it! Everyone gather at Collector office 7 PM! #SundarpurAlert",,,,#SundarpurAlert,1789264532
p00354,bg_0068,user_bg_0068,1790220431,"Delicious street food near Gandhi circle, best kachori in Sundarpur!",,,,,1664339212
p03421,bg_0679,user_bg_0679,1790220604,Heavy traffic near Sundarpur Clock Tower due to market rush today.,,,,,1551575074
p00315,bg_0061,user_bg_0061,1790220612,Heavy traffic near Sundarpur Clock Tower due to market rush today.,,,,,1702067333
p03809,bg_0757,user_bg_0757,1790220635,Morning tea at Station Road in Sundarpur hits different during winters.,,,,,1581643633
p02133,bg_0424,user_bg_0424,1790220744,Evening cricket practice match at Sundarpur town stadium was exciting.,,,,#Sundarpur #Daily,1670837125
p04016,bg_0799,user_bg_0799,1790220757,Local municipal council announced park cleanup drive this Sunday.,p01862,,,,1595280833
p03138,bg_0624,user_bg_0624,1790220877,Local municipal council announced park cleanup drive this Sunday.,,,,,1724247575
p02122,bg_0422,user_bg_0422,1790220951,Power cut announced for northern suburbs of Sundarpur tomorrow 10am-12pm.,,,,,1705887372
p03771,bg_0749,user_bg_0749,1790221014,Pleasant breezy weather across Sundarpur this afternoon.,,,,,1686326707
p03538,bg_0703,user_bg_0703,1790221082,"Delicious street food near Gandhi circle, best kachori in Sundarpur!",,,,,1633552235
p03437,bg_0682,user_bg_0682,1790221136,Heavy traffic near Sundarpur Clock Tower due to market rush today.,,,,,1654378669
p02312,bg_0459,user_bg_0459,1790221196,Sundarpur central library renovation is finally completing this month.,,,,,1583960577
p03145,bg_0626,user_bg_0626,1790221426,Evening cricket practice match at Sundarpur town stadium was exciting.,,,,#Sundarpur #Daily,1621201059
p03136,bg_0624,user_bg_0624,1790221459,Local municipal council announced park cleanup drive this Sunday.,,,,,1724247575
p03823,bg_0760,user_bg_0760,1790221515,Great community turnout for the Sundarpur cultural festival rehearsals.,,,,#Sundarpur #Daily,1604296056
p00137,bg_0026,user_bg_0026,1790221521,Heavy traffic near Sundarpur Clock Tower due to market rush today.,,,,,1563292027
p03312,bg_0658,user_bg_0658,1790221524,Morning tea at Station Road in Sundarpur hits different during winters.,,,,#Sundarpur #Daily,1550336037
p03821,bg_0760,user_bg_0760,1790221527,Sundarpur central library renovation is finally completing this month.,,,,,1604296056
p01992,bg_0397,user_bg_0397,1790221569,"Delicious street food near Gandhi circle, best kachori in Sundarpur!",,,,,1646990870
p02577,bg_0512,user_bg_0512,1790221683,Pleasant breezy weather across Sundarpur this afternoon.,,,,#Sundarpur #Daily,1710315550
p01275,bg_0254,user_bg_0254,1790221701,Great community turnout for the Sundarpur cultural festival rehearsals.,,,,,1644703346
p01187,bg_0238,user_bg_0238,1790221855,Monsoon drainage repairs starting near Sundarpur east bus terminus.,,,,#Sundarpur #Daily,1629838131
p00734,bg_0145,user_bg_0145,1790221889,Great community turnout for the Sundarpur cultural festival rehearsals.,,,,,1738392972
p02412,bg_0479,user_bg_0479,1790221929,Power cut announced for northern suburbs of Sundarpur tomorrow 10am-12pm.,,,,,1656704488
p00498,bg_0099,user_bg_0099,1790221960,@user_bg_0074 Agree with this point completely.,,p00381,,,1679124392
p00453,bg_0089,user_bg_0089,1790221974,Evening cricket practice match at Sundarpur town stadium was exciting.,,,http://sundarpurnews.example/local,,1713306296
p01488,bg_0295,user_bg_0295,1790221982,Heavy traffic near Sundarpur Clock Tower due to market rush today.,,,http://sundarpurnews.example/local,,1705325511
p01948,bg_0388,user_bg_0388,1790222055,Sundarpur central library renovation is finally completing this month.,,,,,1650334625
p03665,bg_0728,user_bg_0728,1790222072,Monsoon drainage repairs starting near Sundarpur east bus terminus.,,,http://sundarpurnews.example/local,,1625603028
p01705,bg_0339,user_bg_0339,1790222096,Power cut announced for northern suburbs of Sundarpur tomorrow 10am-12pm.,,,,,1681596152
p01599,bg_0317,user_bg_0317,1790222100,Evening cricket practice match at Sundarpur town stadium was exciting.,,,,,1749151645
p01106,bg_0222,user_bg_0222,1790222121,Morning tea at Station Road in Sundarpur hits different during winters.,,,,,1634444880
p00107,bg_0021,user_bg_0021,1790222232,Evening cricket practice match at Sundarpur town stadium was exciting.,,,,,1631641082
p00323,bg_0062,user_bg_0062,1790222321,Evening cricket practice match at Sundarpur town stadium was exciting.,,,,,1547623526
p01462,bg_0291,user_bg_0291,1790222390,@user_bg_0236 Agree with this point completely.,,p01178,,,1657546735
p01896,bg_0377,user_bg_0377,1790222409,Heavy traffic near Sundarpur Clock Tower due to market rush today.,,,,,1659754139
p01694,bg_0337,user_bg_0337,1790222431,@user_bg_0281 Agree with this point completely.,,p01410,,,1713997270
p01907,bg_0379,user_bg_0379,1790222525,Morning tea at Station Road in Sundarpur hits different during winters.,,,,,1755129315
p03489,bg_0693,user_bg_0693,1790222624,Sundarpur central library renovation is finally completing this month.,,,http://sundarpurnews.example/local,,1668451460
p00609,bg_0121,user_bg_0121,1790222684,Power cut announced for northern suburbs of Sundarpur tomorrow 10am-12pm.,,,,,1720015791
p00726,bg_0144,user_bg_0144,1790222694,Power cut announced for northern suburbs of Sundarpur tomorrow 10am-12pm.,,,,,1737131504
p01154,bg_0231,user_bg_0231,1790222798,Monsoon drainage repairs starting near Sundarpur east bus terminus.,p00855,,,,1604286657
p03197,bg_0636,user_bg_0636,1790222940,Heavy traffic near Sundarpur Clock Tower due to market rush today.,p00814,,,,1723573747
p01987,bg_0396,user_bg_0396,1790222963,Pleasant breezy weather across Sundarpur this afternoon.,,,,,1715947642
p00779,bg_0156,user_bg_0156,1790222965,"Delicious street food near Gandhi circle, best kachori in Sundarpur!",,,,,1539504345
p02351,bg_0467,user_bg_0467,1790222966,Power cut announced for northern suburbs of Sundarpur tomorrow 10am-12pm.,,,,,1554705273
p00830,bg_0165,user_bg_0165,1790222994,"Delicious street food near Gandhi circle, best kachori in Sundarpur!",,,,,1646725508
p02556,bg_0508,user_bg_0508,1790223025,Sundarpur central library renovation is finally completing this month.,,,,,1672436671
p00961,bg_0193,user_bg_0193,1790223084,Local municipal council announced park cleanup drive this Sunday.,,,,,1602378709
p03692,bg_0733,user_bg_0733,1790223096,Sundarpur central library renovation is finally completing this month.,,,,,1728630095
p02691,bg_0535,user_bg_0535,1790223117,Sundarpur central library renovation is finally completing this month.,,,,,1572558290
p01078,bg_0216,user_bg_0216,1790223147,Evening cricket practice match at Sundarpur town stadium was exciting.,,,,#Sundarpur #Daily,1595785830
p02953,bg_0588,user_bg_0588,1790223183,@user_bg_0505 Agree with this point completely.,,p02543,,,1670044000
p02963,bg_0590,user_bg_0590,1790223185,Great community turnout for the Sundarpur cultural festival rehearsals.,,,,,1724385442
p01220,bg_0244,user_bg_0244,1790223199,Evening cricket practice match at Sundarpur town stadium was exciting.,,,,#Sundarpur #Daily,1616255552
p01661,bg_0330,user_bg_0330,1790223223,Local municipal council announced park cleanup drive this Sunday.,,,,,1740246670
p01957,bg_0390,user_bg_0390,1790223280,Evening cricket practice match at Sundarpur town stadium was exciting.,,,,,1562804788
p00835,bg_0166,user_bg_0166,1790223395,Evening cricket practice match at Sundarpur town stadium was exciting.,,,,,1755380868
p01238,bg_0247,user_bg_0247,1790223441,Local municipal council announced park cleanup drive this Sunday.,,,,,1624534010
p03769,bg_0749,user_bg_0749,1790223451,Heavy traffic near Sundarpur Clock Tower due to market rush today.,,,,,1686326707
p02905,bg_0578,user_bg_0578,1790223477,Evening cricket practice match at Sundarpur town stadium was exciting.,p00938,,,,1556302249
p00099,bg_0019,user_bg_0019,1790223500,Pleasant breezy weather across Sundarpur this afternoon.,,,,,1722500956
p02115,bg_0421,user_bg_0421,1790223586,Heavy traffic near Sundarpur Clock Tower due to market rush today.,,,,#Sundarpur #Daily,1739702287
p00083,bg_0016,user_bg_0016,1790223706,Local municipal council announced park cleanup drive this Sunday.,,,,,1609090197
p00385,bg_0075,user_bg_0075,1790223820,Heavy traffic near Sundarpur Clock Tower due to market rush today.,,,,,1653106948
p00307,bg_0059,user_bg_0059,1790223869,"Delicious street food near Gandhi circle, best kachori in Sundarpur!",,,,#Sundarpur #Daily,1742029571
p02645,bg_0525,user_bg_0525,1790223873,Great community turnout for the Sundarpur cultural festival rehearsals.,,,,,1556305396
p02420,bg_0481,user_bg_0481,1790223895,Power cut announced for northern suburbs of Sundarpur tomorrow 10am-12pm.,,,,,1597738742
p01698,bg_0338,user_bg_0338,1790223917,Sundarpur central library renovation is finally completing this month.,,,,,1718242720
p02261,bg_0449,user_bg_0449,1790223926,Monsoon drainage repairs starting near Sundarpur east bus terminus.,,,,#Sundarpur #Daily,1565961466
p01631,bg_0324,user_bg_0324,1790223935,Great community turnout for the Sundarpur cultural festival rehearsals.,p01232,,http://sundarpurnews.example/local,,1683841198
p00175,bg_0034,user_bg_0034,1790223947,Sundarpur central library renovation is finally completing this month.,,,,,1629543719
p02306,bg_0458,user_bg_0458,1790223967,Heavy traffic near Sundarpur Clock Tower due to market rush today.,,,,,1581641176
p03177,bg_0631,user_bg_0631,1790224016,Sundarpur central library renovation is finally completing this month.,,,,,1540843092
p03963,bg_0788,user_bg_0788,1790224053,Evening cricket practice match at Sundarpur town stadium was exciting.,,,,,1583877611
p00396,bg_0077,user_bg_0077,1790224113,"Delicious street food near Gandhi circle, best kachori in Sundarpur!",,,,#Sundarpur #Daily,1688294432
p02542,bg_0505,user_bg_0505,1790224185,Sundarpur central library renovation is finally completing this month.,,,,,1655422698
p03111,bg_0619,user_bg_0619,1790224205,Monsoon drainage repairs starting near Sundarpur east bus terminus.,,,,,1594397208
p03955,bg_0786,user_bg_0786,1790224236,Monsoon drainage repairs starting near Sundarpur east bus terminus.,,,,,1704603518
p02879,bg_0573,user_bg_0573,1790224251,Morning tea at Station Road in Sundarpur hits different during winters.,,,,,1608559980
p01695,bg_0337,user_bg_0337,1790224295,Sundarpur central library renovation is finally completing this month.,,,,,1713997270
p00902,bg_0180,user_bg_0180,1790224302,Sundarpur central library renovation is finally completing this month.,,,,,1665047929
p00339,bg_0065,user_bg_0065,1790224306,Evening cricket practice match at Sundarpur town stadium was exciting.,,,http://sundarpurnews.example/local,,1571408153
p02331,bg_0463,user_bg_0463,1790224320,Local municipal council announced park cleanup drive this Sunday.,p00426,,http://sundarpurnews.example/local,#Sundarpur #Daily,1670047390
p02242,bg_0446,user_bg_0446,1790224379,Evening cricket practice match at Sundarpur town stadium was exciting.,,,,,1665114727
p03071,bg_0611,user_bg_0611,1790224494,Evening cricket practice match at Sundarpur town stadium was exciting.,,,,,1665973419
p00269,bg_0052,user_bg_0052,1790224637,"Delicious street food near Gandhi circle, best kachori in Sundarpur!",,,,,1671413579
p01123,bg_0225,user_bg_0225,1790224717,Morning tea at Station Road in Sundarpur hits different during winters.,,,,,1748855918
p00713,bg_0141,user_bg_0141,1790224780,Great community turnout for the Sundarpur cultural festival rehearsals.,,,,,1691510090
p00692,bg_0137,user_bg_0137,1790224790,Great community turnout for the Sundarpur cultural festival rehearsals.,,,,,1620485160
p01119,bg_0224,user_bg_0224,1790224813,Pleasant breezy weather across Sundarpur this afternoon.,p00943,,,,1568913004
p02650,bg_0526,user_bg_0526,1790224824,Power cut announced for northern suburbs of Sundarpur tomorrow 10am-12pm.,,,,,1676059441
p00349,bg_0067,user_bg_0067,1790224826,Morning tea at Station Road in Sundarpur hits different during winters.,p00301,,,#Sundarpur #Daily,1718152781
p00672,bg_0134,user_bg_0134,1790224850,Power cut announced for northern suburbs of Sundarpur tomorrow 10am-12pm.,,,,,1683056565
p01640,bg_0326,user_bg_0326,1790224864,Local municipal council announced park cleanup drive this Sunday.,p00940,,,,1624547671
p00691,bg_0137,user_bg_0137,1790225106,Local municipal council announced park cleanup drive this Sunday.,,,,,1620485160
p00700,bg_0139,user_bg_0139,1790225116,Power cut announced for northern suburbs of Sundarpur tomorrow 10am-12pm.,,,,,1609032045
p00817,bg_0162,user_bg_0162,1790225134,Power cut announced for northern suburbs of Sundarpur tomorrow 10am-12pm.,,,http://sundarpurnews.example/local,#Sundarpur #Daily,1664739076
p01211,bg_0242,user_bg_0242,1790225253,Heavy traffic near Sundarpur Clock Tower due to market rush today.,,,,,1579191738
p02950,bg_0587,user_bg_0587,1790225261,"Delicious street food near Gandhi circle, best kachori in Sundarpur!",,,,,1691466181
p00825,bg_0164,user_bg_0164,1790225295,Monsoon drainage repairs starting near Sundarpur east bus terminus.,,,,,1652564729
p02139,bg_0426,user_bg_0426,1790225323,Power cut announced for northern suburbs of Sundarpur tomorrow 10am-12pm.,,,,,1544150935
p02484,bg_0494,user_bg_0494,1790225324,Local municipal council announced park cleanup drive this Sunday.,,,,,1656795824
p00919,bg_0184,user_bg_0184,1790225376,Sundarpur central library renovation is finally completing this month.,,,,#Sundarpur #Daily,1684172142
p03861,bg_0768,user_bg_0768,1790225420,Morning tea at Station Road in Sundarpur hits different during winters.,,,,,1697945818
p00240,bg_0046,user_bg_0046,1790225454,Sundarpur central library renovation is finally completing this month.,,,,,1663918275
p00321,bg_0062,user_bg_0062,1790225524,Local municipal council announced park cleanup drive this Sunday.,,,,,1547623526
p00201,bg_0039,user_bg_0039,1790225557,Morning tea at Station Road in Sundarpur hits different during winters.,,,,,1672052617
p03120,bg_0621,user_bg_0621,1790225576,Great community turnout for the Sundarpur cultural festival rehearsals.,,,,,1709189143
p02429,bg_0483,user_bg_0483,1790225599,Monsoon drainage repairs starting near Sundarpur east bus terminus.,,,,,1644225594
p00706,bg_0140,user_bg_0140,1790225676,Monsoon drainage repairs starting near Sundarpur east bus terminus.,,,,,1586429089
p03135,bg_0624,user_bg_0624,1790225688,Evening cricket practice match at Sundarpur town stadium was exciting.,,,http://sundarpurnews.example/local,,1724247575
p02024,bg_0404,user_bg_0404,1790225750,"Delicious street food near Gandhi circle, best kachori in Sundarpur!",,,,,1653830616
p01357,bg_0270,user_bg_0270,1790225758,Local municipal council announced park cleanup drive this Sunday.,,,,,1617285579
p02629,bg_0522,user_bg_0522,1790225758,Great community turnout for the Sundarpur cultural festival rehearsals.,,,http://sundarpurnews.example/local,#Sundarpur #Daily,1566413441
p03239,bg_0644,user_bg_0644,1790225781,"Delicious street food near Gandhi circle, best kachori in Sundarpur!",,,,,1740762913
p00310,bg_0060,user_bg_0060,1790225799,Heavy traffic near Sundarpur Clock Tower due to market rush today.,,,http://sundarpurnews.example/local,,1704599840
p03889,bg_0773,user_bg_0773,1790225818,Great community turnout for the Sundarpur cultural festival rehearsals.,,,,,1616976676
p02736,bg_0543,user_bg_0543,1790225819,Monsoon drainage repairs starting near Sundarpur east bus terminus.,,,,,1569869808
p01195,bg_0239,user_bg_0239,1790225943,Monsoon drainage repairs starting near Sundarpur east bus terminus.,,,,,1733936879
p02939,bg_0585,user_bg_0585,1790225951,Pleasant breezy weather across Sundarpur this afternoon.,,,,,1677294769
p02194,bg_0437,user_bg_0437,1790225968,Evening cricket practice match at Sundarpur town stadium was exciting.,,,,,1673781982
p03655,bg_0726,user_bg_0726,1790226026,Great community turnout for the Sundarpur cultural festival rehearsals.,,,,,1747816026
p01240,bg_0248,user_bg_0248,1790226103,Morning tea at Station Road in Sundarpur hits different during winters.,,,,,1540864193
p02120,bg_0422,user_bg_0422,1790226150,Monsoon drainage repairs starting near Sundarpur east bus terminus.,,,,,1705887372
p03697,bg_0734,user_bg_0734,1790226153,Monsoon drainage repairs starting near Sundarpur east bus terminus.,,,,,1703587832
p01370,bg_0273,user_bg_0273,1790226164,Pleasant breezy weather across Sundarpur this afternoon.,,,,,1608210283
p03656,bg_0726,user_bg_0726,1790226174,Heavy traffic near Sundarpur Clock Tower due to market rush today.,,,,,1747816026
p00135,bg_0026,user_bg_0026,1790226409,"Delicious street food near Gandhi circle, best kachori in Sundarpur!",,,,,1563292027
p02608,bg_0518,user_bg_0518,1790226547,Power cut announced for northern suburbs of Sundarpur tomorrow 10am-12pm.,,,,#Sundarpur #Daily,1585391476
p01965,bg_0392,user_bg_0392,1790226549,Great community turnout for the Sundarpur cultural festival rehearsals.,,,,,1563901757
p01956,bg_0390,user_bg_0390,1790226553,Pleasant breezy weather across Sundarpur this afternoon.,,,,,1562804788
p00167,bg_0032,user_bg_0032,1790226576,Heavy traffic near Sundarpur Clock Tower due to market rush today.,,,,#Sundarpur #Daily,1722970623
p00121,bg_0023,user_bg_0023,1790226584,Power cut announced for northern suburbs of Sundarpur tomorrow 10am-12pm.,,,,#Sundarpur #Daily,1743371417
p03060,bg_0609,user_bg_0609,1790226594,Great community turnout for the Sundarpur cultural festival rehearsals.,p00278,,http://sundarpurnews.example/local,,1568799399
p03516,bg_0699,user_bg_0699,1790226663,Morning tea at Station Road in Sundarpur hits different during winters.,,,http://sundarpurnews.example/local,,1561792661
p02616,bg_0520,user_bg_0520,1790226664,Local municipal council announced park cleanup drive this Sunday.,,,,,1587318036
p02309,bg_0459,user_bg_0459,1790226704,Pleasant breezy weather across Sundarpur this afternoon.,,,,,1583960577
p03918,bg_0779,user_bg_0779,1790226803,Pleasant breezy weather across Sundarpur this afternoon.,,,,,1718324747
p01508,bg_0299,user_bg_0299,1790226825,Morning tea at Station Road in Sundarpur hits different during winters.,,,,,1641603121
p02084,bg_0415,user_bg_0415,1790226837,Pleasant breezy weather across Sundarpur this afternoon.,,,,#Sundarpur #Daily,1638100164
p01372,bg_0273,user_bg_0273,1790226840,Local municipal council announced park cleanup drive this Sunday.,,,,,1608210283
p00423,bg_0082,user_bg_0082,1790226852,Local municipal council announced park cleanup drive this Sunday.,,,,,1751793062
p03929,bg_0781,user_bg_0781,1790226870,Local municipal council announced park cleanup drive this Sunday.,,,http://sundarpurnews.example/local,,1635011619
p01285,bg_0256,user_bg_0256,1790226904,Evening cricket practice match at Sundarpur town stadium was exciting.,,,,,1683071000
p00227,bg_0044,user_bg_0044,1790226926,Evening cricket practice match at Sundarpur town stadium was exciting.,,,http://sundarpurnews.example/local,,1677565007
p00518,bg_0103,user_bg_0103,1790226957,Morning tea at Station Road in Sundarpur hits different during winters.,,,http://sundarpurnews.example/local,,1680672142
p00719,bg_0142,user_bg_0142,1790226999,Sundarpur central library renovation is finally completing this month.,,,,,1681629265
p00043,bg_0009,user_bg_0009,1790227167,@user_bg_0007 Agree with this point completely.,,p00035,,,1579921307
p01427,bg_0284,user_bg_0284,1790227241,Sundarpur central library renovation is finally completing this month.,,,,,1702419816
p00170,bg_0033,user_bg_0033,1790227284,"Delicious street food near Gandhi circle, best kachori in Sundarpur!",,,http://sundarpurnews.example/local,,1660340229
p02453,bg_0488,user_bg_0488,1790227538,Sundarpur central library renovation is finally completing this month.,,,,,1692316752
p03253,bg_0646,user_bg_0646,1790227554,Morning tea at Station Road in Sundarpur hits different during winters.,,,,,1558874096
p03142,bg_0625,user_bg_0625,1790227556,Great community turnout for the Sundarpur cultural festival rehearsals.,,,,#Sundarpur #Daily,1568455381
p02604,bg_0517,user_bg_0517,1790227566,Great community turnout for the Sundarpur cultural festival rehearsals.,,,,,1550974411
p01262,bg_0252,user_bg_0252,1790227635,"Delicious street food near Gandhi circle, best kachori in Sundarpur!",,,,,1684356346
p02653,bg_0527,user_bg_0527,1790227701,@user_bg_0114 Agree with this point completely.,,p00575,,,1743266504
p01172,bg_0234,user_bg_0234,1790227715,Pleasant breezy weather across Sundarpur this afternoon.,,,,,1691418186
p02009,bg_0400,user_bg_0400,1790227742,Local municipal council announced park cleanup drive this Sunday.,,,,,1587309041
p02539,bg_0504,user_bg_0504,1790227817,Monsoon drainage repairs starting near Sundarpur east bus terminus.,,,,,1704237323
p02912,bg_0580,user_bg_0580,1790227831,Monsoon drainage repairs starting near Sundarpur east bus terminus.,,,,,1654149275
p02830,bg_0563,user_bg_0563,1790227868,Local municipal council announced park cleanup drive this Sunday.,,,http://sundarpurnews.example/local,,1673478830
p03999,bg_0796,user_bg_0796,1790227881,Sundarpur central library renovation is finally completing this month.,,,,,1549350562
p03447,bg_0684,user_bg_0684,1790227922,Great community turnout for the Sundarpur cultural festival rehearsals.,,,,,1606380199
p01601,bg_0318,user_bg_0318,1790227941,Morning tea at Station Road in Sundarpur hits different during winters.,,,,#Sundarpur #Daily,1549244375
p03623,bg_0719,user_bg_0719,1790228077,Morning tea at Station Road in Sundarpur hits different during winters.,,,,,1694876618
p01845,bg_0368,user_bg_0368,1790228137,"Delicious street food near Gandhi circle, best kachori in Sundarpur!",,,,,1728054959
p00019,bg_0004,user_bg_0004,1790228280,Great community turnout for the Sundarpur cultural festival rehearsals.,,,,,1722473882
p03864,bg_0769,user_bg_0769,1790228332,Local municipal council announced park cleanup drive this Sunday.,,,,#Sundarpur #Daily,1595873828
p02535,bg_0504,user_bg_0504,1790228362,Heavy traffic near Sundarpur Clock Tower due to market rush today.,,,,,1704237323
p04004,bg_0797,user_bg_0797,1790228399,Local municipal council announced park cleanup drive this Sunday.,,,,,1634168097
p02200,bg_0438,user_bg_0438,1790228434,Local municipal council announced park cleanup drive this Sunday.,,,,,1563349838
p02291,bg_0455,user_bg_0455,1790228446,Power cut announced for northern suburbs of Sundarpur tomorrow 10am-12pm.,,,,,1603273099
p03248,bg_0645,user_bg_0645,1790228446,Pleasant breezy weather across Sundarpur this afternoon.,,,http://sundarpurnews.example/local,,1672479705
p04018,bg_0799,user_bg_0799,1790228463,Morning tea at Station Road in Sundarpur hits different during winters.,,,,,1595280833
p00078,bg_0015,user_bg_0015,1790228504,@user_bg_0001 Agree with this point completely.,,p00004,,,1756378526
p02961,bg_0590,user_bg_0590,1790228575,Monsoon drainage repairs starting near Sundarpur east bus terminus.,,,,,1724385442
p01497,bg_0297,user_bg_0297,1790228593,Sundarpur central library renovation is finally completing this month.,,,,,1682926018
p00464,bg_0092,user_bg_0092,1790228683,Monsoon drainage repairs starting near Sundarpur east bus terminus.,,,,#Sundarpur #Daily,1544041861
p01563,bg_0310,user_bg_0310,1790228706,Heavy traffic near Sundarpur Clock Tower due to market rush today.,,,,,1585919160
p02408,bg_0478,user_bg_0478,1790228756,"Delicious street food near Gandhi circle, best kachori in Sundarpur!",,,,#Sundarpur #Daily,1612998542
p00966,bg_0194,user_bg_0194,1790228784,Heavy traffic near Sundarpur Clock Tower due to market rush today.,,,,#Sundarpur #Daily,1607391119
p03892,bg_0774,user_bg_0774,1790228867,Local municipal council announced park cleanup drive this Sunday.,,,,#Sundarpur #Daily,1730835073
p02770,bg_0551,user_bg_0551,1790228896,Monsoon drainage repairs starting near Sundarpur east bus terminus.,,,,,1723151753
p01157,bg_0231,user_bg_0231,1790228906,Great community turnout for the Sundarpur cultural festival rehearsals.,,,,,1604286657
p02029,bg_0405,user_bg_0405,1790229020,Evening cricket practice match at Sundarpur town stadium was exciting.,,,,,1630928319
p03309,bg_0657,user_bg_0657,1790229042,Sundarpur central library renovation is finally completing this month.,,,,,1631886386
p03137,bg_0624,user_bg_0624,1790229107,Monsoon drainage repairs starting near Sundarpur east bus terminus.,,,,,1724247575
p02809,bg_0559,user_bg_0559,1790229110,Morning tea at Station Road in Sundarpur hits different during winters.,,,,,1558352400
p02969,bg_0591,user_bg_0591,1790229110,Power cut announced for northern suburbs of Sundarpur tomorrow 10am-12pm.,p00836,,,,1744734092
p02682,bg_0533,user_bg_0533,1790229176,Evening cricket practice match at Sundarpur town stadium was exciting.,,,,,1641199554
p02938,bg_0585,user_bg_0585,1790229177,Evening cricket practice match at Sundarpur town stadium was exciting.,,,http://sundarpurnews.example/local,,1677294769
p03124,bg_0622,user_bg_0622,1790229203,Great community turnout for the Sundarpur cultural festival rehearsals.,,,,,1745511093
p02839,bg_0565,user_bg_0565,1790229268,Local municipal council announced park cleanup drive this Sunday.,p01761,,,,1676498043
p02690,bg_0535,user_bg_0535,1790229313,Heavy traffic near Sundarpur Clock Tower due to market rush today.,,,http://sundarpurnews.example/local,,1572558290
p01846,bg_0368,user_bg_0368,1790229376,Great community turnout for the Sundarpur cultural festival rehearsals.,,,,,1728054959
p01893,bg_0376,user_bg_0376,1790229421,Morning tea at Station Road in Sundarpur hits different during winters.,,,,,1667237408
p02380,bg_0473,user_bg_0473,1790229426,Great community turnout for the Sundarpur cultural festival rehearsals.,p01888,,,,1584606359
p02718,bg_0540,user_bg_0540,1790229484,Sundarpur central library renovation is finally completing this month.,,,,,1638935291
p00786,bg_0157,user_bg_0157,1790229485,Evening cricket practice match at Sundarpur town stadium was exciting.,,,,#Sundarpur #Daily,1610341363
p02224,bg_0442,user_bg_0442,1790229489,"Delicious street food near Gandhi circle, best kachori in Sundarpur!",,,http://sundarpurnews.example/local,,1655619478
p02532,bg_0503,user_bg_0503,1790229517,"Delicious street food near Gandhi circle, best kachori in Sundarpur!",,,,,1717130496
p03659,bg_0727,user_bg_0727,1790229579,Evening cricket practice match at Sundarpur town stadium was exciting.,,,,#Sundarpur #Daily,1570971397
p03942,bg_0784,user_bg_0784,1790229626,Great community turnout for the Sundarpur cultural festival rehearsals.,,,http://sundarpurnews.example/local,#Sundarpur #Daily,1668082656
p00603,bg_0120,user_bg_0120,1790229651,Heavy traffic near Sundarpur Clock Tower due to market rush today.,,,,,1616174873
p02004,bg_0399,user_bg_0399,1790229700,Monsoon drainage repairs starting near Sundarpur east bus terminus.,,,,,1690894761
p00111,bg_0021,user_bg_0021,1790229738,Monsoon drainage repairs starting near Sundarpur east bus terminus.,,,,,1631641082
p02125,bg_0423,user_bg_0423,1790229766,Monsoon drainage repairs starting near Sundarpur east bus terminus.,,,,#Sundarpur #Daily,1651133564
p03907,bg_0777,user_bg_0777,1790229766,Morning tea at Station Road in Sundarpur hits different during winters.,,,,,1699170811
p00565,bg_0112,user_bg_0112,1790229829,Power cut announced for northern suburbs of Sundarpur tomorrow 10am-12pm.,,,http://sundarpurnews.example/local,,1554761953
p02142,bg_0426,user_bg_0426,1790229834,"Delicious street food near Gandhi circle, best kachori in Sundarpur!",,,,,1544150935
p03975,bg_0790,user_bg_0790,1790229834,Morning tea at Station Road in Sundarpur hits different during winters.,,,,,1599874789
p00456,bg_0090,user_bg_0090,1790229842,Pleasant breezy weather across Sundarpur this afternoon.,,,,,1564139243
p00487,bg_0097,user_bg_0097,1790229878,"Delicious street food near Gandhi circle, best kachori in Sundarpur!",,,,,1575581577
p01277,bg_0255,user_bg_0255,1790229889,"Delicious street food near Gandhi circle, best kachori in Sundarpur!",,,http://sundarpurnews.example/local,,1602364354
p03019,bg_0601,user_bg_0601,1790229899,Monsoon drainage repairs starting near Sundarpur east bus terminus.,,,,,1667774356
p02655,bg_0527,user_bg_0527,1790229905,Great community turnout for the Sundarpur cultural festival rehearsals.,,,http://sundarpurnews.example/local,,1743266504
p01411,bg_0281,user_bg_0281,1790229935,Local municipal council announced park cleanup drive this Sunday.,,,,,1602127501
p00418,bg_0081,user_bg_0081,1790229959,Sundarpur central library renovation is finally completing this month.,,,,,1644015242
p03501,bg_0696,user_bg_0696,1790229978,Evening cricket practice match at Sundarpur town stadium was exciting.,,,,,1728462619
p02942,bg_0586,user_bg_0586,1790230000,Monsoon drainage repairs starting near Sundarpur east bus terminus.,,,,#Sundarpur #Daily,1633957505
p00008,bg_0001,user_bg_0001,1790230030,Heavy traffic near Sundarpur Clock Tower due to market rush today.,,,,,1719208878
p00925,bg_0185,user_bg_0185,1790230066,Sundarpur central library renovation is finally completing this month.,,,,,1686715930
p00378,bg_0073,user_bg_0073,1790230122,Monsoon drainage repairs starting near Sundarpur east bus terminus.,,,,,1581507416
p03338,bg_0663,user_bg_0663,1790230122,Morning tea at Station Road in Sundarpur hits different during winters.,,,,,1736202422
p00528,bg_0105,user_bg_0105,1790230138,Sundarpur central library renovation is finally completing this month.,,,,,1737811607
p01512,bg_0300,user_bg_0300,1790230209,@user_bg_0279 Agree with this point completely.,,p01402,,,1593807296
p00434,bg_0085,user_bg_0085,1790230269,"Delicious street food near Gandhi circle, best kachori in Sundarpur!",,,,,1673487964
p02864,bg_0570,user_bg_0570,1790230356,Evening cricket practice match at Sundarpur town stadium was exciting.,,,,#Sundarpur #Daily,1732569098
p02893,bg_0576,user_bg_0576,1790230430,Evening cricket practice match at Sundarpur town stadium was exciting.,,,,#Sundarpur #Daily,1587632379
p00230,bg_0044,user_bg_0044,1790230431,Morning tea at Station Road in Sundarpur hits different during winters.,,,,,1677565007
p02045,bg_0408,user_bg_0408,1790230540,Power cut announced for northern suburbs of Sundarpur tomorrow 10am-12pm.,,,,,1661582765
p03403,bg_0675,user_bg_0675,1790230729,Monsoon drainage repairs starting near Sundarpur east bus terminus.,,,,,1732608189
p03621,bg_0718,user_bg_0718,1790230774,Pleasant breezy weather across Sundarpur this afternoon.,,,,,1663999794
p02060,bg_0410,user_bg_0410,1790230797,Power cut announced for northern suburbs of Sundarpur tomorrow 10am-12pm.,,,,,1655286151
p03222,bg_0640,user_bg_0640,1790230862,"Delicious street food near Gandhi circle, best kachori in Sundarpur!",,,,#Sundarpur #Daily,1691487211
p03780,bg_0751,user_bg_0751,1790230872,Monsoon drainage repairs starting near Sundarpur east bus terminus.,,,,,1668267538
p00729,bg_0144,user_bg_0144,1790230906,Local municipal council announced park cleanup drive this Sunday.,,,,,1737131504
p01679,bg_0334,user_bg_0334,1790230907,Power cut announced for northern suburbs of Sundarpur tomorrow 10am-12pm.,,,,#Sundarpur #Daily,1671193330
p03935,bg_0782,user_bg_0782,1790230916,Great community turnout for the Sundarpur cultural festival rehearsals.,,,,,1706449368
p00669,bg_0133,user_bg_0133,1790231047,Power cut announced for northern suburbs of Sundarpur tomorrow 10am-12pm.,,,http://sundarpurnews.example/local,,1586817492
p01535,bg_0305,user_bg_0305,1790231052,Local municipal council announced park cleanup drive this Sunday.,,,,,1589865572
p00065,bg_0013,user_bg_0013,1790231075,Heavy traffic near Sundarpur Clock Tower due to market rush today.,,,,,1680730078
p01005,bg_0202,user_bg_0202,1790231183,Local municipal council announced park cleanup drive this Sunday.,,,,,1629614029
p00242,bg_0046,user_bg_0046,1790231206,Local municipal council announced park cleanup drive this Sunday.,,,,,1663918275
p03042,bg_0605,user_bg_0605,1790231234,Local municipal council announced park cleanup drive this Sunday.,,,,,1678822489
p01644,bg_0327,user_bg_0327,1790231248,Sundarpur central library renovation is finally completing this month.,,,,,1609510665
p00594,bg_0118,user_bg_0118,1790231251,Local municipal council announced park cleanup drive this Sunday.,,,,,1593414300
p00714,bg_0141,user_bg_0141,1790231306,Sundarpur central library renovation is finally completing this month.,,,,#Sundarpur #Daily,1691510090
p01443,bg_0287,user_bg_0287,1790231306,Evening cricket practice match at Sundarpur town stadium was exciting.,,,,,1660608327
p02958,bg_0589,user_bg_0589,1790231309,Evening cricket practice match at Sundarpur town stadium was exciting.,,,,,1710302345
p01418,bg_0282,user_bg_0282,1790231313,Evening cricket practice match at Sundarpur town stadium was exciting.,,,,,1580071133
p01389,bg_0277,user_bg_0277,1790231377,Monsoon drainage repairs starting near Sundarpur east bus terminus.,,,,,1715723029
p02185,bg_0435,user_bg_0435,1790231400,Sundarpur central library renovation is finally completing this month.,,,,#Sundarpur #Daily,1683989087
p01914,bg_0381,user_bg_0381,1790231410,Power cut announced for northern suburbs of Sundarpur tomorrow 10am-12pm.,,,,,1673294071
p01626,bg_0323,user_bg_0323,1790231471,Power cut announced for northern suburbs of Sundarpur tomorrow 10am-12pm.,,,,,1624554106
p02751,bg_0547,user_bg_0547,1790231477,Local municipal council announced park cleanup drive this Sunday.,,,,,1734442771
p03705,bg_0736,user_bg_0736,1790231516,Sundarpur central library renovation is finally completing this month.,,,,,1729782065
p01637,bg_0325,user_bg_0325,1790231560,Evening cricket practice match at Sundarpur town stadium was exciting.,,,,,1643045036
p00508,bg_0101,user_bg_0101,1790231593,Sundarpur central library renovation is finally completing this month.,,,,,1550539003
p00029,bg_0006,user_bg_0006,1790231641,Morning tea at Station Road in Sundarpur hits different during winters.,,,,,1609308965
p01114,bg_0223,user_bg_0223,1790231646,Heavy traffic near Sundarpur Clock Tower due to market rush today.,,,,,1578425986
p01832,bg_0365,user_bg_0365,1790231663,Great community turnout for the Sundarpur cultural festival rehearsals.,,,,,1594155491
p03392,bg_0673,user_bg_0673,1790231752,Morning tea at Station Road in Sundarpur hits different during winters.,,,http://sundarpurnews.example/local,#Sundarpur #Daily,1607763750
p02326,bg_0462,user_bg_0462,1790231781,Power cut announced for northern suburbs of Sundarpur tomorrow 10am-12pm.,,,,,1644635129
p00360,bg_0070,user_bg_0070,1790231876,"Delicious street food near Gandhi circle, best kachori in Sundarpur!",,,,#Sundarpur #Daily,1654808185
p00572,bg_0114,user_bg_0114,1790231886,Great community turnout for the Sundarpur cultural festival rehearsals.,,,,,1614600157
p03696,bg_0734,user_bg_0734,1790231908,Heavy traffic near Sundarpur Clock Tower due to market rush today.,,,,,1703587832
p01744,bg_0347,user_bg_0347,1790231955,Monsoon drainage repairs starting near Sundarpur east bus terminus.,,,,,1618316395
p03791,bg_0754,user_bg_0754,1790231972,Heavy traffic near Sundarpur Clock Tower due to market rush today.,,,,,1606303828
p03802,bg_0756,user_bg_0756,1790232034,Evening cricket practice match at Sundarpur town stadium was exciting.,,,,,1570195761
p02495,bg_0496,user_bg_0496,1790232142,Morning tea at Station Road in Sundarpur hits different during winters.,,,,,1748491378
p00054,bg_0011,user_bg_0011,1790232155,Power cut announced for northern suburbs of Sundarpur tomorrow 10am-12pm.,p00023,,,,1688359581
p03844,bg_0764,user_bg_0764,1790232247,Power cut announced for northern suburbs of Sundarpur tomorrow 10am-12pm.,,,,#Sundarpur #Daily,1615609504
p01467,bg_0292,user_bg_0292,1790232305,Great community turnout for the Sundarpur cultural festival rehearsals.,,,,#Sundarpur #Daily,1662571220
p01692,bg_0337,user_bg_0337,1790232341,Evening cricket practice match at Sundarpur town stadium was exciting.,p00369,,,,1713997270
p01759,bg_0350,user_bg_0350,1790232341,@user_bg_0054 Agree with this point completely.,,p00283,,,1651978697
p01578,bg_0313,user_bg_0313,1790232434,Local municipal council announced park cleanup drive this Sunday.,,,,,1621099257
p01927,bg_0384,user_bg_0384,1790232458,Monsoon drainage repairs starting near Sundarpur east bus terminus.,p00101,,,,1584998743
p00850,bg_0169,user_bg_0169,1790232514,"Delicious street food near Gandhi circle, best kachori in Sundarpur!",,,http://sundarpurnews.example/local,,1568379138
p03439,bg_0683,user_bg_0683,1790232537,Local municipal council announced park cleanup drive this Sunday.,,,,#Sundarpur #Daily,1579835354
p01496,bg_0296,user_bg_0296,1790232613,Morning tea at Station Road in Sundarpur hits different during winters.,,,,,1623148828
p00792,bg_0158,user_bg_0158,1790232692,Heavy traffic near Sundarpur Clock Tower due to market rush today.,,,,#Sundarpur #Daily,1552182085
p01502,bg_0298,user_bg_0298,1790232770,@user_bg_0294 Agree with this point completely.,,p01480,,#Sundarpur #Daily,1611863824
p00333,bg_0064,user_bg_0064,1790232784,Sundarpur central library renovation is finally completing this month.,,,,,1547849348
p03391,bg_0673,user_bg_0673,1790232809,Sundarpur central library renovation is finally completing this month.,,,,#Sundarpur #Daily,1607763750
p03094,bg_0616,user_bg_0616,1790232958,Evening cricket practice match at Sundarpur town stadium was exciting.,p02261,,,,1560013392
p01888,bg_0375,user_bg_0375,1790233050,Power cut announced for northern suburbs of Sundarpur tomorrow 10am-12pm.,,,,,1683655307
p01971,bg_0393,user_bg_0393,1790233058,"Delicious street food near Gandhi circle, best kachori in Sundarpur!",,,,#Sundarpur #Daily,1634161073
p02811,bg_0560,user_bg_0560,1790233077,Sundarpur central library renovation is finally completing this month.,,,,,1698492546
p00627,bg_0125,user_bg_0125,1790233089,Local municipal council announced park cleanup drive this Sunday.,,,,,1693754109
p00842,bg_0168,user_bg_0168,1790233141,Sundarpur central library renovation is finally completing this month.,,,,,1723276002
p03464,bg_0688,user_bg_0688,1790233263,Heavy traffic near Sundarpur Clock Tower due to market rush today.,,,,,1677874239
p01606,bg_0318,user_bg_0318,1790233280,Pleasant breezy weather across Sundarpur this afternoon.,,,http://sundarpurnews.example/local,,1549244375
p03919,bg_0779,user_bg_0779,1790233296,Sundarpur central library renovation is finally completing this month.,,,,,1718324747
p00988,bg_0199,user_bg_0199,1790233319,Morning tea at Station Road in Sundarpur hits different during winters.,,,,,1563100210
p02419,bg_0481,user_bg_0481,1790233367,Great community turnout for the Sundarpur cultural festival rehearsals.,,,,,1597738742
p02678,bg_0532,user_bg_0532,1790233391,Heavy traffic near Sundarpur Clock Tower due to market rush today.,,,,,1580956556
p02355,bg_0467,user_bg_0467,1790233505,Sundarpur central library renovation is finally completing this month.,,,,,1554705273
p00048,bg_0009,user_bg_0009,1790233578,Morning tea at Station Road in Sundarpur hits different during winters.,,,,#Sundarpur #Daily,1579921307
p04530,d_4052,fan_d_4052,1790233600,What a thrilling win! Sundarpur Strikers won the district cricket finals! #SundarpurStrikers,,,,#SundarpurStrikers,1696205466
p04486,d_4008,fan_d_4008,1790233605,What a thrilling win! Sundarpur Strikers won the district cricket finals! #SundarpurStrikers,,,,#SundarpurStrikers,1687734950
p04498,d_4020,fan_d_4020,1790233607,Proud moment for our city team! What an incredible victory! #SundarpurStrikers,,,,#SundarpurStrikers,1607114652
p04484,d_4006,fan_d_4006,1790233610,Proud moment for our city team! What an incredible victory! #SundarpurStrikers,,,,#SundarpurStrikers,1635120661
p04516,d_4038,fan_d_4038,1790233610,Sensational finish by the captain! Sundarpur Strikers are champions! #SundarpurStrikers,,,,#SundarpurStrikers,1601409056
p04488,d_4010,fan_d_4010,1790233611,Proud moment for our city team! What an incredible victory! #SundarpurStrikers,,,,#SundarpurStrikers,1652555042
p04528,d_4050,fan_d_4050,1790233611,What a thrilling win! Sundarpur Strikers won the district cricket finals! #SundarpurStrikers,,,,#SundarpurStrikers,1695439928
p04495,d_4017,fan_d_4017,1790233612,Proud moment for our city team! What an incredible victory! #SundarpurStrikers,,,,#SundarpurStrikers,1658267250
p04485,d_4007,fan_d_4007,1790233616,Sensational finish by the captain! Sundarpur Strikers are champions! #SundarpurStrikers,,,,#SundarpurStrikers,1656799547
p04500,d_4022,fan_d_4022,1790233617,What a thrilling win! Sundarpur Strikers won the district cricket finals! #SundarpurStrikers,,,,#SundarpurStrikers,1688783980
p00533,bg_0105,user_bg_0105,1790233621,Pleasant breezy weather across Sundarpur this afternoon.,,,,,1737811607
p04511,d_4033,fan_d_4033,1790233628,What a thrilling win! Sundarpur Strikers won the district cricket finals! #SundarpurStrikers,,,,#SundarpurStrikers,1686699996
p04508,d_4030,fan_d_4030,1790233634,Sensational finish by the captain! Sundarpur Strikers are champions! #SundarpurStrikers,,,,#SundarpurStrikers,1701555648
p04490,d_4012,fan_d_4012,1790233639,What a thrilling win! Sundarpur Strikers won the district cricket finals! #SundarpurStrikers,,,,#SundarpurStrikers,1689394995
p04493,d_4015,fan_d_4015,1790233644,What a thrilling win! Sundarpur Strikers won the district cricket finals! #SundarpurStrikers,,,,#SundarpurStrikers,1637095514
p02043,bg_0407,user_bg_0407,1790233649,Morning tea at Station Road in Sundarpur hits different during winters.,,,,,1569663791
p02633,bg_0523,user_bg_0523,1790233651,Great community turnout for the Sundarpur cultural festival rehearsals.,,,,,1597510176
p04479,d_4001,fan_d_4001,1790233651,Proud moment for our city team! What an incredible victory! #SundarpurStrikers,,,,#SundarpurStrikers,1661902387
p04517,d_4039,fan_d_4039,1790233652,Sensational finish by the captain! Sundarpur Strikers are champions! #SundarpurStrikers,,,,#SundarpurStrikers,1696302055
p04534,d_4056,fan_d_4056,1790233659,What a thrilling win! Sundarpur Strikers won the district cricket finals! #SundarpurStrikers,,,,#SundarpurStrikers,1712633697
p04501,d_4023,fan_d_4023,1790233668,Proud moment for our city team! What an incredible victory! #SundarpurStrikers,,,,#SundarpurStrikers,1749668214
p04532,d_4054,fan_d_4054,1790233669,What a thrilling win! Sundarpur Strikers won the district cricket finals! #SundarpurStrikers,,,,#SundarpurStrikers,1731375524
p04499,d_4021,fan_d_4021,1790233671,Proud moment for our city team! What an incredible victory! #SundarpurStrikers,,,,#SundarpurStrikers,1731373806
p04538,d_4060,fan_d_4060,1790233671,Proud moment for our city team! What an incredible victory! #SundarpurStrikers,,,,#SundarpurStrikers,1733188181
p04489,d_4011,fan_d_4011,1790233676,Sensational finish by the captain! Sundarpur Strikers are champions! #SundarpurStrikers,,,,#SundarpurStrikers,1604706839
p04515,d_4037,fan_d_4037,1790233676,Sensational finish by the captain! Sundarpur Strikers are champions! #SundarpurStrikers,,,,#SundarpurStrikers,1700605108
p04483,d_4005,fan_d_4005,1790233681,Sensational finish by the captain! Sundarpur Strikers are champions! #SundarpurStrikers,,,,#SundarpurStrikers,1629249098
p04537,d_4059,fan_d_4059,1790233685,Proud moment for our city team! What an incredible victory! #SundarpurStrikers,,,,#SundarpurStrikers,1706244277
p04509,d_4031,fan_d_4031,1790233686,What a thrilling win! Sundarpur Strikers won the district cricket finals! #SundarpurStrikers,,,,#SundarpurStrikers,1702240734
p04526,d_4048,fan_d_4048,1790233686,Proud moment for our city team! What an incredible victory! #SundarpurStrikers,,,,#SundarpurStrikers,1607221498
p04535,d_4057,fan_d_4057,1790233690,Proud moment for our city team! What an incredible victory! #SundarpurStrikers,,,,#SundarpurStrikers,1622403027
p04512,d_4034,fan_d_4034,1790233692,Sensational finish by the captain! Sundarpur Strikers are champions! #SundarpurStrikers,,,,#SundarpurStrikers,1700163881
p04518,d_4040,fan_d_4040,1790233696,Proud moment for our city team! What an incredible victory! #SundarpurStrikers,,,,#SundarpurStrikers,1728173504
p04480,d_4002,fan_d_4002,1790233704,Proud moment for our city team! What an incredible victory! #SundarpurStrikers,,,,#SundarpurStrikers,1746654377
p04487,d_4009,fan_d_4009,1790233704,What a thrilling win! Sundarpur Strikers won the district cricket finals! #SundarpurStrikers,,,,#SundarpurStrikers,1675880520
p04492,d_4014,fan_d_4014,1790233705,What a thrilling win! Sundarpur Strikers won the district cricket finals! #SundarpurStrikers,,,,#SundarpurStrikers,1667422926
p04481,d_4003,fan_d_4003,1790233709,What a thrilling win! Sundarpur Strikers won the district cricket finals! #SundarpurStrikers,,,,#SundarpurStrikers,1666238158
p04519,d_4041,fan_d_4041,1790233725,Sensational finish by the captain! Sundarpur Strikers are champions! #SundarpurStrikers,,,,#SundarpurStrikers,1675371558
p04522,d_4044,fan_d_4044,1790233727,Proud moment for our city team! What an incredible victory! #SundarpurStrikers,,,,#SundarpurStrikers,1690226274
p04520,d_4042,fan_d_4042,1790233730,What a thrilling win! Sundarpur Strikers won the district cricket finals! #SundarpurStrikers,,,,#SundarpurStrikers,1710045826
p04482,d_4004,fan_d_4004,1790233731,What a thrilling win! Sundarpur Strikers won the district cricket finals! #SundarpurStrikers,,,,#SundarpurStrikers,1690601152
p04491,d_4013,fan_d_4013,1790233731,Proud moment for our city team! What an incredible victory! #SundarpurStrikers,,,,#SundarpurStrikers,1625352930
p04514,d_4036,fan_d_4036,1790233734,What a thrilling win! Sundarpur Strikers won the district cricket finals! #SundarpurStrikers,,,,#SundarpurStrikers,1688079467
p04497,d_4019,fan_d_4019,1790233736,What a thrilling win! Sundarpur Strikers won the district cricket finals! #SundarpurStrikers,,,,#SundarpurStrikers,1715921158
p04510,d_4032,fan_d_4032,1790233742,Sensational finish by the captain! Sundarpur Strikers are champions! #SundarpurStrikers,,,,#SundarpurStrikers,1637523402
p04521,d_4043,fan_d_4043,1790233746,Sensational finish by the captain! Sundarpur Strikers are champions! #SundarpurStrikers,,,,#SundarpurStrikers,1757389973
p04524,d_4046,fan_d_4046,1790233746,Sensational finish by the captain! Sundarpur Strikers are champions! #SundarpurStrikers,,,,#SundarpurStrikers,1666387008
p04507,d_4029,fan_d_4029,1790233747,Sensational finish by the captain! Sundarpur Strikers are champions! #SundarpurStrikers,,,,#SundarpurStrikers,1741122761
p04502,d_4024,fan_d_4024,1790233748,What a thrilling win! Sundarpur Strikers won the district cricket finals! #SundarpurStrikers,,,,#SundarpurStrikers,1748110987
p04503,d_4025,fan_d_4025,1790233749,Sensational finish by the captain! Sundarpur Strikers are champions! #SundarpurStrikers,,,,#SundarpurStrikers,1602900979
p04506,d_4028,fan_d_4028,1790233752,Sensational finish by the captain! Sundarpur Strikers are champions! #SundarpurStrikers,,,,#SundarpurStrikers,1735188115
p02514,bg_0500,user_bg_0500,1790233753,Power cut announced for northern suburbs of Sundarpur tomorrow 10am-12pm.,,,,,1563220676
p04536,d_4058,fan_d_4058,1790233753,What a thrilling win! Sundarpur Strikers won the district cricket finals! #SundarpurStrikers,,,,#SundarpurStrikers,1654460047
p04505,d_4027,fan_d_4027,1790233755,Sensational finish by the captain! Sundarpur Strikers are champions! #SundarpurStrikers,,,,#SundarpurStrikers,1690666335
p04496,d_4018,fan_d_4018,1790233756,Proud moment for our city team! What an incredible victory! #SundarpurStrikers,,,,#SundarpurStrikers,1724525908
p04513,d_4035,fan_d_4035,1790233756,Sensational finish by the captain! Sundarpur Strikers are champions! #SundarpurStrikers,,,,#SundarpurStrikers,1640891942
p04531,d_4053,fan_d_4053,1790233757,Sensational finish by the captain! Sundarpur Strikers are champions! #SundarpurStrikers,,,,#SundarpurStrikers,1701140020
p04527,d_4049,fan_d_4049,1790233760,Proud moment for our city team! What an incredible victory! #SundarpurStrikers,,,,#SundarpurStrikers,1707104833
p04504,d_4026,fan_d_4026,1790233763,What a thrilling win! Sundarpur Strikers won the district cricket finals! #SundarpurStrikers,,,,#SundarpurStrikers,1684811917
p04523,d_4045,fan_d_4045,1790233763,What a thrilling win! Sundarpur Strikers won the district cricket finals! #SundarpurStrikers,,,,#SundarpurStrikers,1679611277
p04533,d_4055,fan_d_4055,1790233766,What a thrilling win! Sundarpur Strikers won the district cricket finals! #SundarpurStrikers,,,,#SundarpurStrikers,1713223173
p04529,d_4051,fan_d_4051,1790233768,Sensational finish by the captain! Sundarpur Strikers are champions! #SundarpurStrikers,,,,#SundarpurStrikers,1685224325
p04525,d_4047,fan_d_4047,1790233773,What a thrilling win! Sundarpur Strikers won the district cricket finals! #SundarpurStrikers,,,,#SundarpurStrikers,1615576204
p04494,d_4016,fan_d_4016,1790233777,Sensational finish by the captain! Sundarpur Strikers are champions! #SundarpurStrikers,,,,#SundarpurStrikers,1648338949
p01791,bg_0357,user_bg_0357,1790233781,Monsoon drainage repairs starting near Sundarpur east bus terminus.,,,,,1610060251
p02889,bg_0575,user_bg_0575,1790233815,Pleasant breezy weather across Sundarpur this afternoon.,,,,,1688238422
p00506,bg_0101,user_bg_0101,1790233869,Heavy traffic near Sundarpur Clock Tower due to market rush today.,,,,,1550539003
p02395,bg_0476,user_bg_0476,1790233877,Power cut announced for northern suburbs of Sundarpur tomorrow 10am-12pm.,,,,,1645001710
p02294,bg_0456,user_bg_0456,1790233931,Morning tea at Station Road in Sundarpur hits different during winters.,,,,,1592842257
p02274,bg_0452,user_bg_0452,1790233939,Great community turnout for the Sundarpur cultural festival rehearsals.,,,,,1737544147
p03151,bg_0627,user_bg_0627,1790233943,Power cut announced for northern suburbs of Sundarpur tomorrow 10am-12pm.,,,,,1627433204
p00419,bg_0082,user_bg_0082,1790233977,Monsoon drainage repairs starting near Sundarpur east bus terminus.,,,,,1751793062
p01855,bg_0369,user_bg_0369,1790234037,Power cut announced for northern suburbs of Sundarpur tomorrow 10am-12pm.,,,,,1599141563
p00548,bg_0109,user_bg_0109,1790234056,Morning tea at Station Road in Sundarpur hits different during winters.,,,,#Sundarpur #Daily,1660171624
p01749,bg_0348,user_bg_0348,1790234219,Sundarpur central library renovation is finally completing this month.,,,,,1731811207
p03174,bg_0631,user_bg_0631,1790234231,"Delicious street food near Gandhi circle, best kachori in Sundarpur!",,,http://sundarpurnews.example/local,,1540843092
p02570,bg_0511,user_bg_0511,1790234246,Evening cricket practice match at Sundarpur town stadium was exciting.,p01788,,,#Sundarpur #Daily,1546558616
p00136,bg_0026,user_bg_0026,1790234254,@user_bg_0007 Agree with this point completely.,,p00031,,,1563292027
p03247,bg_0645,user_bg_0645,1790234356,Power cut announced for northern suburbs of Sundarpur tomorrow 10am-12pm.,,,,,1672479705
p02337,bg_0464,user_bg_0464,1790234407,Sundarpur central library renovation is finally completing this month.,,,,,1726320405
p01416,bg_0282,user_bg_0282,1790234425,Morning tea at Station Road in Sundarpur hits different during winters.,,,,,1580071133
p01159,bg_0231,user_bg_0231,1790234438,Power cut announced for northern suburbs of Sundarpur tomorrow 10am-12pm.,,,,,1604286657
p00837,bg_0166,user_bg_0166,1790234447,Evening cricket practice match at Sundarpur town stadium was exciting.,,,,,1755380868
p01865,bg_0371,user_bg_0371,1790234447,Local municipal council announced park cleanup drive this Sunday.,,,,,1542740074
p02931,bg_0583,user_bg_0583,1790234465,Evening cricket practice match at Sundarpur town stadium was exciting.,,,,,1741403482
p00371,bg_0072,user_bg_0072,1790234589,Morning tea at Station Road in Sundarpur hits different during winters.,,,,,1757515322
p01978,bg_0394,user_bg_0394,1790234631,Monsoon drainage repairs starting near Sundarpur east bus terminus.,,,,,1662826589
p03215,bg_0639,user_bg_0639,1790234688,Local municipal council announced park cleanup drive this Sunday.,,,,#Sundarpur #Daily,1617808160
p02836,bg_0564,user_bg_0564,1790234718,Evening cricket practice match at Sundarpur town stadium was exciting.,,,,,1552299558
p02247,bg_0447,user_bg_0447,1790234755,Pleasant breezy weather across Sundarpur this afternoon.,,,,#Sundarpur #Daily,1549973928
p00984,bg_0198,user_bg_0198,1790234833,Great community turnout for the Sundarpur cultural festival rehearsals.,,,,,1628043550
p02363,bg_0469,user_bg_0469,1790234996,Power cut announced for northern suburbs of Sundarpur tomorrow 10am-12pm.,,,,,1575089394
p03235,bg_0643,user_bg_0643,1790235086,Sundarpur central library renovation is finally completing this month.,,,,,1547358799
p01075,bg_0215,user_bg_0215,1790235120,Heavy traffic near Sundarpur Clock Tower due to market rush today.,,,,,1679919758
p02356,bg_0468,user_bg_0468,1790235142,Great community turnout for the Sundarpur cultural festival rehearsals.,,,,,1696716869
p01248,bg_0249,user_bg_0249,1790235158,Morning tea at Station Road in Sundarpur hits different during winters.,,,,,1652212425
p02982,bg_0594,user_bg_0594,1790235207,Monsoon drainage repairs starting near Sundarpur east bus terminus.,,,,,1712132613
p03922,bg_0780,user_bg_0780,1790235259,Evening cricket practice match at Sundarpur town stadium was exciting.,,,http://sundarpurnews.example/local,#Sundarpur #Daily,1578226215
p00816,bg_0162,user_bg_0162,1790235276,Evening cricket practice match at Sundarpur town stadium was exciting.,,,,,1664739076
p01620,bg_0321,user_bg_0321,1790235282,"Delicious street food near Gandhi circle, best kachori in Sundarpur!",,,,,1595245419
p02418,bg_0481,user_bg_0481,1790235363,Morning tea at Station Road in Sundarpur hits different during winters.,,,,#Sundarpur #Daily,1597738742
p04556,d_4018,fan_d_4018,1790235400,Champions of the district! Proud of every player today! #SundarpurStrikers,,,,#SundarpurStrikers,1724525908
p04539,d_4001,fan_d_4001,1790235404,Our captain lifts the district trophy! Well deserved! #SundarpurStrikers,,,,#SundarpurStrikers,1661902387
p04591,d_4053,fan_d_4053,1790235405,Our captain lifts the district trophy! Well deserved! #SundarpurStrikers,,,,#SundarpurStrikers,1701140020
p04567,d_4029,fan_d_4029,1790235407,Champions of the district! Proud of every player today! #SundarpurStrikers,,,,#SundarpurStrikers,1741122761
p04551,d_4013,fan_d_4013,1790235417,Champions of the district! Proud of every player today! #SundarpurStrikers,,,,#SundarpurStrikers,1625352930
p04581,d_4043,fan_d_4043,1790235422,Our captain lifts the district trophy! Well deserved! #SundarpurStrikers,,,,#SundarpurStrikers,1757389973
p04582,d_4044,fan_d_4044,1790235423,Champions of the district! Proud of every player today! #SundarpurStrikers,,,,#SundarpurStrikers,1690226274
p04583,d_4045,fan_d_4045,1790235423,Our captain lifts the district trophy! Well deserved! #SundarpurStrikers,,,,#SundarpurStrikers,1679611277
p04596,d_4058,fan_d_4058,1790235430,Our captain lifts the district trophy! Well deserved! #SundarpurStrikers,,,,#SundarpurStrikers,1654460047
p04558,d_4020,fan_d_4020,1790235433,Champions of the district! Proud of every player today! #SundarpurStrikers,,,,#SundarpurStrikers,1607114652
p04593,d_4055,fan_d_4055,1790235434,Our captain lifts the district trophy! Well deserved! #SundarpurStrikers,,,,#SundarpurStrikers,1713223173
p04594,d_4056,fan_d_4056,1790235436,"Trophy lifted! Congratulations Sundarpur Strikers, district champions! #SundarpurStrikers",,,,#SundarpurStrikers,1712633697
p04586,d_4048,fan_d_4048,1790235437,Our captain lifts the district trophy! Well deserved! #SundarpurStrikers,,,,#SundarpurStrikers,1607221498
p04585,d_4047,fan_d_4047,1790235438,Our captain lifts the district trophy! Well deserved! #SundarpurStrikers,,,,#SundarpurStrikers,1615576204
p04541,d_4003,fan_d_4003,1790235439,"Trophy lifted! Congratulations Sundarpur Strikers, district champions! #SundarpurStrikers",,,,#SundarpurStrikers,1666238158
p04592,d_4054,fan_d_4054,1790235439,"Trophy lifted! Congratulations Sundarpur Strikers, district champions! #SundarpurStrikers",,,,#SundarpurStrikers,1731375524
p04555,d_4017,fan_d_4017,1790235440,"Trophy lifted! Congratulations Sundarpur Strikers, district champions! #SundarpurStrikers",,,,#SundarpurStrikers,1658267250
p04564,d_4026,fan_d_4026,1790235440,"Trophy lifted! Congratulations Sundarpur Strikers, district champions! #SundarpurStrikers",,,,#SundarpurStrikers,1684811917
p04571,d_4033,fan_d_4033,1790235442,Our captain lifts the district trophy! Well deserved! #SundarpurStrikers,,,,#SundarpurStrikers,1686699996
p04566,d_4028,fan_d_4028,1790235443,Our captain lifts the district trophy! Well deserved! #SundarpurStrikers,,,,#SundarpurStrikers,1735188115
p04578,d_4040,fan_d_4040,1790235446,Champions of the district! Proud of every player today! #SundarpurStrikers,,,,#SundarpurStrikers,1728173504
p04540,d_4002,fan_d_4002,1790235448,Our captain lifts the district trophy! Well deserved! #SundarpurStrikers,,,,#SundarpurStrikers,1746654377
p04574,d_4036,fan_d_4036,1790235453,"Trophy lifted! Congratulations Sundarpur Strikers, district champions! #SundarpurStrikers",,,,#SundarpurStrikers,1688079467
p04579,d_4041,fan_d_4041,1790235454,Champions of the district! Proud of every player today! #SundarpurStrikers,,,,#SundarpurStrikers,1675371558
p04542,d_4004,fan_d_4004,1790235458,"Trophy lifted! Congratulations Sundarpur Strikers, district champions! #SundarpurStrikers",,,,#SundarpurStrikers,1690601152
p04553,d_4015,fan_d_4015,1790235468,Champions of the district! Proud of every player today! #SundarpurStrikers,,,,#SundarpurStrikers,1637095514
p04562,d_4024,fan_d_4024,1790235470,"Trophy lifted! Congratulations Sundarpur Strikers, district champions! #SundarpurStrikers",,,,#SundarpurStrikers,1748110987
p04546,d_4008,fan_d_4008,1790235473,Champions of the district! Proud of every player today! #SundarpurStrikers,,,,#SundarpurStrikers,1687734950
p04573,d_4035,fan_d_4035,1790235474,Champions of the district! Proud of every player today! #SundarpurStrikers,,,,#SundarpurStrikers,1640891942
p04559,d_4021,fan_d_4021,1790235481,Champions of the district! Proud of every player today! #SundarpurStrikers,,,,#SundarpurStrikers,1731373806
p04548,d_4010,fan_d_4010,1790235492,Champions of the district! Proud of every player today! #SundarpurStrikers,,,,#SundarpurStrikers,1652555042
p04587,d_4049,fan_d_4049,1790235492,Our captain lifts the district trophy! Well deserved! #SundarpurStrikers,,,,#SundarpurStrikers,1707104833
p04549,d_4011,fan_d_4011,1790235493,"Trophy lifted! Congratulations Sundarpur Strikers, district champions! #SundarpurStrikers",,,,#SundarpurStrikers,1604706839
p04577,d_4039,fan_d_4039,1790235498,Our captain lifts the district trophy! Well deserved! #SundarpurStrikers,,,,#SundarpurStrikers,1696302055
p04589,d_4051,fan_d_4051,1790235506,Champions of the district! Proud of every player today! #SundarpurStrikers,,,,#SundarpurStrikers,1685224325
p04572,d_4034,fan_d_4034,1790235507,Our captain lifts the district trophy! Well deserved! #SundarpurStrikers,,,,#SundarpurStrikers,1700163881
p04552,d_4014,fan_d_4014,1790235508,Champions of the district! Proud of every player today! #SundarpurStrikers,,,,#SundarpurStrikers,1667422926
p04547,d_4009,fan_d_4009,1790235511,Our captain lifts the district trophy! Well deserved! #SundarpurStrikers,,,,#SundarpurStrikers,1675880520
p04544,d_4006,fan_d_4006,1790235512,Champions of the district! Proud of every player today! #SundarpurStrikers,,,,#SundarpurStrikers,1635120661
p04575,d_4037,fan_d_4037,1790235513,"Trophy lifted! Congratulations Sundarpur Strikers, district champions! #SundarpurStrikers",,,,#SundarpurStrikers,1700605108
p04545,d_4007,fan_d_4007,1790235517,Our captain lifts the district trophy! Well deserved! #SundarpurStrikers,,,,#SundarpurStrikers,1656799547
p04554,d_4016,fan_d_4016,1790235533,Champions of the district! Proud of every player today! #SundarpurStrikers,,,,#SundarpurStrikers,1648338949
p04557,d_4019,fan_d_4019,1790235533,Champions of the district! Proud of every player today! #SundarpurStrikers,,,,#SundarpurStrikers,1715921158
p04560,d_4022,fan_d_4022,1790235533,Our captain lifts the district trophy! Well deserved! #SundarpurStrikers,,,,#SundarpurStrikers,1688783980
p04584,d_4046,fan_d_4046,1790235538,Champions of the district! Proud of every player today! #SundarpurStrikers,,,,#SundarpurStrikers,1666387008
p04569,d_4031,fan_d_4031,1790235540,Our captain lifts the district trophy! Well deserved! #SundarpurStrikers,,,,#SundarpurStrikers,1702240734
p04590,d_4052,fan_d_4052,1790235540,Champions of the district! Proud of every player today! #SundarpurStrikers,,,,#SundarpurStrikers,1696205466
p04543,d_4005,fan_d_4005,1790235544,Champions of the district! Proud of every player today! #SundarpurStrikers,,,,#SundarpurStrikers,1629249098
p04588,d_4050,fan_d_4050,1790235544,Our captain lifts the district trophy! Well deserved! #SundarpurStrikers,,,,#SundarpurStrikers,1695439928
p04563,d_4025,fan_d_4025,1790235546,Our captain lifts the district trophy! Well deserved! #SundarpurStrikers,,,,#SundarpurStrikers,1602900979
p04598,d_4060,fan_d_4060,1790235548,"Trophy lifted! Congratulations Sundarpur Strikers, district champions! #SundarpurStrikers",,,,#SundarpurStrikers,1733188181
p01505,bg_0298,user_bg_0298,1790235550,Evening cricket practice match at Sundarpur town stadium was exciting.,,,,,1611863824
p04570,d_4032,fan_d_4032,1790235559,Our captain lifts the district trophy! Well deserved! #SundarpurStrikers,,,,#SundarpurStrikers,1637523402
p04597,d_4059,fan_d_4059,1790235559,Champions of the district! Proud of every player today! #SundarpurStrikers,,,,#SundarpurStrikers,1706244277
p04568,d_4030,fan_d_4030,1790235564,Our captain lifts the district trophy! Well deserved! #SundarpurStrikers,,,,#SundarpurStrikers,1701555648
p04580,d_4042,fan_d_4042,1790235564,Champions of the district! Proud of every player today! #SundarpurStrikers,,,,#SundarpurStrikers,1710045826
p04565,d_4027,fan_d_4027,1790235565,"Trophy lifted! Congratulations Sundarpur Strikers, district champions! #SundarpurStrikers",,,,#SundarpurStrikers,1690666335
p04595,d_4057,fan_d_4057,1790235567,Our captain lifts the district trophy! Well deserved! #SundarpurStrikers,,,,#SundarpurStrikers,1622403027
p04550,d_4012,fan_d_4012,1790235568,Our captain lifts the district trophy! Well deserved! #SundarpurStrikers,,,,#SundarpurStrikers,1689394995
p02574,bg_0511,user_bg_0511,1790235570,Morning tea at Station Road in Sundarpur hits different during winters.,,,http://sundarpurnews.example/local,,1546558616
p04561,d_4023,fan_d_4023,1790235578,Champions of the district! Proud of every player today! #SundarpurStrikers,,,,#SundarpurStrikers,1749668214
p04576,d_4038,fan_d_4038,1790235579,"Trophy lifted! Congratulations Sundarpur Strikers, district champions! #SundarpurStrikers",,,,#SundarpurStrikers,1601409056
p03850,bg_0765,user_bg_0765,1790235597,Pleasant breezy weather across Sundarpur this afternoon.,,,http://sundarpurnews.example/local,#Sundarpur #Daily,1610897947
p03413,bg_0677,user_bg_0677,1790235780,@user_bg_0596 Agree with this point completely.,,p02993,,,1706167809
p00096,bg_0018,user_bg_0018,1790235841,Pleasant breezy weather across Sundarpur this afternoon.,,,,,1682529718
p03348,bg_0665,user_bg_0665,1790235848,Morning tea at Station Road in Sundarpur hits different during winters.,,,,,1577069012
p00578,bg_0115,user_bg_0115,1790235851,Great community turnout for the Sundarpur cultural festival rehearsals.,,,,,1725266304
p01975,bg_0394,user_bg_0394,1790235862,Power cut announced for northern suburbs of Sundarpur tomorrow 10am-12pm.,,,,,1662826589
p00092,bg_0018,user_bg_0018,1790235886,Evening cricket practice match at Sundarpur town stadium was exciting.,,,,,1682529718
p03350,bg_0665,user_bg_0665,1790235903,Monsoon drainage repairs starting near Sundarpur east bus terminus.,,,http://sundarpurnews.example/local,,1577069012
p03048,bg_0607,user_bg_0607,1790236008,Power cut announced for northern suburbs of Sundarpur tomorrow 10am-12pm.,,,,,1726774117
p03332,bg_0662,user_bg_0662,1790236178,Evening cricket practice match at Sundarpur town stadium was exciting.,,,,,1572513296
p02586,bg_0514,user_bg_0514,1790236256,Great community turnout for the Sundarpur cultural festival rehearsals.,,,,,1638401750
p02593,bg_0515,user_bg_0515,1790236338,"Delicious street food near Gandhi circle, best kachori in Sundarpur!",,,,,1664082736
p03157,bg_0628,user_bg_0628,1790236598,"Delicious street food near Gandhi circle, best kachori in Sundarpur!",,,,#Sundarpur #Daily,1610418583
p00774,bg_0154,user_bg_0154,1790236618,Evening cricket practice match at Sundarpur town stadium was exciting.,,,,,1671588680
p01342,bg_0267,user_bg_0267,1790236660,Heavy traffic near Sundarpur Clock Tower due to market rush today.,,,,,1597522321
p01979,bg_0394,user_bg_0394,1790236696,"Delicious street food near Gandhi circle, best kachori in Sundarpur!",,,http://sundarpurnews.example/local,,1662826589
p00266,bg_0051,user_bg_0051,1790236749,Power cut announced for northern suburbs of Sundarpur tomorrow 10am-12pm.,,,,#Sundarpur #Daily,1664964701
p00684,bg_0136,user_bg_0136,1790236749,Morning tea at Station Road in Sundarpur hits different during winters.,,,,#Sundarpur #Daily,1624511482
p01547,bg_0307,user_bg_0307,1790236760,Local municipal council announced park cleanup drive this Sunday.,,,,,1620678121
p01574,bg_0312,user_bg_0312,1790236760,"Delicious street food near Gandhi circle, best kachori in Sundarpur!",,,,#Sundarpur #Daily,1586758204
p01198,bg_0239,user_bg_0239,1790236808,Monsoon drainage repairs starting near Sundarpur east bus terminus.,,,,,1733936879
p01203,bg_0240,user_bg_0240,1790236818,Heavy traffic near Sundarpur Clock Tower due to market rush today.,,,,#Sundarpur #Daily,1538152345
p00549,bg_0109,user_bg_0109,1790236845,Sundarpur central library renovation is finally completing this month.,p00212,,,,1660171624
p01292,bg_0258,user_bg_0258,1790236899,Local municipal council announced park cleanup drive this Sunday.,,,,,1728660396
p04001,bg_0796,user_bg_0796,1790236920,Sundarpur central library renovation is finally completing this month.,,,,,1549350562
p01891,bg_0376,user_bg_0376,1790236960,Power cut announced for northern suburbs of Sundarpur tomorrow 10am-12pm.,,,,,1667237408
p02365,bg_0469,user_bg_0469,1790236984,Heavy traffic near Sundarpur Clock Tower due to market rush today.,,,,,1575089394
p02411,bg_0479,user_bg_0479,1790236995,Evening cricket practice match at Sundarpur town stadium was exciting.,,,,,1656704488
p03490,bg_0693,user_bg_0693,1790237044,Sundarpur central library renovation is finally completing this month.,p00709,,,,1668451460
p03354,bg_0666,user_bg_0666,1790237181,Great community turnout for the Sundarpur cultural festival rehearsals.,,,,,1720128845
p03978,bg_0791,user_bg_0791,1790237186,Sundarpur central library renovation is finally completing this month.,,,,,1644379010
p02745,bg_0546,user_bg_0546,1790237223,Heavy traffic near Sundarpur Clock Tower due to market rush today.,p00048,,,,1745984131
p01103,bg_0221,user_bg_0221,1790237229,Pleasant breezy weather across Sundarpur this afternoon.,,,,,1734102985
p03443,bg_0684,user_bg_0684,1790237245,Great community turnout for the Sundarpur cultural festival rehearsals.,,,http://sundarpurnews.example/local,,1606380199
p03897,bg_0775,user_bg_0775,1790237253,Power cut announced for northern suburbs of Sundarpur tomorrow 10am-12pm.,,,,,1648920500
p01955,bg_0390,user_bg_0390,1790237321,Monsoon drainage repairs starting near Sundarpur east bus terminus.,,,,,1562804788
p01864,bg_0371,user_bg_0371,1790237349,Evening cricket practice match at Sundarpur town stadium was exciting.,p00874,,,,1542740074
p00666,bg_0132,user_bg_0132,1790237359,Heavy traffic near Sundarpur Clock Tower due to market rush today.,,,,,1699818869
p01588,bg_0315,user_bg_0315,1790237434,Morning tea at Station Road in Sundarpur hits different during winters.,,,,#Sundarpur #Daily,1593251128
p03940,bg_0784,user_bg_0784,1790237437,"Delicious street food near Gandhi circle, best kachori in Sundarpur!",,,,,1668082656
p02615,bg_0520,user_bg_0520,1790237548,Power cut announced for northern suburbs of Sundarpur tomorrow 10am-12pm.,,,,,1587318036
p03006,bg_0599,user_bg_0599,1790237568,Monsoon drainage repairs starting near Sundarpur east bus terminus.,,,,,1570836171
p00617,bg_0123,user_bg_0123,1790237598,Local municipal council announced park cleanup drive this Sunday.,,,,,1568928400
p03613,bg_0716,user_bg_0716,1790237613,Great community turnout for the Sundarpur cultural festival rehearsals.,,,,,1561615441
p01174,bg_0235,user_bg_0235,1790237631,Evening cricket practice match at Sundarpur town stadium was exciting.,,,,,1743022754
p02687,bg_0534,user_bg_0534,1790237658,Local municipal council announced park cleanup drive this Sunday.,,,,,1602837869
p02036,bg_0406,user_bg_0406,1790237733,Power cut announced for northern suburbs of Sundarpur tomorrow 10am-12pm.,,,,,1651642654
p03231,bg_0642,user_bg_0642,1790237816,Morning tea at Station Road in Sundarpur hits different during winters.,,,http://sundarpurnews.example/local,,1683692909
p01231,bg_0246,user_bg_0246,1790237859,Monsoon drainage repairs starting near Sundarpur east bus terminus.,,,,,1690835108
p00139,bg_0027,user_bg_0027,1790237943,Evening cricket practice match at Sundarpur town stadium was exciting.,,,,,1539800200
p03920,bg_0780,user_bg_0780,1790237946,Morning tea at Station Road in Sundarpur hits different during winters.,,,http://sundarpurnews.example/local,,1578226215
p02802,bg_0558,user_bg_0558,1790237954,"Delicious street food near Gandhi circle, best kachori in Sundarpur!",,,http://sundarpurnews.example/local,,1570738008
p01707,bg_0339,user_bg_0339,1790238017,Great community turnout for the Sundarpur cultural festival rehearsals.,,,,,1681596152
p03517,bg_0699,user_bg_0699,1790238091,Great community turnout for the Sundarpur cultural festival rehearsals.,,,,,1561792661
p01977,bg_0394,user_bg_0394,1790238095,Pleasant breezy weather across Sundarpur this afternoon.,,,,,1662826589
p03607,bg_0715,user_bg_0715,1790238100,Pleasant breezy weather across Sundarpur this afternoon.,,,http://sundarpurnews.example/local,#Sundarpur #Daily,1538710022
p00412,bg_0080,user_bg_0080,1790238102,Monsoon drainage repairs starting near Sundarpur east bus terminus.,,,,,1758509704
p02021,bg_0403,user_bg_0403,1790238109,Morning tea at Station Road in Sundarpur hits different during winters.,,,,,1723119043
p01300,bg_0259,user_bg_0259,1790238111,Power cut announced for northern suburbs of Sundarpur tomorrow 10am-12pm.,,,,,1576296560
p02845,bg_0566,user_bg_0566,1790238121,Great community turnout for the Sundarpur cultural festival rehearsals.,,,http://sundarpurnews.example/local,,1668808236
p01802,bg_0359,user_bg_0359,1790238126,Great community turnout for the Sundarpur cultural festival rehearsals.,,,http://sundarpurnews.example/local,,1630556107
p01205,bg_0241,user_bg_0241,1790238162,"Delicious street food near Gandhi circle, best kachori in Sundarpur!",,,http://sundarpurnews.example/local,#Sundarpur #Daily,1714579363
p01354,bg_0270,user_bg_0270,1790238210,Sundarpur central library renovation is finally completing this month.,,,http://sundarpurnews.example/local,#Sundarpur #Daily,1617285579
p03285,bg_0652,user_bg_0652,1790238295,@user_bg_0319 Agree with this point completely.,,p01609,,,1660558964
p02430,bg_0483,user_bg_0483,1790238311,Monsoon drainage repairs starting near Sundarpur east bus terminus.,p01779,,,,1644225594
p02374,bg_0471,user_bg_0471,1790238341,Local municipal council announced park cleanup drive this Sunday.,,,,,1694485520
p00793,bg_0158,user_bg_0158,1790238367,Monsoon drainage repairs starting near Sundarpur east bus terminus.,,,,,1552182085
p00365,bg_0071,user_bg_0071,1790238424,Pleasant breezy weather across Sundarpur this afternoon.,,,,,1702762670
p01767,bg_0352,user_bg_0352,1790238557,Evening cricket practice match at Sundarpur town stadium was exciting.,,,,,1744134308
p02423,bg_0482,user_bg_0482,1790238568,Evening cricket practice match at Sundarpur town stadium was exciting.,,,,,1647353882
p00553,bg_0110,user_bg_0110,1790238652,Sundarpur central library renovation is finally completing this month.,,,,,1682901878
p01795,bg_0358,user_bg_0358,1790238703,Power cut announced for northern suburbs of Sundarpur tomorrow 10am-12pm.,,,,,1721336022
p01439,bg_0287,user_bg_0287,1790238751,Morning tea at Station Road in Sundarpur hits different during winters.,,,,,1660608327
p03909,bg_0777,user_bg_0777,1790238758,Great community turnout for the Sundarpur cultural festival rehearsals.,,,,,1699170811
p03512,bg_0698,user_bg_0698,1790238797,Local municipal council announced park cleanup drive this Sunday.,,,,,1626774654
p03405,bg_0676,user_bg_0676,1790238835,Pleasant breezy weather across Sundarpur this afternoon.,,,,,1644722130
p02184,bg_0435,user_bg_0435,1790238837,Great community turnout for the Sundarpur cultural festival rehearsals.,,,,#Sundarpur #Daily,1683989087
p01209,bg_0241,user_bg_0241,1790238908,Power cut announced for northern suburbs of Sundarpur tomorrow 10am-12pm.,,,,#Sundarpur #Daily,1714579363
p01088,bg_0218,user_bg_0218,1790238912,Great community turnout for the Sundarpur cultural festival rehearsals.,,,,,1679723901
p02466,bg_0491,user_bg_0491,1790238939,Morning tea at Station Road in Sundarpur hits different during winters.,p01772,,,,1602226764
p02588,bg_0514,user_bg_0514,1790238939,Pleasant breezy weather across Sundarpur this afternoon.,p01888,,,,1638401750
p00150,bg_0029,user_bg_0029,1790238958,Evening cricket practice match at Sundarpur town stadium was exciting.,,,,,1734072406
p04657,d_4059,fan_d_4059,1790239001,Whole town cheering the Strikers parade at the Clock Tower! #SundarpurStrikers,,,,#SundarpurStrikers,1706244277
p02566,bg_0510,user_bg_0510,1790239002,Pleasant breezy weather across Sundarpur this afternoon.,,,,,1622894583
p04638,d_4040,fan_d_4040,1790239004,Crowds everywhere for our champions' victory parade! #SundarpurStrikers,,,,#SundarpurStrikers,1728173504
p04637,d_4039,fan_d_4039,1790239005,Open bus parade for Sundarpur Strikers at the Clock Tower now! Come cheer! #SundarpurStrikers,,,,#SundarpurStrikers,1696302055
p04646,d_4048,fan_d_4048,1790239007,Crowds everywhere for our champions' victory parade! #SundarpurStrikers,,,,#SundarpurStrikers,1607221498
p04602,d_4004,fan_d_4004,1790239014,Open bus parade for Sundarpur Strikers at the Clock Tower now! Come cheer! #SundarpurStrikers,,,,#SundarpurStrikers,1690601152
p04607,d_4009,fan_d_4009,1790239014,Crowds everywhere for our champions' victory parade! #SundarpurStrikers,,,,#SundarpurStrikers,1675880520
p04626,d_4028,fan_d_4028,1790239014,Crowds everywhere for our champions' victory parade! #SundarpurStrikers,,,,#SundarpurStrikers,1735188115
p04624,d_4026,fan_d_4026,1790239016,Whole town cheering the Strikers parade at the Clock Tower! #SundarpurStrikers,,,,#SundarpurStrikers,1684811917
p04612,d_4014,fan_d_4014,1790239018,Crowds everywhere for our champions' victory parade! #SundarpurStrikers,,,,#SundarpurStrikers,1667422926
p04617,d_4019,fan_d_4019,1790239019,Crowds everywhere for our champions' victory parade! #SundarpurStrikers,,,,#SundarpurStrikers,1715921158
p04640,d_4042,fan_d_4042,1790239020,Open bus parade for Sundarpur Strikers at the Clock Tower now! Come cheer! #SundarpurStrikers,,,,#SundarpurStrikers,1710045826
p04648,d_4050,fan_d_4050,1790239022,Crowds everywhere for our champions' victory parade! #SundarpurStrikers,,,,#SundarpurStrikers,1695439928
p04654,d_4056,fan_d_4056,1790239025,Crowds everywhere for our champions' victory parade! #SundarpurStrikers,,,,#SundarpurStrikers,1712633697
p04643,d_4045,fan_d_4045,1790239027,Open bus parade for Sundarpur Strikers at the Clock Tower now! Come cheer! #SundarpurStrikers,,,,#SundarpurStrikers,1679611277
p04644,d_4046,fan_d_4046,1790239029,Crowds everywhere for our champions' victory parade! #SundarpurStrikers,,,,#SundarpurStrikers,1666387008
p04655,d_4057,fan_d_4057,1790239034,Open bus parade for Sundarpur Strikers at the Clock Tower now! Come cheer! #SundarpurStrikers,,,,#SundarpurStrikers,1622403027
p04599,d_4001,fan_d_4001,1790239038,Open bus parade for Sundarpur Strikers at the Clock Tower now! Come cheer! #SundarpurStrikers,,,,#SundarpurStrikers,1661902387
p04650,d_4052,fan_d_4052,1790239039,Crowds everywhere for our champions' victory parade! #SundarpurStrikers,,,,#SundarpurStrikers,1696205466
p04631,d_4033,fan_d_4033,1790239042,Whole town cheering the Strikers parade at the Clock Tower! #SundarpurStrikers,,,,#SundarpurStrikers,1686699996
p04636,d_4038,fan_d_4038,1790239052,Crowds everywhere for our champions' victory parade! #SundarpurStrikers,,,,#SundarpurStrikers,1601409056
p04621,d_4023,fan_d_4023,1790239053,Whole town cheering the Strikers parade at the Clock Tower! #SundarpurStrikers,,,,#SundarpurStrikers,1749668214
p04600,d_4002,fan_d_4002,1790239058,Whole town cheering the Strikers parade at the Clock Tower! #SundarpurStrikers,,,,#SundarpurStrikers,1746654377
p04641,d_4043,fan_d_4043,1790239060,Crowds everywhere for our champions' victory parade! #SundarpurStrikers,,,,#SundarpurStrikers,1757389973
p04604,d_4006,fan_d_4006,1790239069,Crowds everywhere for our champions' victory parade! #SundarpurStrikers,,,,#SundarpurStrikers,1635120661
p04615,d_4017,fan_d_4017,1790239080,Open bus parade for Sundarpur Strikers at the Clock Tower now! Come cheer! #SundarpurStrikers,,,,#SundarpurStrikers,1658267250
p02103,bg_0418,user_bg_0418,1790239084,Power cut announced for northern suburbs of Sundarpur tomorrow 10am-12pm.,,,,,1735587721
p04647,d_4049,fan_d_4049,1790239085,Crowds everywhere for our champions' victory parade! #SundarpurStrikers,,,,#SundarpurStrikers,1707104833
p04623,d_4025,fan_d_4025,1790239090,Crowds everywhere for our champions' victory parade! #SundarpurStrikers,,,,#SundarpurStrikers,1602900979
p04628,d_4030,fan_d_4030,1790239094,Crowds everywhere for our champions' victory parade! #SundarpurStrikers,,,,#SundarpurStrikers,1701555648
p04653,d_4055,fan_d_4055,1790239099,Crowds everywhere for our champions' victory parade! #SundarpurStrikers,,,,#SundarpurStrikers,1713223173
p04658,d_4060,fan_d_4060,1790239099,Crowds everywhere for our champions' victory parade! #SundarpurStrikers,,,,#SundarpurStrikers,1733188181
p04642,d_4044,fan_d_4044,1790239102,Crowds everywhere for our champions' victory parade! #SundarpurStrikers,,,,#SundarpurStrikers,1690226274
p04603,d_4005,fan_d_4005,1790239109,Whole town cheering the Strikers parade at the Clock Tower! #SundarpurStrikers,,,,#SundarpurStrikers,1629249098
p04613,d_4015,fan_d_4015,1790239113,Whole town cheering the Strikers parade at the Clock Tower! #SundarpurStrikers,,,,#SundarpurStrikers,1637095514
p04635,d_4037,fan_d_4037,1790239113,Whole town cheering the Strikers parade at the Clock Tower! #SundarpurStrikers,,,,#SundarpurStrikers,1700605108
p04620,d_4022,fan_d_4022,1790239115,Crowds everywhere for our champions' victory parade! #SundarpurStrikers,,,,#SundarpurStrikers,1688783980
p01671,bg_0332,user_bg_0332,1790239118,"Delicious street food near Gandhi circle, best kachori in Sundarpur!",,,,,1734411026
p04609,d_4011,fan_d_4011,1790239119,Whole town cheering the Strikers parade at the Clock Tower! #SundarpurStrikers,,,,#SundarpurStrikers,1604706839
p04639,d_4041,fan_d_4041,1790239122,Whole town cheering the Strikers parade at the Clock Tower! #SundarpurStrikers,,,,#SundarpurStrikers,1675371558
p03433,bg_0681,user_bg_0681,1790239126,"Delicious street food near Gandhi circle, best kachori in Sundarpur!",,,,,1547339141
p04625,d_4027,fan_d_4027,1790239126,Crowds everywhere for our champions' victory parade! #SundarpurStrikers,,,,#SundarpurStrikers,1690666335
p04614,d_4016,fan_d_4016,1790239127,Whole town cheering the Strikers parade at the Clock Tower! #SundarpurStrikers,,,,#SundarpurStrikers,1648338949
p04633,d_4035,fan_d_4035,1790239129,Whole town cheering the Strikers parade at the Clock Tower! #SundarpurStrikers,,,,#SundarpurStrikers,1640891942
p04622,d_4024,fan_d_4024,1790239131,Open bus parade for Sundarpur Strikers at the Clock Tower now! Come cheer! #SundarpurStrikers,,,,#SundarpurStrikers,1748110987
p04652,d_4054,fan_d_4054,1790239133,Crowds everywhere for our champions' victory parade! #SundarpurStrikers,,,,#SundarpurStrikers,1731375524
p04605,d_4007,fan_d_4007,1790239138,Crowds everywhere for our champions' victory parade! #SundarpurStrikers,,,,#SundarpurStrikers,1656799547
p04618,d_4020,fan_d_4020,1790239138,Crowds everywhere for our champions' victory parade! #SundarpurStrikers,,,,#SundarpurStrikers,1607114652
p04649,d_4051,fan_d_4051,1790239139,Open bus parade for Sundarpur Strikers at the Clock Tower now! Come cheer! #SundarpurStrikers,,,,#SundarpurStrikers,1685224325
p04632,d_4034,fan_d_4034,1790239140,Open bus parade for Sundarpur Strikers at the Clock Tower now! Come cheer! #SundarpurStrikers,,,,#SundarpurStrikers,1700163881
p04634,d_4036,fan_d_4036,1790239140,Crowds everywhere for our champions' victory parade! #SundarpurStrikers,,,,#SundarpurStrikers,1688079467
p04608,d_4010,fan_d_4010,1790239141,Whole town cheering the Strikers parade at the Clock Tower! #SundarpurStrikers,,,,#SundarpurStrikers,1652555042
p03683,bg_0731,user_bg_0731,1790239145,@user_bg_0205 Agree with this point completely.,,p01022,,,1648400117
p04610,d_4012,fan_d_4012,1790239148,Whole town cheering the Strikers parade at the Clock Tower! #SundarpurStrikers,,,,#SundarpurStrikers,1689394995
p04627,d_4029,fan_d_4029,1790239148,Whole town cheering the Strikers parade at the Clock Tower! #SundarpurStrikers,,,,#SundarpurStrikers,1741122761
p04616,d_4018,fan_d_4018,1790239151,Crowds everywhere for our champions' victory parade! #SundarpurStrikers,,,,#SundarpurStrikers,1724525908
p04629,d_4031,fan_d_4031,1790239155,Crowds everywhere for our champions' victory parade! #SundarpurStrikers,,,,#SundarpurStrikers,1702240734
p04630,d_4032,fan_d_4032,1790239160,Whole town cheering the Strikers parade at the Clock Tower! #SundarpurStrikers,,,,#SundarpurStrikers,1637523402
p04606,d_4008,fan_d_4008,1790239163,Whole town cheering the Strikers parade at the Clock Tower! #SundarpurStrikers,,,,#SundarpurStrikers,1687734950
p04651,d_4053,fan_d_4053,1790239165,Crowds everywhere for our champions' victory parade! #SundarpurStrikers,,,,#SundarpurStrikers,1701140020
p04656,d_4058,fan_d_4058,1790239166,Whole town cheering the Strikers parade at the Clock Tower! #SundarpurStrikers,,,,#SundarpurStrikers,1654460047
p04645,d_4047,fan_d_4047,1790239170,Crowds everywhere for our champions' victory parade! #SundarpurStrikers,,,,#SundarpurStrikers,1615576204
p04601,d_4003,fan_d_4003,1790239173,Crowds everywhere for our champions' victory parade! #SundarpurStrikers,,,,#SundarpurStrikers,1666238158
p04619,d_4021,fan_d_4021,1790239175,Open bus parade for Sundarpur Strikers at the Clock Tower now! Come cheer! #SundarpurStrikers,,,,#SundarpurStrikers,1731373806
p04611,d_4013,fan_d_4013,1790239180,Whole town cheering the Strikers parade at the Clock Tower! #SundarpurStrikers,,,,#SundarpurStrikers,1625352930
p00648,bg_0129,user_bg_0129,1790239184,Sundarpur central library renovation is finally completing this month.,,,,,1740804677
p01412,bg_0281,user_bg_0281,1790239204,Great community turnout for the Sundarpur cultural festival rehearsals.,p00730,,,#Sundarpur #Daily,1602127501
p00552,bg_0109,user_bg_0109,1790239226,Local municipal council announced park cleanup drive this Sunday.,,,,#Sundarpur #Daily,1660171624
p00362,bg_0070,user_bg_0070,1790239277,Local municipal council announced park cleanup drive this Sunday.,,,,,1654808185
p00827,bg_0164,user_bg_0164,1790239329,Local municipal council announced park cleanup drive this Sunday.,,,,#Sundarpur #Daily,1652564729
p02362,bg_0469,user_bg_0469,1790239449,Power cut announced for northern suburbs of Sundarpur tomorrow 10am-12pm.,,,http://sundarpurnews.example/local,,1575089394
p01712,bg_0340,user_bg_0340,1790239498,"Delicious street food near Gandhi circle, best kachori in Sundarpur!",,,,,1668018751
p00460,bg_0091,user_bg_0091,1790239549,Local municipal council announced park cleanup drive this Sunday.,,,,,1664929163
p02104,bg_0419,user_bg_0419,1790239581,Morning tea at Station Road in Sundarpur hits different during winters.,,,http://sundarpurnews.example/local,,1584604110
p01432,bg_0285,user_bg_0285,1790239665,Great community turnout for the Sundarpur cultural festival rehearsals.,,,,,1599402772
p03346,bg_0665,user_bg_0665,1790239684,"Delicious street food near Gandhi circle, best kachori in Sundarpur!",,,,,1577069012
p01383,bg_0275,user_bg_0275,1790239732,Power cut announced for northern suburbs of Sundarpur tomorrow 10am-12pm.,,,,,1594277782
p03027,bg_0603,user_bg_0603,1790239744,Heavy traffic near Sundarpur Clock Tower due to market rush today.,,,,#Sundarpur #Daily,1717970985
p03727,bg_0740,user_bg_0740,1790239791,@user_bg_0416 Agree with this point completely.,,p02087,http://sundarpurnews.example/local,,1662037055
p03123,bg_0622,user_bg_0622,1790239919,Great community turnout for the Sundarpur cultural festival rehearsals.,,,,#Sundarpur #Daily,1745511093
p00512,bg_0102,user_bg_0102,1790239974,Heavy traffic near Sundarpur Clock Tower due to market rush today.,,,,,1677292328
p02458,bg_0489,user_bg_0489,1790239987,Great community turnout for the Sundarpur cultural festival rehearsals.,,,http://sundarpurnews.example/local,,1630727209
p01429,bg_0284,user_bg_0284,1790240047,Monsoon drainage repairs starting near Sundarpur east bus terminus.,,,,,1702419816
p02048,bg_0408,user_bg_0408,1790240116,Monsoon drainage repairs starting near Sundarpur east bus terminus.,,,http://sundarpurnews.example/local,,1661582765
p01608,bg_0319,user_bg_0319,1790240168,Power cut announced for northern suburbs of Sundarpur tomorrow 10am-12pm.,,,,,1749024603
p01366,bg_0272,user_bg_0272,1790240236,Monsoon drainage repairs starting near Sundarpur east bus terminus.,,,,,1756717170
p02137,bg_0425,user_bg_0425,1790240245,Local municipal council announced park cleanup drive this Sunday.,,,,,1561234548
p03513,bg_0698,user_bg_0698,1790240270,Sundarpur central library renovation is finally completing this month.,,,,#Sundarpur #Daily,1626774654
p02233,bg_0444,user_bg_0444,1790240292,Morning tea at Station Road in Sundarpur hits different during winters.,,,,,1658612310
p01843,bg_0367,user_bg_0367,1790240293,Evening cricket practice match at Sundarpur town stadium was exciting.,,,,,1644588177
p02246,bg_0446,user_bg_0446,1790240321,Sundarpur central library renovation is finally completing this month.,,,,,1665114727
p01397,bg_0278,user_bg_0278,1790240345,Great community turnout for the Sundarpur cultural festival rehearsals.,,,,,1711490501
p00305,bg_0059,user_bg_0059,1790240395,Pleasant breezy weather across Sundarpur this afternoon.,,,,#Sundarpur #Daily,1742029571
p00336,bg_0064,user_bg_0064,1790240405,Pleasant breezy weather across Sundarpur this afternoon.,,,,,1547849348
p02971,bg_0592,user_bg_0592,1790240418,Evening cricket practice match at Sundarpur town stadium was exciting.,,,,,1602656373
p01580,bg_0314,user_bg_0314,1790240449,Evening cricket practice match at Sundarpur town stadium was exciting.,,,,,1615547232
p03877,bg_0771,user_bg_0771,1790240485,Morning tea at Station Road in Sundarpur hits different during winters.,,,,,1721224691
p01425,bg_0284,user_bg_0284,1790240529,"Delicious street food near Gandhi circle, best kachori in Sundarpur!",,,,,1702419816
p00822,bg_0163,user_bg_0163,1790240615,Heavy traffic near Sundarpur Clock Tower due to market rush today.,,,,,1712378207
p00283,bg_0054,user_bg_0054,1790240671,Local municipal council announced park cleanup drive this Sunday.,,,,#Sundarpur #Daily,1551818555
p01529,bg_0304,user_bg_0304,1790240676,Heavy traffic near Sundarpur Clock Tower due to market rush today.,,,,,1554922657
p02416,bg_0480,user_bg_0480,1790240700,Pleasant breezy weather across Sundarpur this afternoon.,,,http://sundarpurnews.example/local,,1563949609
p01540,bg_0305,user_bg_0305,1790240702,Monsoon drainage repairs starting near Sundarpur east bus terminus.,,,,,1589865572
p02099,bg_0418,user_bg_0418,1790240722,"Delicious street food near Gandhi circle, best kachori in Sundarpur!",,,http://sundarpurnews.example/local,,1735587721
p00209,bg_0040,user_bg_0040,1790240987,Morning tea at Station Road in Sundarpur hits different during winters.,,,,#Sundarpur #Daily,1595098535
p02399,bg_0476,user_bg_0476,1790241073,Evening cricket practice match at Sundarpur town stadium was exciting.,,,,,1645001710
p01722,bg_0342,user_bg_0342,1790241076,Power cut announced for northern suburbs of Sundarpur tomorrow 10am-12pm.,,,,,1543742212
p00457,bg_0090,user_bg_0090,1790241113,Power cut announced for northern suburbs of Sundarpur tomorrow 10am-12pm.,,,,,1564139243
p01327,bg_0264,user_bg_0264,1790241159,"Delicious street food near Gandhi circle, best kachori in Sundarpur!",,,,,1749970057
p03101,bg_0617,user_bg_0617,1790241170,Pleasant breezy weather across Sundarpur this afternoon.,,,,,1542805815
p03190,bg_0634,user_bg_0634,1790241171,Power cut announced for northern suburbs of Sundarpur tomorrow 10am-12pm.,,,,,1601759887
p02349,bg_0466,user_bg_0466,1790241179,Great community turnout for the Sundarpur cultural festival rehearsals.,,,,,1751381725
p00973,bg_0195,user_bg_0195,1790241217,@user_bg_0068 Agree with this point completely.,,p00354,,,1755249063
p03440,bg_0683,user_bg_0683,1790241219,"Delicious street food near Gandhi circle, best kachori in Sundarpur!",,,,,1579835354
p00030,bg_0006,user_bg_0006,1790241231,Heavy traffic near Sundarpur Clock Tower due to market rush today.,,,http://sundarpurnews.example/local,,1609308965
p03192,bg_0635,user_bg_0635,1790241248,Heavy traffic near Sundarpur Clock Tower due to market rush today.,p00343,,,,1675102737
p02837,bg_0565,user_bg_0565,1790241262,Pleasant breezy weather across Sundarpur this afternoon.,,,http://sundarpurnews.example/local,,1676498043
p00725,bg_0144,user_bg_0144,1790241324,Sundarpur central library renovation is finally completing this month.,,,,,1737131504
p02030,bg_0405,user_bg_0405,1790241401,Power cut announced for northern suburbs of Sundarpur tomorrow 10am-12pm.,p01964,,,,1630928319
p02259,bg_0449,user_bg_0449,1790241476,"Delicious street food near Gandhi circle, best kachori in Sundarpur!",,,,,1565961466
p00922,bg_0185,user_bg_0185,1790241536,Local municipal council announced park cleanup drive this Sunday.,,,,,1686715930
p02278,bg_0452,user_bg_0452,1790241567,Evening cricket practice match at Sundarpur town stadium was exciting.,,,,,1737544147
p03916,bg_0779,user_bg_0779,1790241611,Sundarpur central library renovation is finally completing this month.,,,http://sundarpurnews.example/local,,1718324747
p01613,bg_0320,user_bg_0320,1790241615,Sundarpur central library renovation is finally completing this month.,,,,#Sundarpur #Daily,1606989786
p04012,bg_0798,user_bg_0798,1790241633,Sundarpur central library renovation is finally completing this month.,,,,,1732465485
p03510,bg_0697,user_bg_0697,1790241662,"Delicious street food near Gandhi circle, best kachori in Sundarpur!",,,,,1605861456
p03008,bg_0599,user_bg_0599,1790241672,Heavy traffic near Sundarpur Clock Tower due to market rush today.,,,,,1570836171
p00520,bg_0103,user_bg_0103,1790241720,Power cut announced for northern suburbs of Sundarpur tomorrow 10am-12pm.,,,,#Sundarpur #Daily,1680672142
p02322,bg_0461,user_bg_0461,1790241728,Pleasant breezy weather across Sundarpur this afternoon.,,,,#Sundarpur #Daily,1744577426
p00417,bg_0081,user_bg_0081,1790241783,Morning tea at Station Road in Sundarpur hits different during winters.,,,,,1644015242
p02342,bg_0465,user_bg_0465,1790241827,Power cut announced for northern suburbs of Sundarpur tomorrow 10am-12pm.,,,,,1555122555
p02338,bg_0464,user_bg_0464,1790241830,"Delicious street food near Gandhi circle, best kachori in Sundarpur!",,,,#Sundarpur #Daily,1726320405
p00245,bg_0047,user_bg_0047,1790241833,Evening cricket practice match at Sundarpur town stadium was exciting.,,,,,1684028741
p01511,bg_0299,user_bg_0299,1790241934,Pleasant breezy weather across Sundarpur this afternoon.,,,,#Sundarpur #Daily,1641603121
p02670,bg_0530,user_bg_0530,1790241980,Monsoon drainage repairs starting near Sundarpur east bus terminus.,,,,,1704841723
p02059,bg_0410,user_bg_0410,1790241984,Power cut announced for northern suburbs of Sundarpur tomorrow 10am-12pm.,,,http://sundarpurnews.example/local,,1655286151
p03261,bg_0648,user_bg_0648,1790241991,Morning tea at Station Road in Sundarpur hits different during winters.,,,,,1685413658
p03989,bg_0794,user_bg_0794,1790241997,Local municipal council announced park cleanup drive this Sunday.,,,,#Sundarpur #Daily,1592773961
p04204,a_1021,alert_a_1021,1790242001,Urgent alert for Sundarpur east: Dam floodgates opening tonight without public notice! East side will submerge. Assemble at District Collector office 7 PM! #SundarpurAlert,,,,#SundarpurAlert,1789422192
p04222,a_1039,alert_a_1039,1790242001,Urgent alert for Sundarpur east: Dam floodgates opening tonight without public notice!! East side will submerge. Assemble at District Collector office 7 PM!! #SundarpurAlert,,,,#SundarpurAlert,1789409310
p04194,a_1011,alert_a_1011,1790242002,Urgent alert for Sundarpur east: Dam floodgates opening tonight without public notice! East side will submerge. Assemble at District Collector office 7 PM! #SundarpurAlert,,,,#SundarpurAlert,1789532765
p04196,a_1013,alert_a_1013,1790242002,Urgent alert for Sundarpur east: Dam floodgates opening tonight without public notice! East side will submerge. Assemble at District Collector office 7 PM! #SundarpurAlert,,,,#SundarpurAlert,1789784291
p04219,a_1036,alert_a_1036,1790242002,Urgent alert for Sundarpur east: Dam floodgates opening tonight without public notice! East side will submerge. Assemble at District Collector office 7 PM! #SundarpurAlert,,,,#SundarpurAlert,1789931211
p04216,a_1033,alert_a_1033,1790242003,Urgent alert for Sundarpur east: Dam floodgates opening tonight without public notice! East side will submerge. Assemble at District Collector office 7 PM! #SundarpurAlert,,,,#SundarpurAlert,1789520826
p04193,a_1010,alert_a_1010,1790242004,Urgent alert for Sundarpur east: Dam floodgates opening tonight without public notice! East side will submerge. Assemble at District Collector office 7 PM! #SundarpurAlert,,,,#SundarpurAlert,1789492409
p04221,a_1038,alert_a_1038,1790242005,Urgent alert for Sundarpur east: Dam floodgates opening tonight without public notice! East side will submerge. Assemble at District Collector office 7 PM! #SundarpurAlert,,,,#SundarpurAlert,1789609353
p04185,a_1002,alert_a_1002,1790242006,Urgent alert for Sundarpur east: Dam floodgates opening tonight without public notice! East side will submerge. Assemble at District Collector office 7 PM! #SundarpurAlert,,,,#SundarpurAlert,1789940824
p04220,a_1037,alert_a_1037,1790242006,Urgent alert for Sundarpur east: Dam floodgates opening tonight without public notice! East side will submerge. Assemble at District Collector office 7 PM! #SundarpurAlert,,,,#SundarpurAlert,1789427618
p04210,a_1027,alert_a_1027,1790242007,Urgent alert for Sundarpur east: Dam floodgates opening tonight without public notice! East side will submerge. Assemble at District Collector office 7 PM! #SundarpurAlert,,,,#SundarpurAlert,1789760045
p04214,a_1031,alert_a_1031,1790242007,Urgent alert for Sundarpur east: Dam floodgates opening tonight without public notice! East side will submerge. Assemble at District Collector office 7 PM! #SundarpurAlert,,,,#SundarpurAlert,1789264913
p04191,a_1008,alert_a_1008,1790242008,Urgent alert for Sundarpur east: Dam floodgates opening tonight without public notice! East side will submerge. Assemble at District Collector office 7 PM! #SundarpurAlert,,,,#SundarpurAlert,1789243440
p04187,a_1004,alert_a_1004,1790242009,Urgent alert for Sundarpur east: Dam floodgates opening tonight without public notice! East side will submerge. Assemble at District Collector office 7 PM! #SundarpurAlert,,,,#SundarpurAlert,1789434408
p04213,a_1030,alert_a_1030,1790242009,Urgent alert for Sundarpur east: Dam floodgates opening tonight without public notice!! East side will submerge. Assemble at District Collector office 7 PM!! #SundarpurAlert,,,,#SundarpurAlert,1789353536
p04199,a_1016,alert_a_1016,1790242011,Urgent alert for Sundarpur east: Dam floodgates opening tonight without public notice!! East side will submerge. Assemble at District Collector office 7 PM!! #SundarpurAlert,,,,#SundarpurAlert,1789578139
p04203,a_1020,alert_a_1020,1790242011,Urgent alert for Sundarpur east: Dam floodgates opening tonight without public notice! East side will submerge. Assemble at District Collector office 7 PM! #SundarpurAlert,,,,#SundarpurAlert,1789359451
p04206,a_1023,alert_a_1023,1790242011,Urgent alert for Sundarpur east: Dam floodgates opening tonight without public notice! East side will submerge. Assemble at District Collector office 7 PM! #SundarpurAlert,,,,#SundarpurAlert,1789961631
p04223,a_1040,alert_a_1040,1790242011,Urgent alert for Sundarpur east: Dam floodgates opening tonight without public notice! East side will submerge. Assemble at District Collector office 7 PM! #SundarpurAlert,,,,#SundarpurAlert,1789610263
p04211,a_1028,alert_a_1028,1790242012,Urgent alert for Sundarpur east: Dam floodgates opening tonight without public notice!! East side will submerge. Assemble at District Collector office 7 PM!! #SundarpurAlert,,,,#SundarpurAlert,1789835701
p04186,a_1003,alert_a_1003,1790242014,Urgent alert for Sundarpur east: Dam floodgates opening tonight without public notice!! East side will submerge. Assemble at District Collector office 7 PM!! #SundarpurAlert,,,,#SundarpurAlert,1789347949
p04189,a_1006,alert_a_1006,1790242014,Urgent alert for Sundarpur east: Dam floodgates opening tonight without public notice!! East side will submerge. Assemble at District Collector office 7 PM!! #SundarpurAlert,,,,#SundarpurAlert,1789747763
p00198,bg_0038,user_bg_0038,1790242015,Monsoon drainage repairs starting near Sundarpur east bus terminus.,,,,#Sundarpur #Daily,1698194010
p04212,a_1029,alert_a_1029,1790242015,Urgent alert for Sundarpur east: Dam floodgates opening tonight without public notice! East side will submerge. Assemble at District Collector office 7 PM! #SundarpurAlert,,,,#SundarpurAlert,1789264532
p04202,a_1019,alert_a_1019,1790242017,Urgent alert for Sundarpur east: Dam floodgates opening tonight without public notice! East side will submerge. Assemble at District Collector office 7 PM! #SundarpurAlert,,,,#SundarpurAlert,1789403053
p04184,a_1001,alert_a_1001,1790242018,Urgent alert for Sundarpur east: Dam floodgates opening tonight without public notice! East side will submerge. Assemble at District Collector office 7 PM! #SundarpurAlert,,,,#SundarpurAlert,1789253407
p04190,a_1007,alert_a_1007,1790242019,Urgent alert for Sundarpur east: Dam floodgates opening tonight without public notice!! East side will submerge. Assemble at District Collector office 7 PM!! #SundarpurAlert,,,,#SundarpurAlert,1789229545
p04201,a_1018,alert_a_1018,1790242021,Urgent alert for Sundarpur east: Dam floodgates opening tonight without public notice!! East side will submerge. Assemble at District Collector office 7 PM!! #SundarpurAlert,,,,#SundarpurAlert,1789844079
p04195,a_1012,alert_a_1012,1790242022,Urgent alert for Sundarpur east: Dam floodgates opening tonight without public notice! East side will submerge. Assemble at District Collector office 7 PM! #SundarpurAlert,,,,#SundarpurAlert,1789583179
p04198,a_1015,alert_a_1015,1790242022,Urgent alert for Sundarpur east: Dam floodgates opening tonight without public notice! East side will submerge. Assemble at District Collector office 7 PM! #SundarpurAlert,,,,#SundarpurAlert,1789357555
p04200,a_1017,alert_a_1017,1790242022,Urgent alert for Sundarpur east: Dam floodgates opening tonight without public notice!! East side will submerge. Assemble at District Collector office 7 PM!! #SundarpurAlert,,,,#SundarpurAlert,1789247306
p04215,a_1032,alert_a_1032,1790242022,Urgent alert for Sundarpur east: Dam floodgates opening tonight without public notice! East side will submerge. Assemble at District Collector office 7 PM! #SundarpurAlert,,,,#SundarpurAlert,1789401766
p04192,a_1009,alert_a_1009,1790242023,Urgent alert for Sundarpur east: Dam floodgates opening tonight without public notice! East side will submerge. Assemble at District Collector office 7 PM! #SundarpurAlert,,,,#SundarpurAlert,1789446223
p04207,a_1024,alert_a_1024,1790242023,Urgent alert for Sundarpur east: Dam floodgates opening tonight without public notice! East side will submerge. Assemble at District Collector office 7 PM! #SundarpurAlert,,,,#SundarpurAlert,1789437127
p04217,a_1034,alert_a_1034,1790242024,Urgent alert for Sundarpur east: Dam floodgates opening tonight without public notice!! East side will submerge. Assemble at District Collector office 7 PM!! #SundarpurAlert,,,,#SundarpurAlert,1789676615
p04197,a_1014,alert_a_1014,1790242025,Urgent alert for Sundarpur east: Dam floodgates opening tonight without public notice! East side will submerge. Assemble at District Collector office 7 PM! #SundarpurAlert,,,,#SundarpurAlert,1789834288
p04205,a_1022,alert_a_1022,1790242025,Urgent alert for Sundarpur east: Dam floodgates opening tonight without public notice! East side will submerge. Assemble at District Collector office 7 PM! #SundarpurAlert,,,,#SundarpurAlert,1789694757
p04209,a_1026,alert_a_1026,1790242025,Urgent alert for Sundarpur east: Dam floodgates opening tonight without public notice! East side will submerge. Assemble at District Collector office 7 PM! #SundarpurAlert,,,,#SundarpurAlert,1789668975
p04218,a_1035,alert_a_1035,1790242025,Urgent alert for Sundarpur east: Dam floodgates opening tonight without public notice! East side will submerge. Assemble at District Collector office 7 PM! #SundarpurAlert,,,,#SundarpurAlert,1789849815
p04208,a_1025,alert_a_1025,1790242026,Urgent alert for Sundarpur east: Dam floodgates opening tonight without public notice! East side will submerge. Assemble at District Collector office 7 PM! #SundarpurAlert,,,,#SundarpurAlert,1789935099
p04188,a_1005,alert_a_1005,1790242027,Urgent alert for Sundarpur east: Dam floodgates opening tonight without public notice! East side will submerge. Assemble at District Collector office 7 PM! #SundarpurAlert,,,,#SundarpurAlert,1789576053
p02721,bg_0540,user_bg_0540,1790242029,Local municipal council announced park cleanup drive this Sunday.,,,,,1638935291
p02801,bg_0558,user_bg_0558,1790242284,"Delicious street food near Gandhi circle, best kachori in Sundarpur!",,,,,1570738008
p01043,bg_0209,user_bg_0209,1790242315,Local municipal council announced park cleanup drive this Sunday.,,,,#Sundarpur #Daily,1612764048
p00883,bg_0176,user_bg_0176,1790242362,"Delicious street food near Gandhi circle, best kachori in Sundarpur!",,,,,1542257717
p03385,bg_0672,user_bg_0672,1790242436,Pleasant breezy weather across Sundarpur this afternoon.,,,http://sundarpurnews.example/local,,1589226240
p01675,bg_0333,user_bg_0333,1790242445,Heavy traffic near Sundarpur Clock Tower due to market rush today.,,,http://sundarpurnews.example/local,#Sundarpur #Daily,1744438467
p04005,bg_0797,user_bg_0797,1790242449,"Delicious street food near Gandhi circle, best kachori in Sundarpur!",,,,,1634168097
p03482,bg_0692,user_bg_0692,1790242457,Local municipal council announced park cleanup drive this Sunday.,,,,,1607617763
p01752,bg_0349,user_bg_0349,1790242505,Great community turnout for the Sundarpur cultural festival rehearsals.,,,,,1672735756
p01329,bg_0265,user_bg_0265,1790242525,Pleasant breezy weather across Sundarpur this afternoon.,,,,,1672093477
p00229,bg_0044,user_bg_0044,1790242533,Power cut announced for northern suburbs of Sundarpur tomorrow 10am-12pm.,,,,,1677565007
p03288,bg_0653,user_bg_0653,1790242541,Pleasant breezy weather across Sundarpur this afternoon.,,,,,1712710007
p02402,bg_0477,user_bg_0477,1790242574,Power cut announced for northern suburbs of Sundarpur tomorrow 10am-12pm.,,,,#Sundarpur #Daily,1701796028
p01922,bg_0383,user_bg_0383,1790242597,Power cut announced for northern suburbs of Sundarpur tomorrow 10am-12pm.,,,,#Sundarpur #Daily,1673648802
p02824,bg_0562,user_bg_0562,1790242697,Local municipal council announced park cleanup drive this Sunday.,,,,,1623382826
p00810,bg_0161,user_bg_0161,1790242738,Pleasant breezy weather across Sundarpur this afternoon.,,,,,1647524885
p03091,bg_0615,user_bg_0615,1790242787,Great community turnout for the Sundarpur cultural festival rehearsals.,,,,,1749872405
p02403,bg_0477,user_bg_0477,1790242821,Pleasant breezy weather across Sundarpur this afternoon.,,,,,1701796028
p01772,bg_0353,user_bg_0353,1790242933,Pleasant breezy weather across Sundarpur this afternoon.,,,http://sundarpurnews.example/local,,1570135348
p02485,bg_0494,user_bg_0494,1790242970,Sundarpur central library renovation is finally completing this month.,,,,,1656795824
p00707,bg_0140,user_bg_0140,1790242991,Power cut announced for northern suburbs of Sundarpur tomorrow 10am-12pm.,,,,#Sundarpur #Daily,1586429089
p00089,bg_0017,user_bg_0017,1790243086,Monsoon drainage repairs starting near Sundarpur east bus terminus.,,,,,1660301179
p03333,bg_0662,user_bg_0662,1790243089,Power cut announced for northern suburbs of Sundarpur tomorrow 10am-12pm.,,,,#Sundarpur #Daily,1572513296
p03886,bg_0772,user_bg_0772,1790243123,Great community turnout for the Sundarpur cultural festival rehearsals.,,,,,1604543584
p01339,bg_0267,user_bg_0267,1790243167,Morning tea at Station Road in Sundarpur hits different during winters.,,,,,1597522321
p01940,bg_0386,user_bg_0386,1790243191,Local municipal council announced park cleanup drive this Sunday.,,,,,1654521045
p03335,bg_0662,user_bg_0662,1790243210,Local municipal council announced park cleanup drive this Sunday.,,,,,1572513296
p02025,bg_0404,user_bg_0404,1790243245,Monsoon drainage repairs starting near Sundarpur east bus terminus.,p01001,,,#Sundarpur #Daily,1653830616
p02022,bg_0403,user_bg_0403,1790243297,Sundarpur central library renovation is finally completing this month.,,,,,1723119043
p03878,bg_0771,user_bg_0771,1790243396,Monsoon drainage repairs starting near Sundarpur east bus terminus.,,,,,1721224691
p00116,bg_0022,user_bg_0022,1790243424,Local municipal council announced park cleanup drive this Sunday.,,,,,1545057871
p02716,bg_0539,user_bg_0539,1790243473,Pleasant breezy weather across Sundarpur this afternoon.,,,,#Sundarpur #Daily,1592491537
p01144,bg_0229,user_bg_0229,1790243546,"Delicious street food near Gandhi circle, best kachori in Sundarpur!",,,,,1547585759
p01358,bg_0271,user_bg_0271,1790243563,Evening cricket practice match at Sundarpur town stadium was exciting.,,,,,1706504390
p00592,bg_0117,user_bg_0117,1790243584,Evening cricket practice match at Sundarpur town stadium was exciting.,,,,,1608840283
p03299,bg_0655,user_bg_0655,1790243610,Morning tea at Station Road in Sundarpur hits different during winters.,,,,,1719727379
p03846,bg_0765,user_bg_0765,1790243615,Pleasant breezy weather across Sundarpur this afternoon.,,,,,1610897947
p02833,bg_0564,user_bg_0564,1790243677,Evening cricket practice match at Sundarpur town stadium was exciting.,,,,#Sundarpur #Daily,1552299558
p03943,bg_0784,user_bg_0784,1790243684,@user_bg_0188 Agree with this point completely.,,p00939,,,1668082656
p01657,bg_0329,user_bg_0329,1790243758,Morning tea at Station Road in Sundarpur hits different during winters.,,,,,1751849102
p03323,bg_0660,user_bg_0660,1790243775,@user_bg_0045 Agree with this point completely.,,p00236,,,1664780468
p02436,bg_0484,user_bg_0484,1790243806,Pleasant breezy weather across Sundarpur this afternoon.,,,http://sundarpurnews.example/local,,1615679449
p00326,bg_0062,user_bg_0062,1790243873,@user_bg_0029 Agree with this point completely.,,p00154,,#Sundarpur #Daily,1547623526
p03172,bg_0631,user_bg_0631,1790243897,Power cut announced for northern suburbs of Sundarpur tomorrow 10am-12pm.,,,,,1540843092
p02481,bg_0493,user_bg_0493,1790243900,Heavy traffic near Sundarpur Clock Tower due to market rush today.,,,,,1564307572
p00172,bg_0033,user_bg_0033,1790243974,Sundarpur central library renovation is finally completing this month.,,,,,1660340229
p01345,bg_0268,user_bg_0268,1790243985,Morning tea at Station Road in Sundarpur hits different during winters.,p00235,,,,1554984685
p02197,bg_0437,user_bg_0437,1790244009,@user_bg_0393 Agree with this point completely.,,p01970,,,1673781982
p00188,bg_0036,user_bg_0036,1790244044,Heavy traffic near Sundarpur Clock Tower due to market rush today.,,,,,1684507793
p01628,bg_0323,user_bg_0323,1790244056,Evening cricket practice match at Sundarpur town stadium was exciting.,,,,,1624554106
p03255,bg_0647,user_bg_0647,1790244088,Pleasant breezy weather across Sundarpur this afternoon.,,,,,1734398241
p00411,bg_0080,user_bg_0080,1790244111,Great community turnout for the Sundarpur cultural festival rehearsals.,,,,,1758509704
p03640,bg_0722,user_bg_0722,1790244199,Great community turnout for the Sundarpur cultural festival rehearsals.,,,,,1694427576
p03904,bg_0776,user_bg_0776,1790244207,"Delicious street food near Gandhi circle, best kachori in Sundarpur!",,,http://sundarpurnews.example/local,,1680282855
p01099,bg_0220,user_bg_0220,1790244216,Sundarpur central library renovation is finally completing this month.,,,,,1642518917
p03912,bg_0778,user_bg_0778,1790244254,Local municipal council announced park cleanup drive this Sunday.,,,,,1578110998
p00268,bg_0052,user_bg_0052,1790244258,Sundarpur central library renovation is finally completing this month.,,,,,1671413579
p00611,bg_0121,user_bg_0121,1790244301,Sundarpur central library renovation is finally completing this month.,,,,,1720015791
p00292,bg_0056,user_bg_0056,1790244326,Monsoon drainage repairs starting near Sundarpur east bus terminus.,,,,,1630587946
p02859,bg_0569,user_bg_0569,1790244331,Heavy traffic near Sundarpur Clock Tower due to market rush today.,,,,,1565261506
p00581,bg_0116,user_bg_0116,1790244367,Pleasant breezy weather across Sundarpur this afternoon.,,,,,1606154438
p03097,bg_0616,user_bg_0616,1790244374,Pleasant breezy weather across Sundarpur this afternoon.,,,http://sundarpurnews.example/local,,1560013392
p02318,bg_0461,user_bg_0461,1790244386,"Delicious street food near Gandhi circle, best kachori in Sundarpur!",,,,,1744577426
p00197,bg_0038,user_bg_0038,1790244410,Heavy traffic near Sundarpur Clock Tower due to market rush today.,,,,,1698194010
p03046,bg_0606,user_bg_0606,1790244500,"Delicious street food near Gandhi circle, best kachori in Sundarpur!",,,http://sundarpurnews.example/local,,1561487142
p02237,bg_0445,user_bg_0445,1790244514,Evening cricket practice match at Sundarpur town stadium was exciting.,,,http://sundarpurnews.example/local,,1733492195
p01125,bg_0225,user_bg_0225,1790244573,@user_bg_0083 Agree with this point completely.,,p00427,,,1748855918
p03083,bg_0613,user_bg_0613,1790244595,"Delicious street food near Gandhi circle, best kachori in Sundarpur!",,,,,1627203801
p01763,bg_0351,user_bg_0351,1790244625,Heavy traffic near Sundarpur Clock Tower due to market rush today.,,,,,1715910177
p01625,bg_0323,user_bg_0323,1790244668,Heavy traffic near Sundarpur Clock Tower due to market rush today.,,,,,1624554106
p03813,bg_0758,user_bg_0758,1790244770,"Delicious street food near Gandhi circle, best kachori in Sundarpur!",,,,#Sundarpur #Daily,1633333447
p01685,bg_0335,user_bg_0335,1790244842,Sundarpur central library renovation is finally completing this month.,,,,,1751514239
p02797,bg_0557,user_bg_0557,1790244879,Great community turnout for the Sundarpur cultural festival rehearsals.,,,,,1707141607
p03590,bg_0712,user_bg_0712,1790244913,"Delicious street food near Gandhi circle, best kachori in Sundarpur!",,,,#Sundarpur #Daily,1718032512
p01022,bg_0205,user_bg_0205,1790244919,Local municipal council announced park cleanup drive this Sunday.,,,,,1633570185
p02212,bg_0440,user_bg_0440,1790245086,"Delicious street food near Gandhi circle, best kachori in Sundarpur!",,,,,1614115848
p00309,bg_0059,user_bg_0059,1790245100,Heavy traffic near Sundarpur Clock Tower due to market rush today.,,,,,1742029571
p02013,bg_0401,user_bg_0401,1790245159,"Delicious street food near Gandhi circle, best kachori in Sundarpur!",p01903,,,,1550103165
p02034,bg_0406,user_bg_0406,1790245304,Evening cricket practice match at Sundarpur town stadium was exciting.,,,,,1651642654
p00392,bg_0076,user_bg_0076,1790245308,Morning tea at Station Road in Sundarpur hits different during winters.,,,,,1579058218
p01219,bg_0243,user_bg_0243,1790245328,@user_bg_0009 Agree with this point completely.,,p00048,,#Sundarpur #Daily,1614185953
p01413,bg_0281,user_bg_0281,1790245331,Pleasant breezy weather across Sundarpur this afternoon.,p00252,,,,1602127501
p02310,bg_0459,user_bg_0459,1790245371,Morning tea at Station Road in Sundarpur hits different during winters.,,,,,1583960577
p00901,bg_0180,user_bg_0180,1790245384,Local municipal council announced park cleanup drive this Sunday.,,,,,1665047929
p02683,bg_0533,user_bg_0533,1790245502,Sundarpur central library renovation is finally completing this month.,,,,,1641199554
p03561,bg_0707,user_bg_0707,1790245510,Pleasant breezy weather across Sundarpur this afternoon.,,,,,1554161707
p01559,bg_0310,user_bg_0310,1790245514,Heavy traffic near Sundarpur Clock Tower due to market rush today.,,,,,1585919160
p03399,bg_0675,user_bg_0675,1790245522,Power cut announced for northern suburbs of Sundarpur tomorrow 10am-12pm.,,,,,1732608189
p01702,bg_0338,user_bg_0338,1790245594,Morning tea at Station Road in Sundarpur hits different during winters.,,,,#Sundarpur #Daily,1718242720
p03219,bg_0640,user_bg_0640,1790245594,Pleasant breezy weather across Sundarpur this afternoon.,,,,#Sundarpur #Daily,1691487211
p02492,bg_0495,user_bg_0495,1790245644,Morning tea at Station Road in Sundarpur hits different during winters.,,,,,1587115915
p02398,bg_0476,user_bg_0476,1790245707,Power cut announced for northern suburbs of Sundarpur tomorrow 10am-12pm.,,,,,1645001710
p03757,bg_0746,user_bg_0746,1790245724,Power cut announced for northern suburbs of Sundarpur tomorrow 10am-12pm.,,,,#Sundarpur #Daily,1742562503
p01321,bg_0263,user_bg_0263,1790245740,Monsoon drainage repairs starting near Sundarpur east bus terminus.,,,,,1688207313
p00438,bg_0086,user_bg_0086,1790245746,Morning tea at Station Road in Sundarpur hits different during winters.,,,,#Sundarpur #Daily,1730794426
p02701,bg_0536,user_bg_0536,1790245814,Morning tea at Station Road in Sundarpur hits different during winters.,,,,#Sundarpur #Daily,1753266094
p02072,bg_0412,user_bg_0412,1790245897,Power cut announced for northern suburbs of Sundarpur tomorrow 10am-12pm.,,,,,1754359243
p01451,bg_0289,user_bg_0289,1790245904,@user_bg_0098 Agree with this point completely.,,p00494,,,1674054392
p02980,bg_0594,user_bg_0594,1790245912,Monsoon drainage repairs starting near Sundarpur east bus terminus.,,,,,1712132613
p00832,bg_0166,user_bg_0166,1790245957,Pleasant breezy weather across Sundarpur this afternoon.,,,http://sundarpurnews.example/local,,1755380868
p03198,bg_0636,user_bg_0636,1790245978,Pleasant breezy weather across Sundarpur this afternoon.,p01143,,,,1723573747
p01020,bg_0205,user_bg_0205,1790245981,Heavy traffic near Sundarpur Clock Tower due to market rush today.,,,,,1633570185
p03775,bg_0750,user_bg_0750,1790246016,Evening cricket practice match at Sundarpur town stadium was exciting.,,,,#Sundarpur #Daily,1683885987
p03140,bg_0625,user_bg_0625,1790246020,Evening cricket practice match at Sundarpur town stadium was exciting.,,,,,1568455381
p03703,bg_0735,user_bg_0735,1790246090,"Delicious street food near Gandhi circle, best kachori in Sundarpur!",,,,,1540018522
p02913,bg_0580,user_bg_0580,1790246151,Great community turnout for the Sundarpur cultural festival rehearsals.,,,http://sundarpurnews.example/local,,1654149275
p02567,bg_0510,user_bg_0510,1790246195,"Delicious street food near Gandhi circle, best kachori in Sundarpur!",,,,,1622894583
p02591,bg_0515,user_bg_0515,1790246220,"Delicious street food near Gandhi circle, best kachori in Sundarpur!",,,,,1664082736
p03040,bg_0605,user_bg_0605,1790246309,Power cut announced for northern suburbs of Sundarpur tomorrow 10am-12pm.,,,,,1678822489
p02198,bg_0438,user_bg_0438,1790246340,Power cut announced for northern suburbs of Sundarpur tomorrow 10am-12pm.,,,,,1563349838
p03969,bg_0789,user_bg_0789,1790246360,Pleasant breezy weather across Sundarpur this afternoon.,,,,,1559182352
p01314,bg_0262,user_bg_0262,1790246367,Great community turnout for the Sundarpur cultural festival rehearsals.,,,http://sundarpurnews.example/local,,1648819044
p00826,bg_0164,user_bg_0164,1790246376,Heavy traffic near Sundarpur Clock Tower due to market rush today.,,,,,1652564729
p02341,bg_0465,user_bg_0465,1790246376,Evening cricket practice match at Sundarpur town stadium was exciting.,,,,,1555122555
p03423,bg_0679,user_bg_0679,1790246426,Morning tea at Station Road in Sundarpur hits different during winters.,,,,,1551575074
p02704,bg_0537,user_bg_0537,1790246427,Monsoon drainage repairs starting near Sundarpur east bus terminus.,,,,,1613624223
p00081,bg_0015,user_bg_0015,1790246454,"Delicious street food near Gandhi circle, best kachori in Sundarpur!",,,,,1756378526
p03262,bg_0648,user_bg_0648,1790246462,Great community turnout for the Sundarpur cultural festival rehearsals.,,,,,1685413658
p01641,bg_0326,user_bg_0326,1790246531,"Delicious street food near Gandhi circle, best kachori in Sundarpur!",,,http://sundarpurnews.example/local,,1624547671
p03885,bg_0772,user_bg_0772,1790246545,Morning tea at Station Road in Sundarpur hits different during winters.,,,,,1604543584
p03473,bg_0690,user_bg_0690,1790246581,Sundarpur central library renovation is finally completing this month.,,,http://sundarpurnews.example/local,,1617567324
p00933,bg_0187,user_bg_0187,1790246592,Sundarpur central library renovation is finally completing this month.,,,,,1585750514
p02816,bg_0561,user_bg_0561,1790246600,Morning tea at Station Road in Sundarpur hits different during winters.,,,,,1730776687
p02695,bg_0535,user_bg_0535,1790246658,@user_bg_0233 Agree with this point completely.,,p01168,,,1572558290
p01256,bg_0251,user_bg_0251,1790246660,"Delicious street food near Gandhi circle, best kachori in Sundarpur!",,,,,1651160006
p02868,bg_0571,user_bg_0571,1790246672,Heavy traffic near Sundarpur Clock Tower due to market rush today.,,,,,1636425014
p01064,bg_0213,user_bg_0213,1790246694,Local municipal council announced park cleanup drive this Sunday.,,,,,1720465340
p00596,bg_0118,user_bg_0118,1790246727,Monsoon drainage repairs starting near Sundarpur east bus terminus.,,,http://sundarpurnews.example/local,,1593414300
p02375,bg_0472,user_bg_0472,1790246743,Local municipal council announced park cleanup drive this Sunday.,,,,,1604463202
p02828,bg_0563,user_bg_0563,1790246765,Sundarpur central library renovation is finally completing this month.,,,,,1673478830
p02858,bg_0569,user_bg_0569,1790246907,Great community turnout for the Sundarpur cultural festival rehearsals.,,,,,1565261506
p02476,bg_0493,user_bg_0493,1790246909,Local municipal council announced park cleanup drive this Sunday.,,,http://sundarpurnews.example/local,,1564307572
p02345,bg_0466,user_bg_0466,1790247009,Local municipal council announced park cleanup drive this Sunday.,,,,#Sundarpur #Daily,1751381725
p02562,bg_0509,user_bg_0509,1790247094,Power cut announced for northern suburbs of Sundarpur tomorrow 10am-12pm.,,,,,1563618158
p02077,bg_0414,user_bg_0414,1790247157,Morning tea at Station Road in Sundarpur hits different during winters.,,,,,1589317733
p01307,bg_0261,user_bg_0261,1790247204,Local municipal council announced park cleanup drive this Sunday.,,,,,1725629984
p03737,bg_0742,user_bg_0742,1790247210,Heavy traffic near Sundarpur Clock Tower due to market rush today.,,,,,1636577149
p01921,bg_0382,user_bg_0382,1790247218,Morning tea at Station Road in Sundarpur hits different during winters.,,,,,1585790368
p01176,bg_0235,user_bg_0235,1790247297,Power cut announced for northern suburbs of Sundarpur tomorrow 10am-12pm.,,,,,1743022754
p02397,bg_0476,user_bg_0476,1790247408,Power cut announced for northern suburbs of Sundarpur tomorrow 10am-12pm.,,,,,1645001710
p03570,bg_0708,user_bg_0708,1790247413,Heavy traffic near Sundarpur Clock Tower due to market rush today.,,,,#Sundarpur #Daily,1683369880
p01924,bg_0383,user_bg_0383,1790247429,Sundarpur central library renovation is finally completing this month.,,,,,1673648802
p03453,bg_0685,user_bg_0685,1790247457,"Delicious street food near Gandhi circle, best kachori in Sundarpur!",p03110,,,,1718254614
p01876,bg_0373,user_bg_0373,1790247459,Local municipal council announced park cleanup drive this Sunday.,p01148,,,,1583773000
p01769,bg_0352,user_bg_0352,1790247546,@user_bg_0229 Agree with this point completely.,,p01145,,#Sundarpur #Daily,1744134308
p01647,bg_0327,user_bg_0327,1790247580,Local municipal council announced park cleanup drive this Sunday.,,,,,1609510665
p03526,bg_0700,user_bg_0700,1790247613,@user_bg_0482 Agree with this point completely.,,p02423,,,1551144808
p00070,bg_0014,user_bg_0014,1790247687,Evening cricket practice match at Sundarpur town stadium was exciting.,,,http://sundarpurnews.example/local,,1550157263
p00390,bg_0076,user_bg_0076,1790247712,"Delicious street food near Gandhi circle, best kachori in Sundarpur!",,,,,1579058218
p03773,bg_0750,user_bg_0750,1790247771,Morning tea at Station Road in Sundarpur hits different during winters.,,,,,1683885987
p00185,bg_0036,user_bg_0036,1790247829,Morning tea at Station Road in Sundarpur hits different during winters.,p00071,,,,1684507793
p01592,bg_0316,user_bg_0316,1790247878,Local municipal council announced park cleanup drive this Sunday.,,,,#Sundarpur #Daily,1538526808
p03782,bg_0752,user_bg_0752,1790247894,"Delicious street food near Gandhi circle, best kachori in Sundarpur!",,,,,1642584526
p00954,bg_0191,user_bg_0191,1790247922,Great community turnout for the Sundarpur cultural festival rehearsals.,,,,,1640598746
p00927,bg_0186,user_bg_0186,1790247923,Monsoon drainage repairs starting near Sundarpur east bus terminus.,,,,,1665271844
p00908,bg_0182,user_bg_0182,1790248011,Sundarpur central library renovation is finally completing this month.,,,,#Sundarpur #Daily,1703689297
p03241,bg_0644,user_bg_0644,1790248036,Local municipal council announced park cleanup drive this Sunday.,,,,,1740762913
p00643,bg_0128,user_bg_0128,1790248056,"Delicious street food near Gandhi circle, best kachori in Sundarpur!",,,http://sundarpurnews.example/local,,1563871233
p00920,bg_0184,user_bg_0184,1790248159,Sundarpur central library renovation is finally completing this month.,,,,,1684172142
p02623,bg_0521,user_bg_0521,1790248172,Evening cricket practice match at Sundarpur town stadium was exciting.,,,,#Sundarpur #Daily,1641085940
p03460,bg_0687,user_bg_0687,1790248212,Local municipal council announced park cleanup drive this Sunday.,,,,#Sundarpur #Daily,1606512786
p00650,bg_0129,user_bg_0129,1790248240,Sundarpur central library renovation is finally completing this month.,,,,,1740804677
p00859,bg_0171,user_bg_0171,1790248251,Evening cricket practice match at Sundarpur town stadium was exciting.,,,,,1711820945
p00746,bg_0148,user_bg_0148,1790248277,Sundarpur central library renovation is finally completing this month.,,,,,1702969855
p01415,bg_0282,user_bg_0282,1790248298,Sundarpur central library renovation is finally completing this month.,p01307,,,#Sundarpur #Daily,1580071133
p00579,bg_0115,user_bg_0115,1790248325,Monsoon drainage repairs starting near Sundarpur east bus terminus.,,,,,1725266304
p01714,bg_0341,user_bg_0341,1790248342,Power cut announced for northern suburbs of Sundarpur tomorrow 10am-12pm.,,,,,1699326615
p00821,bg_0163,user_bg_0163,1790248381,Sundarpur central library renovation is finally completing this month.,,,,,1712378207
p00161,bg_0031,user_bg_0031,1790248412,"Delicious street food near Gandhi circle, best kachori in Sundarpur!",,,,,1730468112
p03119,bg_0621,user_bg_0621,1790248448,Monsoon drainage repairs starting near Sundarpur east bus terminus.,,,,,1709189143
p00795,bg_0159,user_bg_0159,1790248493,Heavy traffic near Sundarpur Clock Tower due to market rush today.,,,,,1573663067
p00739,bg_0147,user_bg_0147,1790248538,Evening cricket practice match at Sundarpur town stadium was exciting.,,,,,1580776015
p03521,bg_0699,user_bg_0699,1790248557,Sundarpur central library renovation is finally completing this month.,,,,,1561792661
p00264,bg_0051,user_bg_0051,1790248586,Evening cricket practice match at Sundarpur town stadium was exciting.,,,,,1664964701
p00978,bg_0197,user_bg_0197,1790248662,Pleasant breezy weather across Sundarpur this afternoon.,,,,,1565591122
p02257,bg_0449,user_bg_0449,1790248665,Monsoon drainage repairs starting near Sundarpur east bus terminus.,,,,,1565961466
p03068,bg_0610,user_bg_0610,1790248678,Evening cricket practice match at Sundarpur town stadium was exciting.,,,,#Sundarpur #Daily,1597775511
p02442,bg_0486,user_bg_0486,1790248773,Monsoon drainage repairs starting near Sundarpur east bus terminus.,p00820,,,,1566683752
p02759,bg_0549,user_bg_0549,1790248803,Heavy traffic near Sundarpur Clock Tower due to market rush today.,,,,,1726692881
p01934,bg_0385,user_bg_0385,1790248889,Morning tea at Station Road in Sundarpur hits different during winters.,p01701,,,#Sundarpur #Daily,1752568196
p03364,bg_0668,user_bg_0668,1790248909,Heavy traffic near Sundarpur Clock Tower due to market rush today.,,,,,1540968083
p04011,bg_0798,user_bg_0798,1790248956,"Delicious street food near Gandhi circle, best kachori in Sundarpur!",,,,#Sundarpur #Daily,1732465485
p01151,bg_0230,user_bg_0230,1790248969,Power cut announced for northern suburbs of Sundarpur tomorrow 10am-12pm.,,,,,1636389114
p01386,bg_0276,user_bg_0276,1790249004,Evening cricket practice match at Sundarpur town stadium was exciting.,,,,,1561385462
p00840,bg_0167,user_bg_0167,1790249014,Power cut announced for northern suburbs of Sundarpur tomorrow 10am-12pm.,,,,,1538876192
p03506,bg_0696,user_bg_0696,1790249033,@user_bg_0058 Agree with this point completely.,,p00303,http://sundarpurnews.example/local,,1728462619
p03115,bg_0620,user_bg_0620,1790249154,Evening cricket practice match at Sundarpur town stadium was exciting.,,,,,1614158492
p00166,bg_0032,user_bg_0032,1790249185,Monsoon drainage repairs starting near Sundarpur east bus terminus.,,,,,1722970623
p00102,bg_0020,user_bg_0020,1790249193,Great community turnout for the Sundarpur cultural festival rehearsals.,,,,,1624178276
p00492,bg_0098,user_bg_0098,1790249439,Monsoon drainage repairs starting near Sundarpur east bus terminus.,,,,,1715868493
p02460,bg_0490,user_bg_0490,1790249441,Morning tea at Station Road in Sundarpur hits different during winters.,,,http://sundarpurnews.example/local,#Sundarpur #Daily,1582343573
p01208,bg_0241,user_bg_0241,1790249464,Power cut announced for northern suburbs of Sundarpur tomorrow 10am-12pm.,,,,,1714579363
p02611,bg_0519,user_bg_0519,1790249468,Pleasant breezy weather across Sundarpur this afternoon.,,,,,1600648992
p01318,bg_0263,user_bg_0263,1790249494,Sundarpur central library renovation is finally completing this month.,,,,#Sundarpur #Daily,1688207313
p01401,bg_0279,user_bg_0279,1790249534,Monsoon drainage repairs starting near Sundarpur east bus terminus.,,,,,1570757259
p02641,bg_0525,user_bg_0525,1790249568,Sundarpur central library renovation is finally completing this month.,,,,,1556305396
p03982,bg_0792,user_bg_0792,1790249572,Morning tea at Station Road in Sundarpur hits different during winters.,,,,#Sundarpur #Daily,1646822186
p01523,bg_0302,user_bg_0302,1790249595,Sundarpur central library renovation is finally completing this month.,,,http://sundarpurnews.example/local,#Sundarpur #Daily,1610047049
p02075,bg_0413,user_bg_0413,1790249602,Evening cricket practice match at Sundarpur town stadium was exciting.,,,,,1658095924
p01913,bg_0381,user_bg_0381,1790249617,"Delicious street food near Gandhi circle, best kachori in Sundarpur!",,,,,1673294071
p01485,bg_0295,user_bg_0295,1790249640,Power cut announced for northern suburbs of Sundarpur tomorrow 10am-12pm.,,,,,1705325511
p00224,bg_0043,user_bg_0043,1790249655,Monsoon drainage repairs starting near Sundarpur east bus terminus.,p00093,,,,1643872131
p01096,bg_0220,user_bg_0220,1790249662,Pleasant breezy weather across Sundarpur this afternoon.,,,,,1642518917
p00486,bg_0097,user_bg_0097,1790249750,Great community turnout for the Sundarpur cultural festival rehearsals.,,,,,1575581577
p03785,bg_0752,user_bg_0752,1790249752,Heavy traffic near Sundarpur Clock Tower due to market rush today.,,,,,1642584526
p03141,bg_0625,user_bg_0625,1790249768,Local municipal council announced park cleanup drive this Sunday.,,,http://sundarpurnews.example/local,,1568455381
p03571,bg_0709,user_bg_0709,1790249838,Great community turnout for the Sundarpur cultural festival rehearsals.,,,,,1587993392
p01917,bg_0382,user_bg_0382,1790249994,Power cut announced for northern suburbs of Sundarpur tomorrow 10am-12pm.,,,,#Sundarpur #Daily,1585790368
p03230,bg_0642,user_bg_0642,1790250017,Heavy traffic near Sundarpur Clock Tower due to market rush today.,,,,,1683692909
p02799,bg_0557,user_bg_0557,1790250047,Pleasant breezy weather across Sundarpur this afternoon.,,,,,1707141607
p01801,bg_0359,user_bg_0359,1790250115,@user_bg_0102 Agree with this point completely.,,p00513,,#Sundarpur #Daily,1630556107
p01258,bg_0251,user_bg_0251,1790250116,Monsoon drainage repairs starting near Sundarpur east bus terminus.,,,http://sundarpurnews.example/local,,1651160006
p02712,bg_0538,user_bg_0538,1790250159,"Delicious street food near Gandhi circle, best kachori in Sundarpur!",,,,,1704009007
p02758,bg_0549,user_bg_0549,1790250193,Heavy traffic near Sundarpur Clock Tower due to market rush today.,,,,#Sundarpur #Daily,1726692881
p01654,bg_0329,user_bg_0329,1790250268,Sundarpur central library renovation is finally completing this month.,,,,,1751849102
p03736,bg_0742,user_bg_0742,1790250275,Local municipal council announced park cleanup drive this Sunday.,,,,#Sundarpur #Daily,1636577149
p00444,bg_0087,user_bg_0087,1790250328,Heavy traffic near Sundarpur Clock Tower due to market rush today.,,,,,1586677071
p01081,bg_0217,user_bg_0217,1790250328,Great community turnout for the Sundarpur cultural festival rehearsals.,,,,,1650633831
p01586,bg_0315,user_bg_0315,1790250382,Sundarpur central library renovation is finally completing this month.,,,,,1593251128
p04344,b_2006,voice_b_2006,1790250403,Important evidence documents available here: http://sundarpur-truth.example/emergency-documents-leak #SundarpurExposed,,,http://sundarpur-truth.example/emergency-documents-leak,#SundarpurExposed,1789304702
p01042,bg_0209,user_bg_0209,1790250407,"Delicious street food near Gandhi circle, best kachori in Sundarpur!",p00962,,,,1612764048
p04351,b_2013,voice_b_2013,1790250407,Read the leaked documents before they get taken down: http://sundarpur-truth.example/emergency-documents-leak #SundarpurExposed,,,http://sundarpur-truth.example/emergency-documents-leak,#SundarpurExposed,1788928823
p04359,b_2021,voice_b_2021,1790250412,See the official inspection report leaked online: http://sundarpur-truth.example/emergency-documents-leak #SundarpurExposed,,,http://sundarpur-truth.example/emergency-documents-leak,#SundarpurExposed,1789595321
p04340,b_2002,voice_b_2002,1790250413,Exclusive report exposing the truth that mainstream media ignores: http://sundarpur-truth.example/emergency-documents-leak #SundarpurExposed,,,http://sundarpur-truth.example/emergency-documents-leak,#SundarpurExposed,1789064914
p04346,b_2008,voice_b_2008,1790250413,Read the leaked documents before they get taken down: http://sundarpur-truth.example/emergency-documents-leak #SundarpurExposed,,,http://sundarpur-truth.example/emergency-documents-leak,#SundarpurExposed,1789081289
p04345,b_2007,voice_b_2007,1790250416,See the official inspection report leaked online: http://sundarpur-truth.example/emergency-documents-leak #SundarpurExposed,,,http://sundarpur-truth.example/emergency-documents-leak,#SundarpurExposed,1788572517
p04361,b_2023,voice_b_2023,1790250416,Important evidence documents available here: http://sundarpur-truth.example/emergency-documents-leak #SundarpurExposed,,,http://sundarpur-truth.example/emergency-documents-leak,#SundarpurExposed,1788644761
p04339,b_2001,voice_b_2001,1790250419,Read the leaked documents before they get taken down: http://sundarpur-truth.example/emergency-documents-leak #SundarpurExposed,,,http://sundarpur-truth.example/emergency-documents-leak,#SundarpurExposed,1788795712
p04342,b_2004,voice_b_2004,1790250419,Important evidence documents available here: http://sundarpur-truth.example/emergency-documents-leak #SundarpurExposed,,,http://sundarpur-truth.example/emergency-documents-leak,#SundarpurExposed,1788358816
p04350,b_2012,voice_b_2012,1790250420,Important evidence documents available here: http://sundarpur-truth.example/emergency-documents-leak #SundarpurExposed,,,http://sundarpur-truth.example/emergency-documents-leak,#SundarpurExposed,1788665872
p04363,b_2025,voice_b_2025,1790250423,Important evidence documents available here: http://sundarpur-truth.example/emergency-documents-leak #SundarpurExposed,,,http://sundarpur-truth.example/emergency-documents-leak,#SundarpurExposed,1789683189
p04357,b_2019,voice_b_2019,1790250424,Read the leaked documents before they get taken down: http://sundarpur-truth.example/emergency-documents-leak #SundarpurExposed,,,http://sundarpur-truth.example/emergency-documents-leak,#SundarpurExposed,1788667527
p04362,b_2024,voice_b_2024,1790250425,Read the leaked documents before they get taken down: http://sundarpur-truth.example/emergency-documents-leak #SundarpurExposed,,,http://sundarpur-truth.example/emergency-documents-leak,#SundarpurExposed,1789074260
p04353,b_2015,voice_b_2015,1790250427,See the official inspection report leaked online: http://sundarpur-truth.example/emergency-documents-leak #SundarpurExposed,,,http://sundarpur-truth.example/emergency-documents-leak,#SundarpurExposed,1788358223
p04356,b_2018,voice_b_2018,1790250427,See the official inspection report leaked online: http://sundarpur-truth.example/emergency-documents-leak #SundarpurExposed,,,http://sundarpur-truth.example/emergency-documents-leak,#SundarpurExposed,1788636823
p04358,b_2020,voice_b_2020,1790250435,Exclusive report exposing the truth that mainstream media ignores: http://sundarpur-truth.example/emergency-documents-leak #SundarpurExposed,,,http://sundarpur-truth.example/emergency-documents-leak,#SundarpurExposed,1788790246
p04343,b_2005,voice_b_2005,1790250436,See the official inspection report leaked online: http://sundarpur-truth.example/emergency-documents-leak #SundarpurExposed,,,http://sundarpur-truth.example/emergency-documents-leak,#SundarpurExposed,1788643950
p04341,b_2003,voice_b_2003,1790250437,See the official inspection report leaked online: http://sundarpur-truth.example/emergency-documents-leak #SundarpurExposed,,,http://sundarpur-truth.example/emergency-documents-leak,#SundarpurExposed,1788988695
p04349,b_2011,voice_b_2011,1790250437,Read the leaked documents before they get taken down: http://sundarpur-truth.example/emergency-documents-leak #SundarpurExposed,,,http://sundarpur-truth.example/emergency-documents-leak,#SundarpurExposed,1789698465
p04355,b_2017,voice_b_2017,1790250437,Exclusive report exposing the truth that mainstream media ignores: http://sundarpur-truth.example/emergency-documents-leak #SundarpurExposed,,,http://sundarpur-truth.example/emergency-documents-leak,#SundarpurExposed,1789129669
p04347,b_2009,voice_b_2009,1790250443,See the official inspection report leaked online: http://sundarpur-truth.example/emergency-documents-leak #SundarpurExposed,,,http://sundarpur-truth.example/emergency-documents-leak,#SundarpurExposed,1788670519
p04348,b_2010,voice_b_2010,1790250444,Important evidence documents available here: http://sundarpur-truth.example/emergency-documents-leak #SundarpurExposed,,,http://sundarpur-truth.example/emergency-documents-leak,#SundarpurExposed,1788741890
p04360,b_2022,voice_b_2022,1790250445,Important evidence documents available here: http://sundarpur-truth.example/emergency-documents-leak #SundarpurExposed,,,http://sundarpur-truth.example/emergency-documents-leak,#SundarpurExposed,1789099979
p04352,b_2014,voice_b_2014,1790250448,Important evidence documents available here: http://sundarpur-truth.example/emergency-documents-leak #SundarpurExposed,,,http://sundarpur-truth.example/emergency-documents-leak,#SundarpurExposed,1789337392
p04354,b_2016,voice_b_2016,1790250454,Important evidence documents available here: http://sundarpur-truth.example/emergency-documents-leak #SundarpurExposed,,,http://sundarpur-truth.example/emergency-documents-leak,#SundarpurExposed,1788497511
p02425,bg_0482,user_bg_0482,1790250473,Heavy traffic near Sundarpur Clock Tower due to market rush today.,,,,,1647353882
p00278,bg_0053,user_bg_0053,1790250707,Pleasant breezy weather across Sundarpur this afternoon.,,,,#Sundarpur #Daily,1567953638
p02651,bg_0526,user_bg_0526,1790250716,Local municipal council announced park cleanup drive this Sunday.,,,,,1676059441
p01885,bg_0375,user_bg_0375,1790250718,Local municipal council announced park cleanup drive this Sunday.,,,,,1683655307
p01080,bg_0216,user_bg_0216,1790250720,Heavy traffic near Sundarpur Clock Tower due to market rush today.,,,,,1595785830
p01729,bg_0344,user_bg_0344,1790250779,Sundarpur central library renovation is finally completing this month.,,,,,1720491049
p01189,bg_0238,user_bg_0238,1790250820,Monsoon drainage repairs starting near Sundarpur east bus terminus.,,,http://sundarpurnews.example/local,,1629838131
p01633,bg_0324,user_bg_0324,1790250866,"Delicious street food near Gandhi circle, best kachori in Sundarpur!",,,,#Sundarpur #Daily,1683841198
p00945,bg_0189,user_bg_0189,1790250868,@user_bg_0074 Agree with this point completely.,,p00382,,,1608822665
p03898,bg_0775,user_bg_0775,1790250869,@user_bg_0241 Agree with this point completely.,,p01207,,,1648920500
p00223,bg_0043,user_bg_0043,1790250920,@user_bg_0029 Agree with this point completely.,,p00154,,,1643872131
p03041,bg_0605,user_bg_0605,1790250936,"Delicious street food near Gandhi circle, best kachori in Sundarpur!",,,,,1678822489
p00293,bg_0056,user_bg_0056,1790251037,Evening cricket practice match at Sundarpur town stadium was exciting.,,,,,1630587946
p01688,bg_0336,user_bg_0336,1790251080,Great community turnout for the Sundarpur cultural festival rehearsals.,,,,,1704721666
p01232,bg_0246,user_bg_0246,1790251084,Monsoon drainage repairs starting near Sundarpur east bus terminus.,,,http://sundarpurnews.example/local,,1690835108
p01260,bg_0252,user_bg_0252,1790251101,Heavy traffic near Sundarpur Clock Tower due to market rush today.,,,,,1684356346
p00516,bg_0102,user_bg_0102,1790251203,Heavy traffic near Sundarpur Clock Tower due to market rush today.,,,,,1677292328
p03699,bg_0734,user_bg_0734,1790251363,Monsoon drainage repairs starting near Sundarpur east bus terminus.,,,,,1703587832
p03638,bg_0722,user_bg_0722,1790251373,Power cut announced for northern suburbs of Sundarpur tomorrow 10am-12pm.,,,,,1694427576
p03173,bg_0631,user_bg_0631,1790251407,Local municipal council announced park cleanup drive this Sunday.,,,,,1540843092
p01936,bg_0386,user_bg_0386,1790251451,Monsoon drainage repairs starting near Sundarpur east bus terminus.,,,,,1654521045
p03143,bg_0625,user_bg_0625,1790251541,Pleasant breezy weather across Sundarpur this afternoon.,,,,,1568455381
p00938,bg_0188,user_bg_0188,1790251647,"Delicious street food near Gandhi circle, best kachori in Sundarpur!",,,,,1740644897
p02869,bg_0571,user_bg_0571,1790251661,Heavy traffic near Sundarpur Clock Tower due to market rush today.,,,,#Sundarpur #Daily,1636425014
p00577,bg_0115,user_bg_0115,1790251692,Great community turnout for the Sundarpur cultural festival rehearsals.,,,,,1725266304
p03788,bg_0753,user_bg_0753,1790251796,@user_bg_0067 Agree with this point completely.,,p00350,,#Sundarpur #Daily,1755990793
p03445,bg_0684,user_bg_0684,1790251821,"Delicious street food near Gandhi circle, best kachori in Sundarpur!",,,http://sundarpurnews.example/local,,1606380199
p03438,bg_0682,user_bg_0682,1790251838,Morning tea at Station Road in Sundarpur hits different during winters.,,,,#Sundarpur #Daily,1654378669
p02506,bg_0498,user_bg_0498,1790251865,Heavy traffic near Sundarpur Clock Tower due to market rush today.,,,,#Sundarpur #Daily,1702657530
p03488,bg_0693,user_bg_0693,1790251900,Pleasant breezy weather across Sundarpur this afternoon.,,,,,1668451460
p01396,bg_0278,user_bg_0278,1790251901,"Delicious street food near Gandhi circle, best kachori in Sundarpur!",,,,,1711490501
p00876,bg_0175,user_bg_0175,1790251931,Local municipal council announced park cleanup drive this Sunday.,,,,,1566403651
p02990,bg_0596,user_bg_0596,1790251961,Local municipal council announced park cleanup drive this Sunday.,,,,,1611660621
p03632,bg_0721,user_bg_0721,1790251967,Morning tea at Station Road in Sundarpur hits different during winters.,,,,,1634448000
p03520,bg_0699,user_bg_0699,1790251971,Sundarpur central library renovation is finally completing this month.,,,,,1561792661
p04007,bg_0797,user_bg_0797,1790252024,Morning tea at Station Road in Sundarpur hits different during winters.,,,,,1634168097
p02549,bg_0506,user_bg_0506,1790252120,Power cut announced for northern suburbs of Sundarpur tomorrow 10am-12pm.,,,,,1661976859
p03487,bg_0693,user_bg_0693,1790252138,Power cut announced for northern suburbs of Sundarpur tomorrow 10am-12pm.,,,,,1668451460
p01038,bg_0208,user_bg_0208,1790252236,Local municipal council announced park cleanup drive this Sunday.,,,,#Sundarpur #Daily,1701171206
p02959,bg_0589,user_bg_0589,1790252237,Evening cricket practice match at Sundarpur town stadium was exciting.,p01329,,,,1710302345
p00258,bg_0049,user_bg_0049,1790252241,Pleasant breezy weather across Sundarpur this afternoon.,,,,,1582054256
p00536,bg_0106,user_bg_0106,1790252278,Pleasant breezy weather across Sundarpur this afternoon.,p00253,,,,1734761717
p03880,bg_0771,user_bg_0771,1790252357,"Delicious street food near Gandhi circle, best kachori in Sundarpur!",,,,,1721224691
p01514,bg_0300,user_bg_0300,1790252447,Sundarpur central library renovation is finally completing this month.,,,,,1593807296
p03816,bg_0759,user_bg_0759,1790252468,Sundarpur central library renovation is finally completing this month.,,,,,1618123144
p01938,bg_0386,user_bg_0386,1790252599,Heavy traffic near Sundarpur Clock Tower due to market rush today.,,,,,1654521045
p02554,bg_0507,user_bg_0507,1790252670,Sundarpur central library renovation is finally completing this month.,,,,,1587939494
p03205,bg_0637,user_bg_0637,1790252694,Evening cricket practice match at Sundarpur town stadium was exciting.,,,,#Sundarpur #Daily,1566016518
p03375,bg_0670,user_bg_0670,1790252715,Evening cricket practice match at Sundarpur town stadium was exciting.,,,,,1596601923
p03422,bg_0679,user_bg_0679,1790252720,Great community turnout for the Sundarpur cultural festival rehearsals.,,,,,1551575074
p03642,bg_0723,user_bg_0723,1790252724,"Delicious street food near Gandhi circle, best kachori in Sundarpur!",,,,,1558328559
p03155,bg_0627,user_bg_0627,1790252743,Local municipal council announced park cleanup drive this Sunday.,,,,,1627433204
p02392,bg_0475,user_bg_0475,1790252746,Heavy traffic near Sundarpur Clock Tower due to market rush today.,,,,,1614186887
p01632,bg_0324,user_bg_0324,1790252750,Power cut announced for northern suburbs of Sundarpur tomorrow 10am-12pm.,,,,#Sundarpur #Daily,1683841198
p03237,bg_0643,user_bg_0643,1790252771,Great community turnout for the Sundarpur cultural festival rehearsals.,,,http://sundarpurnews.example/local,,1547358799
p03677,bg_0730,user_bg_0730,1790252774,Heavy traffic near Sundarpur Clock Tower due to market rush today.,,,,,1703010903
p00186,bg_0036,user_bg_0036,1790252872,Pleasant breezy weather across Sundarpur this afternoon.,,,http://sundarpurnews.example/local,#Sundarpur #Daily,1684507793
p01525,bg_0303,user_bg_0303,1790252959,Pleasant breezy weather across Sundarpur this afternoon.,,,,,1551937760
p00207,bg_0040,user_bg_0040,1790252978,Power cut announced for northern suburbs of Sundarpur tomorrow 10am-12pm.,,,,#Sundarpur #Daily,1595098535
p01844,bg_0367,user_bg_0367,1790253006,@user_bg_0124 Agree with this point completely.,,p00625,,,1644588177
p01727,bg_0344,user_bg_0344,1790253108,Sundarpur central library renovation is finally completing this month.,,,,,1720491049
p03212,bg_0638,user_bg_0638,1790253144,Local municipal council announced park cleanup drive this Sunday.,,,,,1631690336
p03753,bg_0745,user_bg_0745,1790253165,Pleasant breezy weather across Sundarpur this afternoon.,,,,,1572193225
p02756,bg_0548,user_bg_0548,1790253199,Pleasant breezy weather across Sundarpur this afternoon.,,,,,1656941017
p00708,bg_0140,user_bg_0140,1790253229,"Delicious street food near Gandhi circle, best kachori in Sundarpur!",,,,,1586429089
p01338,bg_0266,user_bg_0266,1790253266,Power cut announced for northern suburbs of Sundarpur tomorrow 10am-12pm.,,,,,1542354345
p00237,bg_0046,user_bg_0046,1790253281,Evening cricket practice match at Sundarpur town stadium was exciting.,p00158,,,,1663918275
p03200,bg_0636,user_bg_0636,1790253469,Evening cricket practice match at Sundarpur town stadium was exciting.,,,http://sundarpurnews.example/local,#Sundarpur #Daily,1723573747
p02371,bg_0471,user_bg_0471,1790253495,Local municipal council announced park cleanup drive this Sunday.,p01877,,,#Sundarpur #Daily,1694485520
p02919,bg_0581,user_bg_0581,1790253547,Great community turnout for the Sundarpur cultural festival rehearsals.,,,,,1618585576
p00332,bg_0064,user_bg_0064,1790253549,Evening cricket practice match at Sundarpur town stadium was exciting.,,,,,1547849348
p02723,bg_0541,user_bg_0541,1790253585,Power cut announced for northern suburbs of Sundarpur tomorrow 10am-12pm.,,,,,1618029975
p01754,bg_0349,user_bg_0349,1790253628,Power cut announced for northern suburbs of Sundarpur tomorrow 10am-12pm.,,,,,1672735756
p01475,bg_0293,user_bg_0293,1790253672,@user_bg_0247 Agree with this point completely.,,p01237,,,1645577198
p00431,bg_0084,user_bg_0084,1790253694,Evening cricket practice match at Sundarpur town stadium was exciting.,,,,,1673939592
p02304,bg_0458,user_bg_0458,1790253719,Monsoon drainage repairs starting near Sundarpur east bus terminus.,,,,,1581641176
p02003,bg_0399,user_bg_0399,1790253732,Local municipal council announced park cleanup drive this Sunday.,,,,,1690894761
p04003,bg_0796,user_bg_0796,1790253737,"Delicious street food near Gandhi circle, best kachori in Sundarpur!",p00050,,http://sundarpurnews.example/local,,1549350562
p01179,bg_0236,user_bg_0236,1790253789,Morning tea at Station Road in Sundarpur hits different during winters.,,,http://sundarpurnews.example/local,,1758153746
p00703,bg_0139,user_bg_0139,1790253850,Evening cricket practice match at Sundarpur town stadium was exciting.,,,,,1609032045
p03448,bg_0684,user_bg_0684,1790253934,Sundarpur central library renovation is finally completing this month.,,,,,1606380199
p00831,bg_0165,user_bg_0165,1790253961,Local municipal council announced park cleanup drive this Sunday.,,,,,1646725508
p03921,bg_0780,user_bg_0780,1790253993,"Delicious street food near Gandhi circle, best kachori in Sundarpur!",,,,,1578226215
p00641,bg_0128,user_bg_0128,1790254026,Monsoon drainage repairs starting near Sundarpur east bus terminus.,,,,,1563871233
p03223,bg_0640,user_bg_0640,1790254063,Monsoon drainage repairs starting near Sundarpur east bus terminus.,,,,#Sundarpur #Daily,1691487211
p00517,bg_0103,user_bg_0103,1790254094,Heavy traffic near Sundarpur Clock Tower due to market rush today.,,,,,1680672142
p03436,bg_0682,user_bg_0682,1790254100,Power cut announced for northern suburbs of Sundarpur tomorrow 10am-12pm.,,,,,1654378669
p00384,bg_0074,user_bg_0074,1790254135,Sundarpur central library renovation is finally completing this month.,,,,,1578992347
p03249,bg_0646,user_bg_0646,1790254143,Morning tea at Station Road in Sundarpur hits different during winters.,,,,,1558874096
p02323,bg_0461,user_bg_0461,1790254281,Great community turnout for the Sundarpur cultural festival rehearsals.,,,,,1744577426
p03544,bg_0704,user_bg_0704,1790254325,Pleasant breezy weather across Sundarpur this afternoon.,,,,#Sundarpur #Daily,1740497700
p01060,bg_0212,user_bg_0212,1790254329,Evening cricket practice match at Sundarpur town stadium was exciting.,,,http://sundarpurnews.example/local,,1664276066
p01638,bg_0325,user_bg_0325,1790254500,Local municipal council announced park cleanup drive this Sunday.,,,,,1643045036
p00352,bg_0068,user_bg_0068,1790254522,Power cut announced for northern suburbs of Sundarpur tomorrow 10am-12pm.,,,,,1664339212
p02053,bg_0409,user_bg_0409,1790254542,"Delicious street food near Gandhi circle, best kachori in Sundarpur!",,,,,1739409329
p00049,bg_0010,user_bg_0010,1790254544,Evening cricket practice match at Sundarpur town stadium was exciting.,,,,,1749346363
p03751,bg_0745,user_bg_0745,1790254569,"Delicious street food near Gandhi circle, best kachori in Sundarpur!",,,,,1572193225
p00647,bg_0129,user_bg_0129,1790254584,Evening cricket practice match at Sundarpur town stadium was exciting.,,,,,1740804677
p02152,bg_0428,user_bg_0428,1790254611,Morning tea at Station Road in Sundarpur hits different during winters.,,,,,1573757856
p00028,bg_0006,user_bg_0006,1790254680,Heavy traffic near Sundarpur Clock Tower due to market rush today.,,,,,1609308965
p01650,bg_0328,user_bg_0328,1790254686,"Delicious street food near Gandhi circle, best kachori in Sundarpur!",,,,,1729721644
p03199,bg_0636,user_bg_0636,1790254697,Heavy traffic near Sundarpur Clock Tower due to market rush today.,,,,#Sundarpur #Daily,1723573747
p00455,bg_0090,user_bg_0090,1790254744,Great community turnout for the Sundarpur cultural festival rehearsals.,,,,,1564139243
p01347,bg_0268,user_bg_0268,1790254746,Pleasant breezy weather across Sundarpur this afternoon.,,,,,1554984685
p02266,bg_0450,user_bg_0450,1790254785,Power cut announced for northern suburbs of Sundarpur tomorrow 10am-12pm.,,,http://sundarpurnews.example/local,,1705934816
p00361,bg_0070,user_bg_0070,1790254876,Evening cricket practice match at Sundarpur town stadium was exciting.,,,,,1654808185
p02145,bg_0427,user_bg_0427,1790254887,Sundarpur central library renovation is finally completing this month.,,,,,1539782381
p03626,bg_0719,user_bg_0719,1790254913,Monsoon drainage repairs starting near Sundarpur east bus terminus.,,,,,1694876618
p01506,bg_0298,user_bg_0298,1790254969,Power cut announced for northern suburbs of Sundarpur tomorrow 10am-12pm.,,,,,1611863824
p02777,bg_0553,user_bg_0553,1790255075,Monsoon drainage repairs starting near Sundarpur east bus terminus.,,,http://sundarpurnews.example/local,,1748414828
p02597,bg_0516,user_bg_0516,1790255088,"Delicious street food near Gandhi circle, best kachori in Sundarpur!",,,,,1658591932
p01783,bg_0355,user_bg_0355,1790255115,Great community turnout for the Sundarpur cultural festival rehearsals.,,,,#Sundarpur #Daily,1579668074
p00009,bg_0002,user_bg_0002,1790255191,Monsoon drainage repairs starting near Sundarpur east bus terminus.,,,,,1661349698
p03057,bg_0608,user_bg_0608,1790255206,"Delicious street food near Gandhi circle, best kachori in Sundarpur!",,,,,1753713863
p02168,bg_0431,user_bg_0431,1790255249,Heavy traffic near Sundarpur Clock Tower due to market rush today.,,,,,1606925626
p02199,bg_0438,user_bg_0438,1790255307,Heavy traffic near Sundarpur Clock Tower due to market rush today.,,,,,1563349838
p03674,bg_0729,user_bg_0729,1790255309,Heavy traffic near Sundarpur Clock Tower due to market rush today.,,,,,1598117481
p00555,bg_0110,user_bg_0110,1790255316,Pleasant breezy weather across Sundarpur this afternoon.,,,,,1682901878
p03324,bg_0660,user_bg_0660,1790255335,Power cut announced for northern suburbs of Sundarpur tomorrow 10am-12pm.,,,,,1664780468
p01110,bg_0223,user_bg_0223,1790255340,Morning tea at Station Road in Sundarpur hits different during winters.,,,http://sundarpurnews.example/local,,1578425986
p04020,bg_0800,user_bg_0800,1790255351,@user_bg_0329 Agree with this point completely.,,p01658,,,1745305856
p02090,bg_0416,user_bg_0416,1790255355,Evening cricket practice match at Sundarpur town stadium was exciting.,,,,,1740493092
p00215,bg_0042,user_bg_0042,1790255401,Local municipal council announced park cleanup drive this Sunday.,,,,,1561554385
p01287,bg_0257,user_bg_0257,1790255450,Sundarpur central library renovation is finally completing this month.,,,,,1591183041
p01857,bg_0370,user_bg_0370,1790255458,Pleasant breezy weather across Sundarpur this afternoon.,,,,,1594259491
p01350,bg_0269,user_bg_0269,1790255515,Local municipal council announced park cleanup drive this Sunday.,,,,,1622847999
p01405,bg_0280,user_bg_0280,1790255534,Great community turnout for the Sundarpur cultural festival rehearsals.,,,,#Sundarpur #Daily,1548002388
p01621,bg_0322,user_bg_0322,1790255560,Local municipal council announced park cleanup drive this Sunday.,,,,,1740926099
p00960,bg_0193,user_bg_0193,1790255576,"Delicious street food near Gandhi circle, best kachori in Sundarpur!",,,,,1602378709
p03441,bg_0683,user_bg_0683,1790255704,Heavy traffic near Sundarpur Clock Tower due to market rush today.,,,,,1579835354
p03995,bg_0795,user_bg_0795,1790255705,Morning tea at Station Road in Sundarpur hits different during winters.,,,,,1651504002
p00397,bg_0077,user_bg_0077,1790255793,Sundarpur central library renovation is finally completing this month.,,,,,1688294432
p03804,bg_0757,user_bg_0757,1790255867,Monsoon drainage repairs starting near Sundarpur east bus terminus.,,,,,1581643633
p01619,bg_0321,user_bg_0321,1790255879,Pleasant breezy weather across Sundarpur this afternoon.,,,,,1595245419
p01184,bg_0237,user_bg_0237,1790255905,Local municipal council announced park cleanup drive this Sunday.,,,,,1568117825
p01374,bg_0273,user_bg_0273,1790255962,@user_bg_0203 Agree with this point completely.,,p01007,,,1608210283
p03849,bg_0765,user_bg_0765,1790255994,Local municipal council announced park cleanup drive this Sunday.,p02539,,,,1610897947
p01177,bg_0236,user_bg_0236,1790256019,Pleasant breezy weather across Sundarpur this afternoon.,,,,,1758153746
p02118,bg_0421,user_bg_0421,1790256035,Sundarpur central library renovation is finally completing this month.,,,,,1739702287
p03389,bg_0672,user_bg_0672,1790256049,Sundarpur central library renovation is finally completing this month.,,,,,1589226240
p00598,bg_0119,user_bg_0119,1790256069,Evening cricket practice match at Sundarpur town stadium was exciting.,,,,,1723792744
p02987,bg_0595,user_bg_0595,1790256103,Sundarpur central library renovation is finally completing this month.,,,,,1654275623
p00499,bg_0099,user_bg_0099,1790256146,Sundarpur central library renovation is finally completing this month.,,,,,1679124392
p01213,bg_0242,user_bg_0242,1790256155,"Delicious street food near Gandhi circle, best kachori in Sundarpur!",,,,,1579191738
p03974,bg_0790,user_bg_0790,1790256230,Morning tea at Station Road in Sundarpur hits different during winters.,,,,,1599874789
p01863,bg_0371,user_bg_0371,1790256342,Heavy traffic near Sundarpur Clock Tower due to market rush today.,,,,,1542740074
p00250,bg_0048,user_bg_0048,1790256353,Power cut announced for northern suburbs of Sundarpur tomorrow 10am-12pm.,,,,,1647348669
p01274,bg_0254,user_bg_0254,1790256555,Pleasant breezy weather across Sundarpur this afternoon.,,,,#Sundarpur #Daily,1644703346
p00206,bg_0040,user_bg_0040,1790256584,Local municipal council announced park cleanup drive this Sunday.,,,,#Sundarpur #Daily,1595098535
p00918,bg_0184,user_bg_0184,1790256607,Great community turnout for the Sundarpur cultural festival rehearsals.,,,,,1684172142
p02361,bg_0469,user_bg_0469,1790256628,Heavy traffic near Sundarpur Clock Tower due to market rush today.,,,,,1575089394
p02763,bg_0550,user_bg_0550,1790256673,"Delicious street food near Gandhi circle, best kachori in Sundarpur!",,,,,1723867866
p00064,bg_0013,user_bg_0013,1790256683,Heavy traffic near Sundarpur Clock Tower due to market rush today.,,,,,1680730078
p00538,bg_0107,user_bg_0107,1790256747,Local municipal council announced park cleanup drive this Sunday.,,,,#Sundarpur #Daily,1641714087
p00811,bg_0161,user_bg_0161,1790256873,Great community turnout for the Sundarpur cultural festival rehearsals.,,,,,1647524885
p00968,bg_0194,user_bg_0194,1790256909,Local municipal council announced park cleanup drive this Sunday.,,,http://sundarpurnews.example/local,,1607391119
p01230,bg_0245,user_bg_0245,1790256911,Heavy traffic near Sundarpur Clock Tower due to market rush today.,,,,,1562492683
p01554,bg_0309,user_bg_0309,1790256930,Sundarpur central library renovation is finally completing this month.,,,,#Sundarpur #Daily,1545224906
p00764,bg_0152,user_bg_0152,1790256983,"Delicious street food near Gandhi circle, best kachori in Sundarpur!",,,,#Sundarpur #Daily,1675453723
p00062,bg_0012,user_bg_0012,1790256987,Sundarpur central library renovation is finally completing this month.,,,,,1565814187
p00582,bg_0116,user_bg_0116,1790257072,Pleasant breezy weather across Sundarpur this afternoon.,,,,,1606154438
p03369,bg_0669,user_bg_0669,1790257082,Heavy traffic near Sundarpur Clock Tower due to market rush today.,,,,,1574179535
p02426,bg_0482,user_bg_0482,1790257095,Evening cricket practice match at Sundarpur town stadium was exciting.,,,,,1647353882
p03054,bg_0608,user_bg_0608,1790257131,Evening cricket practice match at Sundarpur town stadium was exciting.,,,,,1753713863
p02843,bg_0566,user_bg_0566,1790257291,Sundarpur central library renovation is finally completing this month.,,,,,1668808236
p02292,bg_0455,user_bg_0455,1790257423,Heavy traffic near Sundarpur Clock Tower due to market rush today.,,,http://sundarpurnews.example/local,,1603273099
p03519,bg_0699,user_bg_0699,1790257491,Power cut announced for northern suburbs of Sundarpur tomorrow 10am-12pm.,,,,,1561792661
p00501,bg_0100,user_bg_0100,1790257654,Pleasant breezy weather across Sundarpur this afternoon.,,,http://sundarpurnews.example/local,,1639029157
p00864,bg_0172,user_bg_0172,1790257655,Evening cricket practice match at Sundarpur town stadium was exciting.,,,,,1734357618
p02883,bg_0574,user_bg_0574,1790257709,Pleasant breezy weather across Sundarpur this afternoon.,,,,,1596989199
p00893,bg_0178,user_bg_0178,1790257783,@user_bg_0011 Agree with this point completely.,,p00058,,,1562428840
p00760,bg_0151,user_bg_0151,1790257807,Local municipal council announced park cleanup drive this Sunday.,,,,,1548056107
p02335,bg_0464,user_bg_0464,1790257878,Sundarpur central library renovation is finally completing this month.,,,,,1726320405
p00624,bg_0124,user_bg_0124,1790257926,Local municipal council announced park cleanup drive this Sunday.,,,,,1709065696
p01030,bg_0207,user_bg_0207,1790257995,Local municipal council announced park cleanup drive this Sunday.,,,,#Sundarpur #Daily,1703943829
p03891,bg_0773,user_bg_0773,1790258025,Morning tea at Station Road in Sundarpur hits different during winters.,,,,,1616976676
p03176,bg_0631,user_bg_0631,1790258052,Monsoon drainage repairs starting near Sundarpur east bus terminus.,,,,,1540843092
p03474,bg_0690,user_bg_0690,1790258164,Great community turnout for the Sundarpur cultural festival rehearsals.,,,,,1617567324
p01343,bg_0268,user_bg_0268,1790258210,Pleasant breezy weather across Sundarpur this afternoon.,,,,,1554984685
p00248,bg_0047,user_bg_0047,1790258227,Great community turnout for the Sundarpur cultural festival rehearsals.,p00092,,,,1684028741
p02501,bg_0497,user_bg_0497,1790258279,Sundarpur central library renovation is finally completing this month.,,,http://sundarpurnews.example/local,,1543240165
p02157,bg_0429,user_bg_0429,1790258302,Pleasant breezy weather across Sundarpur this afternoon.,,,http://sundarpurnews.example/local,,1599254028
p03084,bg_0613,user_bg_0613,1790258303,Local municipal council announced park cleanup drive this Sunday.,,,,,1627203801
p03503,bg_0696,user_bg_0696,1790258323,Great community turnout for the Sundarpur cultural festival rehearsals.,,,http://sundarpurnews.example/local,,1728462619
p02846,bg_0566,user_bg_0566,1790258366,Morning tea at Station Road in Sundarpur hits different during winters.,,,http://sundarpurnews.example/local,,1668808236
p01325,bg_0264,user_bg_0264,1790258367,"Delicious street food near Gandhi circle, best kachori in Sundarpur!",,,,,1749970057
p02505,bg_0498,user_bg_0498,1790258417,"Delicious street food near Gandhi circle, best kachori in Sundarpur!",,,http://sundarpurnews.example/local,,1702657530
p02897,bg_0577,user_bg_0577,1790258420,Sundarpur central library renovation is finally completing this month.,,,,,1674759586
p02922,bg_0582,user_bg_0582,1790258453,Monsoon drainage repairs starting near Sundarpur east bus terminus.,,,,,1755826977
p00324,bg_0062,user_bg_0062,1790258467,"Delicious street food near Gandhi circle, best kachori in Sundarpur!",,,,#Sundarpur #Daily,1547623526
p00947,bg_0190,user_bg_0190,1790258483,Great community turnout for the Sundarpur cultural festival rehearsals.,,,,,1743052464
p01303,bg_0260,user_bg_0260,1790258510,Sundarpur central library renovation is finally completing this month.,,,,,1539537533
p00327,bg_0063,user_bg_0063,1790258541,Monsoon drainage repairs starting near Sundarpur east bus terminus.,,,,,1622487619
p00233,bg_0045,user_bg_0045,1790258606,Local municipal council announced park cleanup drive this Sunday.,p00012,,,,1647027781
p02640,bg_0524,user_bg_0524,1790258622,Local municipal council announced park cleanup drive this Sunday.,,,,,1691934500
p01121,bg_0225,user_bg_0225,1790258777,Local municipal council announced park cleanup drive this Sunday.,,,,,1748855918
p00916,bg_0183,user_bg_0183,1790258789,Morning tea at Station Road in Sundarpur hits different during winters.,,,http://sundarpurnews.example/local,,1658977676
p03361,bg_0667,user_bg_0667,1790258803,"Delicious street food near Gandhi circle, best kachori in Sundarpur!",,,,,1580389838
p00145,bg_0028,user_bg_0028,1790258864,Pleasant breezy weather across Sundarpur this afternoon.,,,,#Sundarpur #Daily,1554379603
p02907,bg_0579,user_bg_0579,1790258901,Power cut announced for northern suburbs of Sundarpur tomorrow 10am-12pm.,,,,,1555257180
p02984,bg_0594,user_bg_0594,1790258901,Evening cricket practice match at Sundarpur town stadium was exciting.,,,,,1712132613
p02888,bg_0575,user_bg_0575,1790258978,Sundarpur central library renovation is finally completing this month.,,,,,1688238422
p00849,bg_0169,user_bg_0169,1790259022,Monsoon drainage repairs starting near Sundarpur east bus terminus.,,,,,1568379138
p02158,bg_0430,user_bg_0430,1790259025,Monsoon drainage repairs starting near Sundarpur east bus terminus.,,,,,1653532339
p00674,bg_0134,user_bg_0134,1790259034,Morning tea at Station Road in Sundarpur hits different during winters.,,,,,1683056565
p03783,bg_0752,user_bg_0752,1790259127,@user_bg_0069 Agree with this point completely.,,p00358,http://sundarpurnews.example/local,,1642584526
p03211,bg_0638,user_bg_0638,1790259136,@user_bg_0484 Agree with this point completely.,,p02436,http://sundarpurnews.example/local,#Sundarpur #Daily,1631690336
p01630,bg_0323,user_bg_0323,1790259165,Morning tea at Station Road in Sundarpur hits different during winters.,,,,#Sundarpur #Daily,1624554106
p01706,bg_0339,user_bg_0339,1790259165,Power cut announced for northern suburbs of Sundarpur tomorrow 10am-12pm.,,,,#Sundarpur #Daily,1681596152
p00550,bg_0109,user_bg_0109,1790259182,@user_bg_0064 Agree with this point completely.,,p00332,,,1660171624
p01328,bg_0264,user_bg_0264,1790259187,Morning tea at Station Road in Sundarpur hits different during winters.,,,http://sundarpurnews.example/local,,1749970057
p02039,bg_0407,user_bg_0407,1790259272,@user_bg_0115 Agree with this point completely.,,p00577,,,1569663791
p01139,bg_0228,user_bg_0228,1790259275,Power cut announced for northern suburbs of Sundarpur tomorrow 10am-12pm.,,,,,1745139808
p01738,bg_0346,user_bg_0346,1790259332,Pleasant breezy weather across Sundarpur this afternoon.,,,,,1554921992
p02464,bg_0490,user_bg_0490,1790259339,Great community turnout for the Sundarpur cultural festival rehearsals.,,,,#Sundarpur #Daily,1582343573
p00232,bg_0045,user_bg_0045,1790259362,Sundarpur central library renovation is finally completing this month.,,,,#Sundarpur #Daily,1647027781
p03895,bg_0774,user_bg_0774,1790259391,Sundarpur central library renovation is finally completing this month.,,,,,1730835073
p00814,bg_0162,user_bg_0162,1790259428,"Delicious street food near Gandhi circle, best kachori in Sundarpur!",,,,,1664739076
p01875,bg_0373,user_bg_0373,1790259490,Local municipal council announced park cleanup drive this Sunday.,,,,,1583773000
p03848,bg_0765,user_bg_0765,1790259509,"Delicious street food near Gandhi circle, best kachori in Sundarpur!",,,,,1610897947
p01471,bg_0292,user_bg_0292,1790259555,Heavy traffic near Sundarpur Clock Tower due to market rush today.,,,,,1662571220
p00898,bg_0179,user_bg_0179,1790259586,Great community turnout for the Sundarpur cultural festival rehearsals.,,,,,1721988001
p02852,bg_0567,user_bg_0567,1790259590,Heavy traffic near Sundarpur Clock Tower due to market rush today.,,,,,1668317231
p01336,bg_0266,user_bg_0266,1790259618,Local municipal council announced park cleanup drive this Sunday.,,,,,1542354345
p02660,bg_0528,user_bg_0528,1790259652,Morning tea at Station Road in Sundarpur hits different during winters.,,,http://sundarpurnews.example/local,,1591297168
p03296,bg_0655,user_bg_0655,1790259678,Local municipal council announced park cleanup drive this Sunday.,,,,,1719727379
p02239,bg_0445,user_bg_0445,1790259701,"Delicious street food near Gandhi circle, best kachori in Sundarpur!",,,,,1733492195
p01014,bg_0204,user_bg_0204,1790259785,Great community turnout for the Sundarpur cultural festival rehearsals.,,,,,1670316673
p02174,bg_0432,user_bg_0432,1790259787,@user_bg_0342 Agree with this point completely.,,p01721,,,1557459799
p00480,bg_0096,user_bg_0096,1790259811,Sundarpur central library renovation is finally completing this month.,,,,,1626555822
p01168,bg_0233,user_bg_0233,1790259835,Heavy traffic near Sundarpur Clock Tower due to market rush today.,,,,,1622426774
p03557,bg_0706,user_bg_0706,1790259901,Evening cricket practice match at Sundarpur town stadium was exciting.,,,,,1634201579
p00045,bg_0009,user_bg_0009,1790259977,Morning tea at Station Road in Sundarpur hits different during winters.,,,http://sundarpurnews.example/local,,1579921307
p01201,bg_0240,user_bg_0240,1790259986,Pleasant breezy weather across Sundarpur this afternoon.,,,,,1538152345
p01113,bg_0223,user_bg_0223,1790259998,Power cut announced for northern suburbs of Sundarpur tomorrow 10am-12pm.,,,,#Sundarpur #Daily,1578425986
p02454,bg_0488,user_bg_0488,1790260031,Evening cricket practice match at Sundarpur town stadium was exciting.,,,,,1692316752
p03585,bg_0711,user_bg_0711,1790260149,Monsoon drainage repairs starting near Sundarpur east bus terminus.,,,,,1561832976
p01959,bg_0390,user_bg_0390,1790260217,Local municipal council announced park cleanup drive this Sunday.,,,,,1562804788
p02724,bg_0541,user_bg_0541,1790260257,Monsoon drainage repairs starting near Sundarpur east bus terminus.,,,,,1618029975
p01360,bg_0271,user_bg_0271,1790260265,Sundarpur central library renovation is finally completing this month.,p00571,,,#Sundarpur #Daily,1706504390
p00599,bg_0119,user_bg_0119,1790260284,Power cut announced for northern suburbs of Sundarpur tomorrow 10am-12pm.,,,,,1723792744
p00130,bg_0025,user_bg_0025,1790260301,"Delicious street food near Gandhi circle, best kachori in Sundarpur!",,,http://sundarpurnews.example/local,,1624694328
p01333,bg_0265,user_bg_0265,1790260312,"Delicious street food near Gandhi circle, best kachori in Sundarpur!",,,,,1672093477
p03207,bg_0637,user_bg_0637,1790260353,Morning tea at Station Road in Sundarpur hits different during winters.,,,,,1566016518
p03393,bg_0673,user_bg_0673,1790260354,Morning tea at Station Road in Sundarpur hits different during winters.,,,,,1607763750
p01673,bg_0332,user_bg_0332,1790260357,Great community turnout for the Sundarpur cultural festival rehearsals.,,,,,1734411026
p03628,bg_0720,user_bg_0720,1790260445,Sundarpur central library renovation is finally completing this month.,,,,,1649352541
p02790,bg_0555,user_bg_0555,1790260592,Great community turnout for the Sundarpur cultural festival rehearsals.,,,,,1654884584
p01335,bg_0266,user_bg_0266,1790260639,Power cut announced for northern suburbs of Sundarpur tomorrow 10am-12pm.,,,,,1542354345
p03096,bg_0616,user_bg_0616,1790260649,Great community turnout for the Sundarpur cultural festival rehearsals.,,,,,1560013392
p03016,bg_0600,user_bg_0600,1790260676,Evening cricket practice match at Sundarpur town stadium was exciting.,,,,#Sundarpur #Daily,1662203167
p03426,bg_0680,user_bg_0680,1790260686,Local municipal council announced park cleanup drive this Sunday.,,,,,1643655525
p00154,bg_0029,user_bg_0029,1790260750,Local municipal council announced park cleanup drive this Sunday.,,,,,1734072406
p01618,bg_0321,user_bg_0321,1790260780,"Delicious street food near Gandhi circle, best kachori in Sundarpur!",,,,,1595245419
p03672,bg_0729,user_bg_0729,1790260858,Sundarpur central library renovation is finally completing this month.,,,,,1598117481
p00818,bg_0163,user_bg_0163,1790260911,Pleasant breezy weather across Sundarpur this afternoon.,,,,,1712378207
p01317,bg_0262,user_bg_0262,1790260953,Local municipal council announced park cleanup drive this Sunday.,,,,,1648819044
p03465,bg_0688,user_bg_0688,1790260971,Local municipal council announced park cleanup drive this Sunday.,,,,,1677874239
p03118,bg_0621,user_bg_0621,1790261038,Monsoon drainage repairs starting near Sundarpur east bus terminus.,,,,,1709189143
p00236,bg_0045,user_bg_0045,1790261124,Sundarpur central library renovation is finally completing this month.,,,,,1647027781
p02193,bg_0436,user_bg_0436,1790261149,Great community turnout for the Sundarpur cultural festival rehearsals.,,,,,1729939785
p00146,bg_0028,user_bg_0028,1790261209,"Delicious street food near Gandhi circle, best kachori in Sundarpur!",,,,,1554379603
p02582,bg_0513,user_bg_0513,1790261251,Monsoon drainage repairs starting near Sundarpur east bus terminus.,,,,,1660939987
p00928,bg_0186,user_bg_0186,1790261310,"Delicious street food near Gandhi circle, best kachori in Sundarpur!",p00439,,,,1665271844
p00153,bg_0029,user_bg_0029,1790261373,Monsoon drainage repairs starting near Sundarpur east bus terminus.,,,,,1734072406
p00981,bg_0197,user_bg_0197,1790261491,@asha_reports Agree with this point completely.,,p00003,,,1565591122
p02688,bg_0534,user_bg_0534,1790261498,Heavy traffic near Sundarpur Clock Tower due to market rush today.,,,http://sundarpurnews.example/local,,1602837869
p01131,bg_0226,user_bg_0226,1790261510,Sundarpur central library renovation is finally completing this month.,,,,,1666265805
p03979,bg_0791,user_bg_0791,1790261551,Heavy traffic near Sundarpur Clock Tower due to market rush today.,,,,,1644379010
p01656,bg_0329,user_bg_0329,1790261620,Evening cricket practice match at Sundarpur town stadium was exciting.,,,,,1751849102
p01787,bg_0356,user_bg_0356,1790261625,Evening cricket practice match at Sundarpur town stadium was exciting.,,,,,1637904858
p02074,bg_0413,user_bg_0413,1790261640,Pleasant breezy weather across Sundarpur this afternoon.,,,http://sundarpurnews.example/local,,1658095924
p01346,bg_0268,user_bg_0268,1790261699,Power cut announced for northern suburbs of Sundarpur tomorrow 10am-12pm.,,,http://sundarpurnews.example/local,,1554984685
p02622,bg_0521,user_bg_0521,1790261725,Pleasant breezy weather across Sundarpur this afternoon.,,,,,1641085940
p00044,bg_0009,user_bg_0009,1790261798,Power cut announced for northern suburbs of Sundarpur tomorrow 10am-12pm.,,,,#Sundarpur #Daily,1579921307
p01918,bg_0382,user_bg_0382,1790261827,Local municipal council announced park cleanup drive this Sunday.,,,,,1585790368
p01227,bg_0245,user_bg_0245,1790261850,Monsoon drainage repairs starting near Sundarpur east bus terminus.,,,,,1562492683
p00174,bg_0034,user_bg_0034,1790262160,Heavy traffic near Sundarpur Clock Tower due to market rush today.,,,,,1629543719
p00088,bg_0017,user_bg_0017,1790262372,Power cut announced for northern suburbs of Sundarpur tomorrow 10am-12pm.,,,,#Sundarpur #Daily,1660301179
p00802,bg_0160,user_bg_0160,1790262388,Morning tea at Station Road in Sundarpur hits different during winters.,,,,,1666355572
p00003,journo_01,asha_reports,1790262400,Investigative report part 3: Reviewing infrastructure expenditure and water canal maintenance in Sundarpur district. Public accountability is essential.,,,http://sundarpur-times.example/report-3,#SundarpurNews #Accountability,1663996000
p00875,bg_0175,user_bg_0175,1790262409,Heavy traffic near Sundarpur Clock Tower due to market rush today.,,,,,1566403651
p02890,bg_0575,user_bg_0575,1790262471,Monsoon drainage repairs starting near Sundarpur east bus terminus.,,,,,1688238422
p03160,bg_0628,user_bg_0628,1790262479,Local municipal council announced park cleanup drive this Sunday.,,,,,1610418583
p03960,bg_0787,user_bg_0787,1790262492,Monsoon drainage repairs starting near Sundarpur east bus terminus.,,,,,1732016018
p03061,bg_0609,user_bg_0609,1790262515,Heavy traffic near Sundarpur Clock Tower due to market rush today.,,,http://sundarpurnews.example/local,,1568799399
p02064,bg_0411,user_bg_0411,1790262520,Morning tea at Station Road in Sundarpur hits different during winters.,,,,,1584953446
p03663,bg_0727,user_bg_0727,1790262686,@user_bg_0258 Agree with this point completely.,,p01293,,,1570971397
p03499,bg_0695,user_bg_0695,1790262987,Pleasant breezy weather across Sundarpur this afternoon.,,,,#Sundarpur #Daily,1734942357
p02500,bg_0497,user_bg_0497,1790263018,Morning tea at Station Road in Sundarpur hits different during winters.,,,,,1543240165
p01591,bg_0316,user_bg_0316,1790263146,Pleasant breezy weather across Sundarpur this afternoon.,,,,,1538526808
p01034,bg_0208,user_bg_0208,1790263160,Power cut announced for northern suburbs of Sundarpur tomorrow 10am-12pm.,,,,#Sundarpur #Daily,1701171206
p02533,bg_0503,user_bg_0503,1790263184,Monsoon drainage repairs starting near Sundarpur east bus terminus.,,,,,1717130496
p03227,bg_0641,user_bg_0641,1790263208,Pleasant breezy weather across Sundarpur this afternoon.,,,,,1597739215
p02373,bg_0471,user_bg_0471,1790263239,Evening cricket practice match at Sundarpur town stadium was exciting.,,,,,1694485520
p01111,bg_0223,user_bg_0223,1790263272,"Delicious street food near Gandhi circle, best kachori in Sundarpur!",,,,#Sundarpur #Daily,1578425986
p04459,c_3011,patriot_c_3011,1790263302,@asha_reports Sensationalism and manufactured scandals will not work here. Stop misleading the public!,,p00003,,#FakeNewsExposed,1789089821
p04460,c_3012,patriot_c_3012,1790263337,@asha_reports Stop peddling biased sensational fake news to divide Sundarpur! Your defamatory agenda is exposed.,,p00003,,#FakeNewsExposed,1789609119
p04454,c_3006,patriot_c_3006,1790263338,@asha_reports Sensationalism and manufactured scandals will not work here. Stop misleading the public!,,p00003,,#FakeNewsExposed,1789608649
p02183,bg_0434,user_bg_0434,1790263339,Morning tea at Station Road in Sundarpur hits different during winters.,,,,,1723552835
p00424,bg_0082,user_bg_0082,1790263348,Morning tea at Station Road in Sundarpur hits different during winters.,,,,,1751793062
p04450,c_3002,patriot_c_3002,1790263351,@asha_reports Stop peddling biased sensational fake news to divide Sundarpur! Your defamatory agenda is exposed.,,p00003,,#FakeNewsExposed,1789610151
p04451,c_3003,patriot_c_3003,1790263351,@asha_reports Stop peddling biased sensational fake news to divide Sundarpur! Your defamatory agenda is exposed.,,p00003,,#FakeNewsExposed,1789585544
p04455,c_3007,patriot_c_3007,1790263353,@asha_reports Corrupt journalism at its peak. Stop spreading lies and defaming our local officials without proof!,,p00003,,#FakeNewsExposed,1789842102
p00091,bg_0017,user_bg_0017,1790263361,"Delicious street food near Gandhi circle, best kachori in Sundarpur!",,,,,1660301179
p04474,c_3026,patriot_c_3026,1790263365,@asha_reports Stop peddling biased sensational fake news to divide Sundarpur! Your defamatory agenda is exposed.,,p00003,,#FakeNewsExposed,1789419199
p01299,bg_0259,user_bg_0259,1790263382,@user_bg_0209 Agree with this point completely.,,p01042,,,1576296560
p04467,c_3019,patriot_c_3019,1790263382,@asha_reports Corrupt journalism at its peak. Stop spreading lies and defaming our local officials without proof!,,p00003,,#FakeNewsExposed,1789101605
p04462,c_3014,patriot_c_3014,1790263383,@asha_reports Stop peddling biased sensational fake news to divide Sundarpur! Your defamatory agenda is exposed.,,p00003,,#FakeNewsExposed,1789525137
p04463,c_3015,patriot_c_3015,1790263398,@asha_reports Sensationalism and manufactured scandals will not work here. Stop misleading the public!,,p00003,,#FakeNewsExposed,1789601141
p01982,bg_0395,user_bg_0395,1790263419,Great community turnout for the Sundarpur cultural festival rehearsals.,,,,,1669728617
p04458,c_3010,patriot_c_3010,1790263428,@asha_reports Stop peddling biased sensational fake news to divide Sundarpur! Your defamatory agenda is exposed.,,p00003,,#FakeNewsExposed,1789765660
p04449,c_3001,patriot_c_3001,1790263431,@asha_reports Corrupt journalism at its peak. Stop spreading lies and defaming our local officials without proof!,,p00003,,#FakeNewsExposed,1789243976
p04456,c_3008,patriot_c_3008,1790263447,@asha_reports Sensationalism and manufactured scandals will not work here. Stop misleading the public!,,p00003,,#FakeNewsExposed,1789776927
p01101,bg_0221,user_bg_0221,1790263452,Local municipal council announced park cleanup drive this Sunday.,,,,,1734102985
p04466,c_3018,patriot_c_3018,1790263453,@asha_reports Stop peddling biased sensational fake news to divide Sundarpur! Your defamatory agenda is exposed.,,p00003,,#FakeNewsExposed,1789178813
p00374,bg_0072,user_bg_0072,1790263455,Power cut announced for northern suburbs of Sundarpur tomorrow 10am-12pm.,,,,,1757515322
p04465,c_3017,patriot_c_3017,1790263455,@asha_reports Corrupt journalism at its peak. Stop spreading lies and defaming our local officials without proof!,,p00003,,#FakeNewsExposed,1789063469
p04478,c_3030,patriot_c_3030,1790263468,@asha_reports Sensationalism and manufactured scandals will not work here. Stop misleading the public!,,p00003,,#FakeNewsExposed,1789879553
p04457,c_3009,patriot_c_3009,1790263473,@asha_reports Stop peddling biased sensational fake news to divide Sundarpur! Your defamatory agenda is exposed.,,p00003,,#FakeNewsExposed,1788929392
p04468,c_3020,patriot_c_3020,1790263503,@asha_reports Sensationalism and manufactured scandals will not work here. Stop misleading the public!,,p00003,,#FakeNewsExposed,1788811329
p04461,c_3013,patriot_c_3013,1790263530,@asha_reports Corrupt journalism at its peak. Stop spreading lies and defaming our local officials without proof!,,p00003,,#FakeNewsExposed,1789170322
p04475,c_3027,patriot_c_3027,1790263530,@asha_reports Sensationalism and manufactured scandals will not work here. Stop misleading the public!,,p00003,,#FakeNewsExposed,1789097650
p04469,c_3021,patriot_c_3021,1790263536,@asha_reports Sensationalism and manufactured scandals will not work here. Stop misleading the public!,,p00003,,#FakeNewsExposed,1789426758
p04477,c_3029,patriot_c_3029,1790263547,@asha_reports Stop peddling biased sensational fake news to divide Sundarpur! Your defamatory agenda is exposed.,,p00003,,#FakeNewsExposed,1789612453
p04471,c_3023,patriot_c_3023,1790263551,@asha_reports Stop peddling biased sensational fake news to divide Sundarpur! Your defamatory agenda is exposed.,,p00003,,#FakeNewsExposed,1789511781
p04470,c_3022,patriot_c_3022,1790263558,@asha_reports Sensationalism and manufactured scandals will not work here. Stop misleading the public!,,p00003,,#FakeNewsExposed,1789771888
p04472,c_3024,patriot_c_3024,1790263562,@asha_reports Sensationalism and manufactured scandals will not work here. Stop misleading the public!,,p00003,,#FakeNewsExposed,1789681507
p04473,c_3025,patriot_c_3025,1790263569,@asha_reports Stop peddling biased sensational fake news to divide Sundarpur! Your defamatory agenda is exposed.,,p00003,,#FakeNewsExposed,1789850797
p04464,c_3016,patriot_c_3016,1790263571,@asha_reports Sensationalism and manufactured scandals will not work here. Stop misleading the public!,,p00003,,#FakeNewsExposed,1789270374
p04453,c_3005,patriot_c_3005,1790263573,@asha_reports Sensationalism and manufactured scandals will not work here. Stop misleading the public!,,p00003,,#FakeNewsExposed,1789870844
p04476,c_3028,patriot_c_3028,1790263579,@asha_reports Sensationalism and manufactured scandals will not work here. Stop misleading the public!,,p00003,,#FakeNewsExposed,1789584483
p04452,c_3004,patriot_c_3004,1790263580,@asha_reports Sensationalism and manufactured scandals will not work here. Stop misleading the public!,,p00003,,#FakeNewsExposed,1789438580
p01149,bg_0230,user_bg_0230,1790263598,Morning tea at Station Road in Sundarpur hits different during winters.,,,,,1636389114
p02127,bg_0423,user_bg_0423,1790263699,Heavy traffic near Sundarpur Clock Tower due to market rush today.,,,,,1651133564
p02078,bg_0414,user_bg_0414,1790263709,Heavy traffic near Sundarpur Clock Tower due to market rush today.,,,http://sundarpurnews.example/local,,1589317733
p00425,bg_0083,user_bg_0083,1790263789,Sundarpur central library renovation is finally completing this month.,,,,,1630253906
p02822,bg_0562,user_bg_0562,1790263803,Power cut announced for northern suburbs of Sundarpur tomorrow 10am-12pm.,,,,,1623382826
p00847,bg_0169,user_bg_0169,1790263850,Heavy traffic near Sundarpur Clock Tower due to market rush today.,,,,,1568379138
p00032,bg_0007,user_bg_0007,1790263851,Pleasant breezy weather across Sundarpur this afternoon.,,,,,1748075480
p02472,bg_0492,user_bg_0492,1790263856,Monsoon drainage repairs starting near Sundarpur east bus terminus.,,,,,1686667803
p01762,bg_0351,user_bg_0351,1790264040,Local municipal council announced park cleanup drive this Sunday.,,,,,1715910177
p00635,bg_0126,user_bg_0126,1790264042,Monsoon drainage repairs starting near Sundarpur east bus terminus.,p00407,,,#Sundarpur #Daily,1594995142
p03805,bg_0757,user_bg_0757,1790264074,Power cut announced for northern suburbs of Sundarpur tomorrow 10am-12pm.,,,,,1581643633
p02012,bg_0401,user_bg_0401,1790264144,Sundarpur central library renovation is finally completing this month.,,,,,1550103165
p02130,bg_0424,user_bg_0424,1790264197,Great community turnout for the Sundarpur cultural festival rehearsals.,,,,,1670837125
p00952,bg_0191,user_bg_0191,1790264231,Local municipal council announced park cleanup drive this Sunday.,,,,#Sundarpur #Daily,1640598746
p00443,bg_0087,user_bg_0087,1790264360,Pleasant breezy weather across Sundarpur this afternoon.,,,,#Sundarpur #Daily,1586677071
p00914,bg_0183,user_bg_0183,1790264364,Power cut announced for northern suburbs of Sundarpur tomorrow 10am-12pm.,,,,#Sundarpur #Daily,1658977676
p03735,bg_0742,user_bg_0742,1790264376,Pleasant breezy weather across Sundarpur this afternoon.,,,http://sundarpurnews.example/local,,1636577149
p00788,bg_0157,user_bg_0157,1790264387,Morning tea at Station Road in Sundarpur hits different during winters.,,,,,1610341363
p03149,bg_0626,user_bg_0626,1790264409,Great community turnout for the Sundarpur cultural festival rehearsals.,,,,,1621201059
p01071,bg_0214,user_bg_0214,1790264480,Sundarpur central library renovation is finally completing this month.,,,,,1745014494
p03059,bg_0609,user_bg_0609,1790264519,@user_bg_0218 Agree with this point completely.,,p01090,,,1568799399
p02357,bg_0468,user_bg_0468,1790264541,Local municipal council announced park cleanup drive this Sunday.,,,,#Sundarpur #Daily,1696716869
p03427,bg_0680,user_bg_0680,1790264558,Monsoon drainage repairs starting near Sundarpur east bus terminus.,,,,,1643655525
p01072,bg_0215,user_bg_0215,1790264576,Local municipal council announced park cleanup drive this Sunday.,,,http://sundarpurnews.example/local,,1679919758
p04022,bg_0800,user_bg_0800,1790264616,Great community turnout for the Sundarpur cultural festival rehearsals.,,,,,1745305856
p04015,bg_0799,user_bg_0799,1790264617,Pleasant breezy weather across Sundarpur this afternoon.,,,,,1595280833
p01968,bg_0392,user_bg_0392,1790264640,Morning tea at Station Road in Sundarpur hits different during winters.,,,,#Sundarpur #Daily,1563901757
p02186,bg_0435,user_bg_0435,1790264699,Power cut announced for northern suburbs of Sundarpur tomorrow 10am-12pm.,,,,,1683989087
p00709,bg_0140,user_bg_0140,1790264742,Great community turnout for the Sundarpur cultural festival rehearsals.,,,,,1586429089
p02952,bg_0588,user_bg_0588,1790264742,Monsoon drainage repairs starting near Sundarpur east bus terminus.,,,,,1670044000
p03883,bg_0772,user_bg_0772,1790264751,Evening cricket practice match at Sundarpur town stadium was exciting.,,,,#Sundarpur #Daily,1604543584
p00907,bg_0182,user_bg_0182,1790264783,Pleasant breezy weather across Sundarpur this afternoon.,,,,,1703689297
p00985,bg_0198,user_bg_0198,1790264791,Heavy traffic near Sundarpur Clock Tower due to market rush today.,,,,#Sundarpur #Daily,1628043550
p01785,bg_0355,user_bg_0355,1790264822,Power cut announced for northern suburbs of Sundarpur tomorrow 10am-12pm.,,,,,1579668074
p01799,bg_0358,user_bg_0358,1790264888,Local municipal council announced park cleanup drive this Sunday.,,,,,1721336022
p02334,bg_0464,user_bg_0464,1790264892,Great community turnout for the Sundarpur cultural festival rehearsals.,,,,,1726320405
p02213,bg_0440,user_bg_0440,1790264923,Power cut announced for northern suburbs of Sundarpur tomorrow 10am-12pm.,,,,,1614115848
p00743,bg_0147,user_bg_0147,1790264938,Pleasant breezy weather across Sundarpur this afternoon.,,,,,1580776015
p02406,bg_0478,user_bg_0478,1790264964,Great community turnout for the Sundarpur cultural festival rehearsals.,,,,,1612998542
p03313,bg_0658,user_bg_0658,1790264982,Pleasant breezy weather across Sundarpur this afternoon.,p00728,,,,1550336037
p02781,bg_0553,user_bg_0553,1790264984,"Delicious street food near Gandhi circle, best kachori in Sundarpur!",,,,#Sundarpur #Daily,1748414828
p00276,bg_0053,user_bg_0053,1790264992,Heavy traffic near Sundarpur Clock Tower due to market rush today.,,,,,1567953638
p03455,bg_0686,user_bg_0686,1790265050,Sundarpur central library renovation is finally completing this month.,,,,,1563540983
p03976,bg_0791,user_bg_0791,1790265098,"Delicious street food near Gandhi circle, best kachori in Sundarpur!",,,http://sundarpurnews.example/local,,1644379010
p03220,bg_0640,user_bg_0640,1790265181,Local municipal council announced park cleanup drive this Sunday.,,,http://sundarpurnews.example/local,#Sundarpur #Daily,1691487211
p01133,bg_0227,user_bg_0227,1790265202,"Delicious street food near Gandhi circle, best kachori in Sundarpur!",,,,,1553179595
p02524,bg_0502,user_bg_0502,1790265223,Monsoon drainage repairs starting near Sundarpur east bus terminus.,,,http://sundarpurnews.example/local,,1718574882
p01715,bg_0341,user_bg_0341,1790265285,Power cut announced for northern suburbs of Sundarpur tomorrow 10am-12pm.,,,,,1699326615
p00612,bg_0122,user_bg_0122,1790265388,@user_bg_0069 Agree with this point completely.,,p00356,,,1690891331
p01576,bg_0313,user_bg_0313,1790265418,Heavy traffic near Sundarpur Clock Tower due to market rush today.,,,,,1621099257
p02572,bg_0511,user_bg_0511,1790265443,Pleasant breezy weather across Sundarpur this afternoon.,,,,,1546558616
p01555,bg_0309,user_bg_0309,1790265568,Heavy traffic near Sundarpur Clock Tower due to market rush today.,,,,,1545224906
p00217,bg_0042,user_bg_0042,1790265569,Local municipal council announced park cleanup drive this Sunday.,,,,,1561554385
p00558,bg_0111,user_bg_0111,1790265572,Sundarpur central library renovation is finally completing this month.,,,,,1711936447
p02601,bg_0517,user_bg_0517,1790265687,Heavy traffic near Sundarpur Clock Tower due to market rush today.,,,,,1550974411
p01456,bg_0289,user_bg_0289,1790265697,"Delicious street food near Gandhi circle, best kachori in Sundarpur!",,,http://sundarpurnews.example/local,,1674054392
p03105,bg_0618,user_bg_0618,1790265704,Pleasant breezy weather across Sundarpur this afternoon.,,,,,1736396083
p03043,bg_0606,user_bg_0606,1790265716,Heavy traffic near Sundarpur Clock Tower due to market rush today.,,,,,1561487142
p00338,bg_0065,user_bg_0065,1790265746,Monsoon drainage repairs starting near Sundarpur east bus terminus.,,,,,1571408153
p02465,bg_0491,user_bg_0491,1790265757,Heavy traffic near Sundarpur Clock Tower due to market rush today.,,,,#Sundarpur #Daily,1602226764
p03602,bg_0714,user_bg_0714,1790265790,Morning tea at Station Road in Sundarpur hits different during winters.,,,,,1606872726
p03070,bg_0611,user_bg_0611,1790265800,Great community turnout for the Sundarpur cultural festival rehearsals.,,,,,1665973419
p03434,bg_0682,user_bg_0682,1790265812,Morning tea at Station Road in Sundarpur hits different during winters.,,,http://sundarpurnews.example/local,,1654378669
p02728,bg_0542,user_bg_0542,1790265920,Sundarpur central library renovation is finally completing this month.,,,,,1730307865
p03612,bg_0716,user_bg_0716,1790265934,Evening cricket practice match at Sundarpur town stadium was exciting.,,,,,1561615441
p00449,bg_0088,user_bg_0088,1790266003,Local municipal council announced park cleanup drive this Sunday.,,,http://sundarpurnews.example/local,#Sundarpur #Daily,1570182083
p02216,bg_0441,user_bg_0441,1790266073,Pleasant breezy weather across Sundarpur this afternoon.,,,,,1548540792
p01775,bg_0353,user_bg_0353,1790266213,Local municipal council announced park cleanup drive this Sunday.,,,,,1570135348
p00845,bg_0168,user_bg_0168,1790266230,Heavy traffic near Sundarpur Clock Tower due to market rush today.,,,,,1723276002
p00642,bg_0128,user_bg_0128,1790266262,Monsoon drainage repairs starting near Sundarpur east bus terminus.,,,http://sundarpurnews.example/local,,1563871233
p00563,bg_0112,user_bg_0112,1790266266,Pleasant breezy weather across Sundarpur this afternoon.,,,,#Sundarpur #Daily,1554761953
p01381,bg_0275,user_bg_0275,1790266353,Morning tea at Station Road in Sundarpur hits different during winters.,,,,#Sundarpur #Daily,1594277782
p00886,bg_0177,user_bg_0177,1790266370,Heavy traffic near Sundarpur Clock Tower due to market rush today.,,,,,1571462625
p01365,bg_0272,user_bg_0272,1790266387,Heavy traffic near Sundarpur Clock Tower due to market rush today.,,,,,1756717170
p02507,bg_0498,user_bg_0498,1790266391,Power cut announced for northern suburbs of Sundarpur tomorrow 10am-12pm.,,,,,1702657530
p01234,bg_0246,user_bg_0246,1790266402,"Delicious street food near Gandhi circle, best kachori in Sundarpur!",,,,,1690835108
p01446,bg_0288,user_bg_0288,1790266469,"Delicious street food near Gandhi circle, best kachori in Sundarpur!",,,,,1587268549
p00798,bg_0159,user_bg_0159,1790266527,Monsoon drainage repairs starting near Sundarpur east bus terminus.,,,,,1573663067
p02613,bg_0520,user_bg_0520,1790266527,Heavy traffic near Sundarpur Clock Tower due to market rush today.,,,,,1587318036
p02940,bg_0585,user_bg_0585,1790266694,Pleasant breezy weather across Sundarpur this afternoon.,,,,,1677294769
p00778,bg_0155,user_bg_0155,1790266789,Great community turnout for the Sundarpur cultural festival rehearsals.,,,,,1548225209
p01604,bg_0318,user_bg_0318,1790266827,Morning tea at Station Road in Sundarpur hits different during winters.,p00191,,http://sundarpurnews.example/local,,1549244375
p01457,bg_0290,user_bg_0290,1790266927,Evening cricket practice match at Sundarpur town stadium was exciting.,,,,,1603007755
p00082,bg_0016,user_bg_0016,1790266943,Power cut announced for northern suburbs of Sundarpur tomorrow 10am-12pm.,,,,,1609090197
p00993,bg_0200,user_bg_0200,1790267113,Evening cricket practice match at Sundarpur town stadium was exciting.,,,,#Sundarpur #Daily,1606556704
p00857,bg_0171,user_bg_0171,1790267118,Pleasant breezy weather across Sundarpur this afternoon.,,,,,1711820945
p03952,bg_0786,user_bg_0786,1790267169,Great community turnout for the Sundarpur cultural festival rehearsals.,,,,,1704603518
p03841,bg_0764,user_bg_0764,1790267183,Local municipal council announced park cleanup drive this Sunday.,,,http://sundarpurnews.example/local,,1615609504
p00270,bg_0052,user_bg_0052,1790267228,Local municipal council announced park cleanup drive this Sunday.,,,,#Sundarpur #Daily,1671413579
p02840,bg_0565,user_bg_0565,1790267241,Power cut announced for northern suburbs of Sundarpur tomorrow 10am-12pm.,,,,,1676498043
p01923,bg_0383,user_bg_0383,1790267272,Sundarpur central library renovation is finally completing this month.,,,,,1673648802
p03981,bg_0792,user_bg_0792,1790267363,Morning tea at Station Road in Sundarpur hits different during winters.,,,,#Sundarpur #Daily,1646822186
p01410,bg_0281,user_bg_0281,1790267382,Power cut announced for northern suburbs of Sundarpur tomorrow 10am-12pm.,,,,,1602127501
p00017,bg_0003,user_bg_0003,1790267473,Sundarpur central library renovation is finally completing this month.,,,,#Sundarpur #Daily,1679652689
p01165,bg_0233,user_bg_0233,1790267497,"Delicious street food near Gandhi circle, best kachori in Sundarpur!",,,,,1622426774
p01897,bg_0377,user_bg_0377,1790267568,Power cut announced for northern suburbs of Sundarpur tomorrow 10am-12pm.,,,,,1659754139
p03216,bg_0639,user_bg_0639,1790267574,Power cut announced for northern suburbs of Sundarpur tomorrow 10am-12pm.,,,http://sundarpurnews.example/local,,1617808160
p00246,bg_0047,user_bg_0047,1790267577,Monsoon drainage repairs starting near Sundarpur east bus terminus.,,,,,1684028741
p02352,bg_0467,user_bg_0467,1790267581,Local municipal council announced park cleanup drive this Sunday.,,,,,1554705273
p00554,bg_0110,user_bg_0110,1790267627,Power cut announced for northern suburbs of Sundarpur tomorrow 10am-12pm.,,,http://sundarpurnews.example/local,,1682901878
p02226,bg_0443,user_bg_0443,1790267743,"Delicious street food near Gandhi circle, best kachori in Sundarpur!",,,,,1676734562
p02405,bg_0478,user_bg_0478,1790267753,Morning tea at Station Road in Sundarpur hits different during winters.,,,,,1612998542
p02201,bg_0438,user_bg_0438,1790267757,Monsoon drainage repairs starting near Sundarpur east bus terminus.,,,http://sundarpurnews.example/local,,1563349838
p03491,bg_0694,user_bg_0694,1790267830,Pleasant breezy weather across Sundarpur this afternoon.,,,,,1704666163
p01719,bg_0342,user_bg_0342,1790267833,Heavy traffic near Sundarpur Clock Tower due to market rush today.,,,,,1543742212
p00668,bg_0133,user_bg_0133,1790267885,Sundarpur central library renovation is finally completing this month.,,,,,1586817492
p02232,bg_0444,user_bg_0444,1790267890,Monsoon drainage repairs starting near Sundarpur east bus terminus.,,,,,1658612310
p01501,bg_0298,user_bg_0298,1790267996,Morning tea at Station Road in Sundarpur hits different during winters.,,,,,1611863824
p03217,bg_0639,user_bg_0639,1790267999,"Delicious street food near Gandhi circle, best kachori in Sundarpur!",,,,#Sundarpur #Daily,1617808160
p01207,bg_0241,user_bg_0241,1790268134,Morning tea at Station Road in Sundarpur hits different during winters.,,,,,1714579363
p01242,bg_0248,user_bg_0248,1790268182,Evening cricket practice match at Sundarpur town stadium was exciting.,,,,,1540864193
p01455,bg_0289,user_bg_0289,1790268245,Monsoon drainage repairs starting near Sundarpur east bus terminus.,,,,,1674054392
p01024,bg_0206,user_bg_0206,1790268277,Power cut announced for northern suburbs of Sundarpur tomorrow 10am-12pm.,,,,#Sundarpur #Daily,1614915751
p01200,bg_0240,user_bg_0240,1790268330,Evening cricket practice match at Sundarpur town stadium was exciting.,,,,#Sundarpur #Daily,1538152345
p02749,bg_0547,user_bg_0547,1790268332,Sundarpur central library renovation is finally completing this month.,,,,#Sundarpur #Daily,1734442771
p02722,bg_0541,user_bg_0541,1790268427,Power cut announced for northern suburbs of Sundarpur tomorrow 10am-12pm.,,,,,1618029975
p00748,bg_0148,user_bg_0148,1790268435,Local municipal council announced park cleanup drive this Sunday.,,,,,1702969855
p03650,bg_0725,user_bg_0725,1790268523,Local municipal council announced park cleanup drive this Sunday.,,,,,1708488591
p02497,bg_0497,user_bg_0497,1790268531,Morning tea at Station Road in Sundarpur hits different during winters.,,,,,1543240165
p02270,bg_0451,user_bg_0451,1790268662,Evening cricket practice match at Sundarpur town stadium was exciting.,,,,,1708328559
p00063,bg_0012,user_bg_0012,1790268765,Sundarpur central library renovation is finally completing this month.,,,,,1565814187
p02299,bg_0457,user_bg_0457,1790268775,Heavy traffic near Sundarpur Clock Tower due to market rush today.,,,,,1616252483
p01109,bg_0223,user_bg_0223,1790268784,Pleasant breezy weather across Sundarpur this afternoon.,,,,,1578425986
p01017,bg_0205,user_bg_0205,1790268882,Heavy traffic near Sundarpur Clock Tower due to market rush today.,,,,,1633570185
p01079,bg_0216,user_bg_0216,1790268894,Power cut announced for northern suburbs of Sundarpur tomorrow 10am-12pm.,,,,,1595785830
p02364,bg_0469,user_bg_0469,1790268913,Great community turnout for the Sundarpur cultural festival rehearsals.,,,,#Sundarpur #Daily,1575089394
p02627,bg_0522,user_bg_0522,1790268938,Evening cricket practice match at Sundarpur town stadium was exciting.,,,,,1566413441
p00983,bg_0198,user_bg_0198,1790268945,@user_bg_0156 Agree with this point completely.,,p00784,,#Sundarpur #Daily,1628043550
p00645,bg_0128,user_bg_0128,1790268956,Power cut announced for northern suburbs of Sundarpur tomorrow 10am-12pm.,,,,,1563871233
p01503,bg_0298,user_bg_0298,1790268986,Sundarpur central library renovation is finally completing this month.,,,,,1611863824
p02885,bg_0574,user_bg_0574,1790268999,Power cut announced for northern suburbs of Sundarpur tomorrow 10am-12pm.,,,,,1596989199
p00346,bg_0066,user_bg_0066,1790269034,Monsoon drainage repairs starting near Sundarpur east bus terminus.,,,,#Sundarpur #Daily,1562823104
p00478,bg_0095,user_bg_0095,1790269085,Pleasant breezy weather across Sundarpur this afternoon.,,,,,1617511580
p00781,bg_0156,user_bg_0156,1790269107,Pleasant breezy weather across Sundarpur this afternoon.,,,,,1539504345
p00608,bg_0121,user_bg_0121,1790269149,Great community turnout for the Sundarpur cultural festival rehearsals.,p00555,,,,1720015791
p02906,bg_0578,user_bg_0578,1790269191,Great community turnout for the Sundarpur cultural festival rehearsals.,,,,,1556302249
p01490,bg_0295,user_bg_0295,1790269197,Morning tea at Station Road in Sundarpur hits different during winters.,,,,,1705325511
p01786,bg_0355,user_bg_0355,1790269227,Local municipal council announced park cleanup drive this Sunday.,,,,,1579668074
p02995,bg_0596,user_bg_0596,1790269263,Sundarpur central library renovation is finally completing this month.,,,,,1611660621
p02509,bg_0499,user_bg_0499,1790269329,Sundarpur central library renovation is finally completing this month.,,,,,1563687392
p00312,bg_0060,user_bg_0060,1790269331,Sundarpur central library renovation is finally completing this month.,,,,,1704599840
p02614,bg_0520,user_bg_0520,1790269363,Heavy traffic near Sundarpur Clock Tower due to market rush today.,p01883,,,,1587318036
p02391,bg_0475,user_bg_0475,1790269478,Local municipal council announced park cleanup drive this Sunday.,,,http://sundarpurnews.example/local,,1614186887
p01093,bg_0219,user_bg_0219,1790269538,Heavy traffic near Sundarpur Clock Tower due to market rush today.,,,,,1690313827
p02685,bg_0533,user_bg_0533,1790269597,Monsoon drainage repairs starting near Sundarpur east bus terminus.,,,,,1641199554
p02228,bg_0443,user_bg_0443,1790269638,Evening cricket practice match at Sundarpur town stadium was exciting.,,,,,1676734562
p03618,bg_0718,user_bg_0718,1790269670,Pleasant breezy weather across Sundarpur this afternoon.,,,,,1663999794
p03710,bg_0737,user_bg_0737,1790269695,Great community turnout for the Sundarpur cultural festival rehearsals.,,,,,1601929976
p01112,bg_0223,user_bg_0223,1790269737,Morning tea at Station Road in Sundarpur hits different during winters.,,,,,1578425986
p01858,bg_0370,user_bg_0370,1790269742,Pleasant breezy weather across Sundarpur this afternoon.,,,,,1594259491
p02882,bg_0574,user_bg_0574,1790269831,Power cut announced for northern suburbs of Sundarpur tomorrow 10am-12pm.,,,,,1596989199
p00252,bg_0048,user_bg_0048,1790269843,Monsoon drainage repairs starting near Sundarpur east bus terminus.,,,,,1647348669
p03716,bg_0738,user_bg_0738,1790270025,"Delicious street food near Gandhi circle, best kachori in Sundarpur!",,,,#Sundarpur #Daily,1586833970
p03657,bg_0726,user_bg_0726,1790270112,Pleasant breezy weather across Sundarpur this afternoon.,,,,,1747816026
p03029,bg_0603,user_bg_0603,1790270169,Morning tea at Station Road in Sundarpur hits different during winters.,,,,,1717970985
p01911,bg_0380,user_bg_0380,1790270213,"Delicious street food near Gandhi circle, best kachori in Sundarpur!",,,,#Sundarpur #Daily,1691050421
p03066,bg_0610,user_bg_0610,1790270260,Evening cricket practice match at Sundarpur town stadium was exciting.,,,,,1597775511
p03224,bg_0641,user_bg_0641,1790270271,Morning tea at Station Road in Sundarpur hits different during winters.,,,http://sundarpurnews.example/local,,1597739215
p02300,bg_0457,user_bg_0457,1790270446,"Delicious street food near Gandhi circle, best kachori in Sundarpur!",,,,,1616252483
p02649,bg_0526,user_bg_0526,1790270447,Power cut announced for northern suburbs of Sundarpur tomorrow 10am-12pm.,,,,,1676059441
p00882,bg_0176,user_bg_0176,1790270469,Pleasant breezy weather across Sundarpur this afternoon.,,,http://sundarpurnews.example/local,#Sundarpur #Daily,1542257717
p03540,bg_0703,user_bg_0703,1790270502,Power cut announced for northern suburbs of Sundarpur tomorrow 10am-12pm.,,,,,1633552235
p01748,bg_0348,user_bg_0348,1790270503,Morning tea at Station Road in Sundarpur hits different during winters.,,,,,1731811207
p01028,bg_0207,user_bg_0207,1790270521,Power cut announced for northern suburbs of Sundarpur tomorrow 10am-12pm.,,,,,1703943829
p03320,bg_0659,user_bg_0659,1790270554,Local municipal council announced park cleanup drive this Sunday.,,,,,1753097238
p00080,bg_0015,user_bg_0015,1790270557,Monsoon drainage repairs starting near Sundarpur east bus terminus.,,,,,1756378526
p02997,bg_0597,user_bg_0597,1790270578,Great community turnout for the Sundarpur cultural festival rehearsals.,,,,,1687600522
p00655,bg_0130,user_bg_0130,1790270651,Local municipal council announced park cleanup drive this Sunday.,,,,,1567316334
p00470,bg_0093,user_bg_0093,1790270667,Power cut announced for northern suburbs of Sundarpur tomorrow 10am-12pm.,,,,,1683765886
p00766,bg_0152,user_bg_0152,1790270716,Monsoon drainage repairs starting near Sundarpur east bus terminus.,,,,,1675453723
p03862,bg_0768,user_bg_0768,1790270723,Evening cricket practice match at Sundarpur town stadium was exciting.,,,,,1697945818
p00335,bg_0064,user_bg_0064,1790270781,Evening cricket practice match at Sundarpur town stadium was exciting.,,,,#Sundarpur #Daily,1547849348
p01841,bg_0367,user_bg_0367,1790270785,Morning tea at Station Road in Sundarpur hits different during winters.,,,,,1644588177
p04233,a_1010,alert_a_1010,1790270801,Critical warning! Water release from Sundarpur main dam planned tonight! Administration silent. Mass gathering at Collector office 7 PM sharp! #SundarpurAlert,,,,#SundarpurAlert,1789492409
p04239,a_1016,alert_a_1016,1790270801,Warning! Water release from Sundarpur main dam planned tonight! Administration silent. Mass gathering at Collector office 7 PM sharp. #SundarpurAlert,,,,#SundarpurAlert,1789578139
p04244,a_1021,alert_a_1021,1790270802,Critical warning!! Water release from Sundarpur main dam planned tonight!! Administration silent. Mass gathering at Collector office 7 PM sharp!! #SundarpurAlert,,,,#SundarpurAlert,1789422192
p04250,a_1027,alert_a_1027,1790270803,Critical warning!! Water release from Sundarpur main dam planned tonight!! Administration silent. Mass gathering at Collector office 7 PM sharp!! #SundarpurAlert,,,,#SundarpurAlert,1789760045
p04253,a_1030,alert_a_1030,1790270805,Critical warning!! Water release from Sundarpur main dam planned tonight!! Administration silent. Mass gathering at Collector office 7 PM sharp!! #SundarpurAlert,,,,#SundarpurAlert,1789353536
p04231,a_1008,alert_a_1008,1790270806,Warning! Water release from Sundarpur main dam planned tonight! Administration silent. Mass gathering at Collector office 7 PM sharp. #SundarpurAlert,,,,#SundarpurAlert,1789243440
p04257,a_1034,alert_a_1034,1790270808,Critical warning!! Water release from Sundarpur main dam planned tonight!! Administration silent. Mass gathering at Collector office 7 PM sharp!! #SundarpurAlert,,,,#SundarpurAlert,1789676615
p04227,a_1004,alert_a_1004,1790270810,Critical warning!! Water release from Sundarpur main dam planned tonight!! Administration silent. Mass gathering at Collector office 7 PM sharp!! #SundarpurAlert,,,,#SundarpurAlert,1789434408
p04248,a_1025,alert_a_1025,1790270810,Warning! Water release from Sundarpur main dam planned tonight! Administration silent. Mass gathering at Collector office 7 PM sharp. #SundarpurAlert,,,,#SundarpurAlert,1789935099
p04254,a_1031,alert_a_1031,1790270810,Critical warning!! Water release from Sundarpur main dam planned tonight!! Administration silent. Mass gathering at Collector office 7 PM sharp!! #SundarpurAlert,,,,#SundarpurAlert,1789264913
p04224,a_1001,alert_a_1001,1790270812,Warning! Water release from Sundarpur main dam planned tonight! Administration silent. Mass gathering at Collector office 7 PM sharp. #SundarpurAlert,,,,#SundarpurAlert,1789253407
p04229,a_1006,alert_a_1006,1790270812,Critical warning!! Water release from Sundarpur main dam planned tonight!! Administration silent. Mass gathering at Collector office 7 PM sharp!! #SundarpurAlert,,,,#SundarpurAlert,1789747763
p04246,a_1023,alert_a_1023,1790270812,Warning! Water release from Sundarpur main dam planned tonight! Administration silent. Mass gathering at Collector office 7 PM sharp. #SundarpurAlert,,,,#SundarpurAlert,1789961631
p04263,a_1040,alert_a_1040,1790270812,Critical warning! Water release from Sundarpur main dam planned tonight! Administration silent. Mass gathering at Collector office 7 PM sharp! #SundarpurAlert,,,,#SundarpurAlert,1789610263
p04230,a_1007,alert_a_1007,1790270813,Warning! Water release from Sundarpur main dam planned tonight! Administration silent. Mass gathering at Collector office 7 PM sharp. #SundarpurAlert,,,,#SundarpurAlert,1789229545
p04232,a_1009,alert_a_1009,1790270813,Critical warning!! Water release from Sundarpur main dam planned tonight!! Administration silent. Mass gathering at Collector office 7 PM sharp!! #SundarpurAlert,,,,#SundarpurAlert,1789446223
p04234,a_1011,alert_a_1011,1790270814,Critical warning!! Water release from Sundarpur main dam planned tonight!! Administration silent. Mass gathering at Collector office 7 PM sharp!! #SundarpurAlert,,,,#SundarpurAlert,1789532765
p04252,a_1029,alert_a_1029,1790270814,Critical warning! Water release from Sundarpur main dam planned tonight! Administration silent. Mass gathering at Collector office 7 PM sharp! #SundarpurAlert,,,,#SundarpurAlert,1789264532
p04256,a_1033,alert_a_1033,1790270815,Warning! Water release from Sundarpur main dam planned tonight! Administration silent. Mass gathering at Collector office 7 PM sharp. #SundarpurAlert,,,,#SundarpurAlert,1789520826
p04236,a_1013,alert_a_1013,1790270816,Critical warning! Water release from Sundarpur main dam planned tonight! Administration silent. Mass gathering at Collector office 7 PM sharp! #SundarpurAlert,,,,#SundarpurAlert,1789784291
p04226,a_1003,alert_a_1003,1790270817,Warning! Water release from Sundarpur main dam planned tonight! Administration silent. Mass gathering at Collector office 7 PM sharp. #SundarpurAlert,,,,#SundarpurAlert,1789347949
p04247,a_1024,alert_a_1024,1790270817,Critical warning!! Water release from Sundarpur main dam planned tonight!! Administration silent. Mass gathering at Collector office 7 PM sharp!! #SundarpurAlert,,,,#SundarpurAlert,1789437127
p04241,a_1018,alert_a_1018,1790270819,Critical warning!! Water release from Sundarpur main dam planned tonight!! Administration silent. Mass gathering at Collector office 7 PM sharp!! #SundarpurAlert,,,,#SundarpurAlert,1789844079
p04251,a_1028,alert_a_1028,1790270820,Warning! Water release from Sundarpur main dam planned tonight! Administration silent. Mass gathering at Collector office 7 PM sharp. #SundarpurAlert,,,,#SundarpurAlert,1789835701
p04261,a_1038,alert_a_1038,1790270820,Warning! Water release from Sundarpur main dam planned tonight! Administration silent. Mass gathering at Collector office 7 PM sharp. #SundarpurAlert,,,,#SundarpurAlert,1789609353
p04240,a_1017,alert_a_1017,1790270821,Warning! Water release from Sundarpur main dam planned tonight! Administration silent. Mass gathering at Collector office 7 PM sharp. #SundarpurAlert,,,,#SundarpurAlert,1789247306
p04245,a_1022,alert_a_1022,1790270821,Warning! Water release from Sundarpur main dam planned tonight! Administration silent. Mass gathering at Collector office 7 PM sharp. #SundarpurAlert,,,,#SundarpurAlert,1789694757
p04225,a_1002,alert_a_1002,1790270822,Critical warning! Water release from Sundarpur main dam planned tonight! Administration silent. Mass gathering at Collector office 7 PM sharp! #SundarpurAlert,,,,#SundarpurAlert,1789940824
p04228,a_1005,alert_a_1005,1790270822,Critical warning! Water release from Sundarpur main dam planned tonight! Administration silent. Mass gathering at Collector office 7 PM sharp! #SundarpurAlert,,,,#SundarpurAlert,1789576053
p04238,a_1015,alert_a_1015,1790270823,Warning! Water release from Sundarpur main dam planned tonight! Administration silent. Mass gathering at Collector office 7 PM sharp. #SundarpurAlert,,,,#SundarpurAlert,1789357555
p04258,a_1035,alert_a_1035,1790270823,Critical warning! Water release from Sundarpur main dam planned tonight! Administration silent. Mass gathering at Collector office 7 PM sharp! #SundarpurAlert,,,,#SundarpurAlert,1789849815
p04260,a_1037,alert_a_1037,1790270824,Critical warning!! Water release from Sundarpur main dam planned tonight!! Administration silent. Mass gathering at Collector office 7 PM sharp!! #SundarpurAlert,,,,#SundarpurAlert,1789427618
p04262,a_1039,alert_a_1039,1790270824,Critical warning!! Water release from Sundarpur main dam planned tonight!! Administration silent. Mass gathering at Collector office 7 PM sharp!! #SundarpurAlert,,,,#SundarpurAlert,1789409310
p04249,a_1026,alert_a_1026,1790270825,Warning! Water release from Sundarpur main dam planned tonight! Administration silent. Mass gathering at Collector office 7 PM sharp. #SundarpurAlert,,,,#SundarpurAlert,1789668975
p04237,a_1014,alert_a_1014,1790270826,Warning! Water release from Sundarpur main dam planned tonight! Administration silent. Mass gathering at Collector office 7 PM sharp. #SundarpurAlert,,,,#SundarpurAlert,1789834288
p04242,a_1019,alert_a_1019,1790270826,Critical warning! Water release from Sundarpur main dam planned tonight! Administration silent. Mass gathering at Collector office 7 PM sharp! #SundarpurAlert,,,,#SundarpurAlert,1789403053
p04235,a_1012,alert_a_1012,1790270827,Critical warning!! Water release from Sundarpur main dam planned tonight!! Administration silent. Mass gathering at Collector office 7 PM sharp!! #SundarpurAlert,,,,#SundarpurAlert,1789583179
p04259,a_1036,alert_a_1036,1790270827,Critical warning! Water release from Sundarpur main dam planned tonight! Administration silent. Mass gathering at Collector office 7 PM sharp! #SundarpurAlert,,,,#SundarpurAlert,1789931211
p04243,a_1020,alert_a_1020,1790270828,Critical warning! Water release from Sundarpur main dam planned tonight! Administration silent. Mass gathering at Collector office 7 PM sharp! #SundarpurAlert,,,,#SundarpurAlert,1789359451
p04255,a_1032,alert_a_1032,1790270828,Warning! Water release from Sundarpur main dam planned tonight! Administration silent. Mass gathering at Collector office 7 PM sharp. #SundarpurAlert,,,,#SundarpurAlert,1789401766
p01053,bg_0211,user_bg_0211,1790270863,Sundarpur central library renovation is finally completing this month.,,,,,1612966127
p00178,bg_0034,user_bg_0034,1790270888,Monsoon drainage repairs starting near Sundarpur east bus terminus.,,,,,1629543719
p00222,bg_0043,user_bg_0043,1790270889,Pleasant breezy weather across Sundarpur this afternoon.,,,,,1643872131
p02972,bg_0592,user_bg_0592,1790270963,Sundarpur central library renovation is finally completing this month.,,,,,1602656373
p02899,bg_0577,user_bg_0577,1790270982,Monsoon drainage repairs starting near Sundarpur east bus terminus.,,,,#Sundarpur #Daily,1674759586
p02280,bg_0453,user_bg_0453,1790270988,Heavy traffic near Sundarpur Clock Tower due to market rush today.,,,,,1649904393
p02592,bg_0515,user_bg_0515,1790271000,Pleasant breezy weather across Sundarpur this afternoon.,,,,,1664082736
p01320,bg_0263,user_bg_0263,1790271019,Local municipal council announced park cleanup drive this Sunday.,,,,,1688207313
p02243,bg_0446,user_bg_0446,1790271029,Heavy traffic near Sundarpur Clock Tower due to market rush today.,,,,,1665114727
p03872,bg_0770,user_bg_0770,1790271082,Power cut announced for northern suburbs of Sundarpur tomorrow 10am-12pm.,,,,,1727557240
p03745,bg_0744,user_bg_0744,1790271124,Monsoon drainage repairs starting near Sundarpur east bus terminus.,,,,#Sundarpur #Daily,1548802183
p00727,bg_0144,user_bg_0144,1790271242,Power cut announced for northern suburbs of Sundarpur tomorrow 10am-12pm.,,,,#Sundarpur #Daily,1737131504
p00756,bg_0150,user_bg_0150,1790271244,Heavy traffic near Sundarpur Clock Tower due to market rush today.,,,,,1692862581
p01810,bg_0361,user_bg_0361,1790271294,Local municipal council announced park cleanup drive this Sunday.,,,,,1604575886
p02807,bg_0559,user_bg_0559,1790271326,Monsoon drainage repairs starting near Sundarpur east bus terminus.,,,,,1558352400
p00730,bg_0144,user_bg_0144,1790271400,"Delicious street food near Gandhi circle, best kachori in Sundarpur!",,,,,1737131504
p01931,bg_0384,user_bg_0384,1790271465,Evening cricket practice match at Sundarpur town stadium was exciting.,,,http://sundarpurnews.example/local,,1584998743
p00710,bg_0141,user_bg_0141,1790271549,Evening cricket practice match at Sundarpur town stadium was exciting.,,,,#Sundarpur #Daily,1691510090
p03065,bg_0610,user_bg_0610,1790271553,Morning tea at Station Road in Sundarpur hits different during winters.,,,,,1597775511
p01646,bg_0327,user_bg_0327,1790271618,Heavy traffic near Sundarpur Clock Tower due to market rush today.,,,,,1609510665
p01486,bg_0295,user_bg_0295,1790271656,"Delicious street food near Gandhi circle, best kachori in Sundarpur!",,,,,1705325511
p03671,bg_0729,user_bg_0729,1790271671,@user_bg_0268 Agree with this point completely.,,p01343,,,1598117481
p01517,bg_0301,user_bg_0301,1790271683,Great community turnout for the Sundarpur cultural festival rehearsals.,,,,,1736599110
p03622,bg_0718,user_bg_0718,1790271689,Local municipal council announced park cleanup drive this Sunday.,,,,,1663999794
p01403,bg_0279,user_bg_0279,1790271757,Heavy traffic near Sundarpur Clock Tower due to market rush today.,,,,,1570757259
p03306,bg_0656,user_bg_0656,1790271893,Evening cricket practice match at Sundarpur town stadium was exciting.,,,,,1712036347
p03322,bg_0660,user_bg_0660,1790271947,Heavy traffic near Sundarpur Clock Tower due to market rush today.,,,,,1664780468
p03147,bg_0626,user_bg_0626,1790271952,"Delicious street food near Gandhi circle, best kachori in Sundarpur!",,,,,1621201059
p01837,bg_0366,user_bg_0366,1790271975,Heavy traffic near Sundarpur Clock Tower due to market rush today.,p00842,,,,1549032779
p03005,bg_0599,user_bg_0599,1790271979,Monsoon drainage repairs starting near Sundarpur east bus terminus.,,,,,1570836171
p01871,bg_0373,user_bg_0373,1790271988,Great community turnout for the Sundarpur cultural festival rehearsals.,,,,,1583773000
p01607,bg_0319,user_bg_0319,1790272010,Heavy traffic near Sundarpur Clock Tower due to market rush today.,,,,#Sundarpur #Daily,1749024603
p02324,bg_0462,user_bg_0462,1790272020,Sundarpur central library renovation is finally completing this month.,,,,#Sundarpur #Daily,1644635129
p02750,bg_0547,user_bg_0547,1790272042,Great community turnout for the Sundarpur cultural festival rehearsals.,,,,#Sundarpur #Daily,1734442771
p01768,bg_0352,user_bg_0352,1790272072,Local municipal council announced park cleanup drive this Sunday.,,,,,1744134308
p03584,bg_0711,user_bg_0711,1790272138,"Delicious street food near Gandhi circle, best kachori in Sundarpur!",,,,,1561832976
p01009,bg_0203,user_bg_0203,1790272171,Power cut announced for northern suburbs of Sundarpur tomorrow 10am-12pm.,,,,,1632055535
p00129,bg_0025,user_bg_0025,1790272176,Power cut announced for northern suburbs of Sundarpur tomorrow 10am-12pm.,,,,,1624694328
p00931,bg_0186,user_bg_0186,1790272177,Morning tea at Station Road in Sundarpur hits different during winters.,,,,,1665271844
p02943,bg_0586,user_bg_0586,1790272246,Heavy traffic near Sundarpur Clock Tower due to market rush today.,,,,,1633957505
p01210,bg_0242,user_bg_0242,1790272320,Power cut announced for northern suburbs of Sundarpur tomorrow 10am-12pm.,,,,#Sundarpur #Daily,1579191738
p02657,bg_0528,user_bg_0528,1790272377,"Delicious street food near Gandhi circle, best kachori in Sundarpur!",,,,,1591297168
p03825,bg_0760,user_bg_0760,1790272444,@user_bg_0046 Agree with this point completely.,,p00240,http://sundarpurnews.example/local,,1604296056
p01380,bg_0275,user_bg_0275,1790272459,Great community turnout for the Sundarpur cultural festival rehearsals.,,,,,1594277782
p01991,bg_0396,user_bg_0396,1790272504,Evening cricket practice match at Sundarpur town stadium was exciting.,,,,,1715947642
p03560,bg_0707,user_bg_0707,1790272555,Local municipal council announced park cleanup drive this Sunday.,,,,,1554161707
p01781,bg_0354,user_bg_0354,1790272593,Power cut announced for northern suburbs of Sundarpur tomorrow 10am-12pm.,,,,,1627544238
p01171,bg_0234,user_bg_0234,1790272617,Power cut announced for northern suburbs of Sundarpur tomorrow 10am-12pm.,,,http://sundarpurnews.example/local,,1691418186
p02607,bg_0518,user_bg_0518,1790272631,Heavy traffic near Sundarpur Clock Tower due to market rush today.,,,,,1585391476
p02389,bg_0475,user_bg_0475,1790272816,"Delicious street food near Gandhi circle, best kachori in Sundarpur!",,,,,1614186887
p00785,bg_0157,user_bg_0157,1790272825,Monsoon drainage repairs starting near Sundarpur east bus terminus.,,,http://sundarpurnews.example/local,,1610341363
p03867,bg_0769,user_bg_0769,1790272825,Heavy traffic near Sundarpur Clock Tower due to market rush today.,,,,,1595873828
p01860,bg_0370,user_bg_0370,1790272833,Power cut announced for northern suburbs of Sundarpur tomorrow 10am-12pm.,,,http://sundarpurnews.example/local,,1594259491
p00399,bg_0078,user_bg_0078,1790272853,Evening cricket practice match at Sundarpur town stadium was exciting.,,,,,1626346774
p03085,bg_0614,user_bg_0614,1790272867,Local municipal council announced park cleanup drive this Sunday.,,,http://sundarpurnews.example/local,,1675980997
p02014,bg_0401,user_bg_0401,1790272896,Heavy traffic near Sundarpur Clock Tower due to market rush today.,,,,,1550103165
p02033,bg_0406,user_bg_0406,1790272899,Evening cricket practice match at Sundarpur town stadium was exciting.,,,http://sundarpurnews.example/local,,1651642654
p01796,bg_0358,user_bg_0358,1790272901,Monsoon drainage repairs starting near Sundarpur east bus terminus.,,,,,1721336022
p03502,bg_0696,user_bg_0696,1790272941,Pleasant breezy weather across Sundarpur this afternoon.,,,,,1728462619
p00040,bg_0008,user_bg_0008,1790272992,Monsoon drainage repairs starting near Sundarpur east bus terminus.,,,,,1681306495
p00964,bg_0194,user_bg_0194,1790273014,Local municipal council announced park cleanup drive this Sunday.,,,,,1607391119
p02263,bg_0450,user_bg_0450,1790273025,Power cut announced for northern suburbs of Sundarpur tomorrow 10am-12pm.,,,,,1705934816
p00912,bg_0182,user_bg_0182,1790273048,Sundarpur central library renovation is finally completing this month.,,,,,1703689297
p00018,bg_0004,user_bg_0004,1790273087,Monsoon drainage repairs starting near Sundarpur east bus terminus.,,,,#Sundarpur #Daily,1722473882
p03191,bg_0634,user_bg_0634,1790273149,Great community turnout for the Sundarpur cultural festival rehearsals.,,,,,1601759887
p00819,bg_0163,user_bg_0163,1790273155,Heavy traffic near Sundarpur Clock Tower due to market rush today.,,,,#Sundarpur #Daily,1712378207
p03358,bg_0667,user_bg_0667,1790273181,Heavy traffic near Sundarpur Clock Tower due to market rush today.,,,,,1580389838
p03564,bg_0707,user_bg_0707,1790273195,Sundarpur central library renovation is finally completing this month.,,,,,1554161707
p01868,bg_0372,user_bg_0372,1790273216,Great community turnout for the Sundarpur cultural festival rehearsals.,,,,,1639634961
p03082,bg_0613,user_bg_0613,1790273226,Morning tea at Station Road in Sundarpur hits different during winters.,,,,,1627203801
p01298,bg_0259,user_bg_0259,1790273239,Great community turnout for the Sundarpur cultural festival rehearsals.,,,,#Sundarpur #Daily,1576296560
p01226,bg_0245,user_bg_0245,1790273332,Monsoon drainage repairs starting near Sundarpur east bus terminus.,,,,#Sundarpur #Daily,1562492683
p03945,bg_0784,user_bg_0784,1790273351,Evening cricket practice match at Sundarpur town stadium was exciting.,,,,,1668082656
p01115,bg_0224,user_bg_0224,1790273362,"Delicious street food near Gandhi circle, best kachori in Sundarpur!",,,,,1568913004
p02707,bg_0538,user_bg_0538,1790273610,Sundarpur central library renovation is finally completing this month.,,,http://sundarpurnews.example/local,,1704009007
p00545,bg_0108,user_bg_0108,1790273801,Heavy traffic near Sundarpur Clock Tower due to market rush today.,,,,,1576763195
p02206,bg_0439,user_bg_0439,1790273930,Sundarpur central library renovation is finally completing this month.,,,,,1703221950
p02452,bg_0488,user_bg_0488,1790273981,Morning tea at Station Road in Sundarpur hits different during winters.,,,,,1692316752
p01023,bg_0206,user_bg_0206,1790274064,"Delicious street food near Gandhi circle, best kachori in Sundarpur!",,,,#Sundarpur #Daily,1614915751
p01474,bg_0293,user_bg_0293,1790274067,Great community turnout for the Sundarpur cultural festival rehearsals.,,,,,1645577198
p00761,bg_0151,user_bg_0151,1790274130,Great community turnout for the Sundarpur cultural festival rehearsals.,,,,,1548056107
p01969,bg_0392,user_bg_0392,1790274140,Power cut announced for northern suburbs of Sundarpur tomorrow 10am-12pm.,,,,,1563901757
p02432,bg_0483,user_bg_0483,1790274141,Morning tea at Station Road in Sundarpur hits different during winters.,,,,,1644225594
p00971,bg_0195,user_bg_0195,1790274162,Evening cricket practice match at Sundarpur town stadium was exciting.,,,,,1755249063
p02448,bg_0487,user_bg_0487,1790274166,Evening cricket practice match at Sundarpur town stadium was exciting.,,,,,1612422304
p03637,bg_0722,user_bg_0722,1790274180,Morning tea at Station Road in Sundarpur hits different during winters.,,,,#Sundarpur #Daily,1694427576
p04023,bg_0800,user_bg_0800,1790274191,Power cut announced for northern suburbs of Sundarpur tomorrow 10am-12pm.,,,,,1745305856
p02921,bg_0582,user_bg_0582,1790274271,Monsoon drainage repairs starting near Sundarpur east bus terminus.,,,,,1755826977
p00488,bg_0097,user_bg_0097,1790274294,"Delicious street food near Gandhi circle, best kachori in Sundarpur!",,,,,1575581577
p02947,bg_0587,user_bg_0587,1790274299,Great community turnout for the Sundarpur cultural festival rehearsals.,p00464,,,,1691466181
p03178,bg_0632,user_bg_0632,1790274346,"Delicious street food near Gandhi circle, best kachori in Sundarpur!",,,,,1659680288
p00560,bg_0111,user_bg_0111,1790274386,Morning tea at Station Road in Sundarpur hits different during winters.,,,,,1711936447
p01542,bg_0306,user_bg_0306,1790274426,Power cut announced for northern suburbs of Sundarpur tomorrow 10am-12pm.,,,,,1634227139
p02805,bg_0559,user_bg_0559,1790274474,Great community turnout for the Sundarpur cultural festival rehearsals.,,,,,1558352400
p02005,bg_0399,user_bg_0399,1790274551,Sundarpur central library renovation is finally completing this month.,,,,#Sundarpur #Daily,1690894761
p00597,bg_0119,user_bg_0119,1790274555,"Delicious street food near Gandhi circle, best kachori in Sundarpur!",,,,,1723792744
p02892,bg_0576,user_bg_0576,1790274557,Local municipal council announced park cleanup drive this Sunday.,,,,,1587632379
p02369,bg_0470,user_bg_0470,1790274590,"Delicious street food near Gandhi circle, best kachori in Sundarpur!",,,,#Sundarpur #Daily,1602170058
p01002,bg_0201,user_bg_0201,1790274605,Great community turnout for the Sundarpur cultural festival rehearsals.,p00122,,http://sundarpurnews.example/local,,1743870004
p02155,bg_0429,user_bg_0429,1790274611,Heavy traffic near Sundarpur Clock Tower due to market rush today.,,,,,1599254028
p03505,bg_0696,user_bg_0696,1790274614,Morning tea at Station Road in Sundarpur hits different during winters.,,,,,1728462619
p00502,bg_0100,user_bg_0100,1790274701,Heavy traffic near Sundarpur Clock Tower due to market rush today.,,,,,1639029157
p00989,bg_0199,user_bg_0199,1790274707,Sundarpur central library renovation is finally completing this month.,,,,#Sundarpur #Daily,1563100210
p01720,bg_0342,user_bg_0342,1790274722,Local municipal council announced park cleanup drive this Sunday.,,,,,1543742212
p02606,bg_0518,user_bg_0518,1790274734,Morning tea at Station Road in Sundarpur hits different during winters.,,,,,1585391476
p03648,bg_0724,user_bg_0724,1790274899,Monsoon drainage repairs starting near Sundarpur east bus terminus.,,,,,1616830720
p03243,bg_0644,user_bg_0644,1790274917,Pleasant breezy weather across Sundarpur this afternoon.,,,,,1740762913
p00940,bg_0188,user_bg_0188,1790274935,Local municipal council announced park cleanup drive this Sunday.,,,,,1740644897
p03588,bg_0712,user_bg_0712,1790274943,Evening cricket practice match at Sundarpur town stadium was exciting.,,,,,1718032512
p03767,bg_0748,user_bg_0748,1790275017,"Delicious street food near Gandhi circle, best kachori in Sundarpur!",,,,#Sundarpur #Daily,1739251407
p02974,bg_0592,user_bg_0592,1790275086,Pleasant breezy weather across Sundarpur this afternoon.,,,,,1602656373
p00037,bg_0008,user_bg_0008,1790275102,Great community turnout for the Sundarpur cultural festival rehearsals.,,,,,1681306495
p00753,bg_0150,user_bg_0150,1790275299,Morning tea at Station Road in Sundarpur hits different during winters.,,,,,1692862581
p03758,bg_0746,user_bg_0746,1790275307,Monsoon drainage repairs starting near Sundarpur east bus terminus.,,,,,1742562503
p03047,bg_0606,user_bg_0606,1790275339,Morning tea at Station Road in Sundarpur hits different during winters.,,,,,1561487142
p01611,bg_0319,user_bg_0319,1790275345,Great community turnout for the Sundarpur cultural festival rehearsals.,,,,,1749024603
p01912,bg_0380,user_bg_0380,1790275346,@user_bg_0026 Agree with this point completely.,,p00138,,,1691050421
p01988,bg_0396,user_bg_0396,1790275355,Morning tea at Station Road in Sundarpur hits different during winters.,,,,,1715947642
p02171,bg_0432,user_bg_0432,1790275396,Heavy traffic near Sundarpur Clock Tower due to market rush today.,,,,,1557459799
p00398,bg_0077,user_bg_0077,1790275397,Local municipal council announced park cleanup drive this Sunday.,,,,,1688294432
p02101,bg_0418,user_bg_0418,1790275480,Evening cricket practice match at Sundarpur town stadium was exciting.,,,,,1735587721
p00513,bg_0102,user_bg_0102,1790275493,Local municipal council announced park cleanup drive this Sunday.,,,,,1677292328
p00755,bg_0150,user_bg_0150,1790275520,Pleasant breezy weather across Sundarpur this afternoon.,,,,#Sundarpur #Daily,1692862581
p02605,bg_0518,user_bg_0518,1790275527,Great community turnout for the Sundarpur cultural festival rehearsals.,,,,,1585391476
p02006,bg_0400,user_bg_0400,1790275536,Pleasant breezy weather across Sundarpur this afternoon.,,,,,1587309041
p03187,bg_0633,user_bg_0633,1790275549,Monsoon drainage repairs starting near Sundarpur east bus terminus.,,,,,1627563677
p01257,bg_0251,user_bg_0251,1790275595,Morning tea at Station Road in Sundarpur hits different during winters.,,,,,1651160006
p02031,bg_0405,user_bg_0405,1790275619,Heavy traffic near Sundarpur Clock Tower due to market rush today.,,,http://sundarpurnews.example/local,,1630928319
p02348,bg_0466,user_bg_0466,1790275659,Evening cricket practice match at Sundarpur town stadium was exciting.,,,,,1751381725
p04014,bg_0799,user_bg_0799,1790275667,Great community turnout for the Sundarpur cultural festival rehearsals.,,,,#Sundarpur #Daily,1595280833
p00061,bg_0012,user_bg_0012,1790275723,Evening cricket practice match at Sundarpur town stadium was exciting.,,,,,1565814187
p00286,bg_0055,user_bg_0055,1790275724,Great community turnout for the Sundarpur cultural festival rehearsals.,,,,,1552160350
p01773,bg_0353,user_bg_0353,1790275792,Power cut announced for northern suburbs of Sundarpur tomorrow 10am-12pm.,,,http://sundarpurnews.example/local,,1570135348
p00589,bg_0117,user_bg_0117,1790275830,"Delicious street food near Gandhi circle, best kachori in Sundarpur!",,,,,1608840283
p02258,bg_0449,user_bg_0449,1790275940,Great community turnout for the Sundarpur cultural festival rehearsals.,,,,,1565961466
p02180,bg_0434,user_bg_0434,1790275947,Pleasant breezy weather across Sundarpur this afternoon.,,,,,1723552835
p00228,bg_0044,user_bg_0044,1790275999,Monsoon drainage repairs starting near Sundarpur east bus terminus.,,,,,1677565007
p01849,bg_0368,user_bg_0368,1790276029,"Delicious street food near Gandhi circle, best kachori in Sundarpur!",,,,,1728054959
p02202,bg_0438,user_bg_0438,1790276071,@user_bg_0297 Agree with this point completely.,,p01497,http://sundarpurnews.example/local,,1563349838
p02590,bg_0515,user_bg_0515,1790276224,Local municipal council announced park cleanup drive this Sunday.,,,,,1664082736
p00317,bg_0061,user_bg_0061,1790276251,Evening cricket practice match at Sundarpur town stadium was exciting.,,,,,1702067333
p03961,bg_0787,user_bg_0787,1790276253,Local municipal council announced park cleanup drive this Sunday.,,,,,1732016018
p02760,bg_0549,user_bg_0549,1790276383,Monsoon drainage repairs starting near Sundarpur east bus terminus.,,,,,1726692881
p00436,bg_0085,user_bg_0085,1790276390,Great community turnout for the Sundarpur cultural festival rehearsals.,,,,,1673487964
p01873,bg_0373,user_bg_0373,1790276402,Power cut announced for northern suburbs of Sundarpur tomorrow 10am-12pm.,,,,,1583773000
p03541,bg_0703,user_bg_0703,1790276519,Local municipal council announced park cleanup drive this Sunday.,,,,,1633552235
p01371,bg_0273,user_bg_0273,1790276543,Evening cricket practice match at Sundarpur town stadium was exciting.,,,,#Sundarpur #Daily,1608210283
p03022,bg_0601,user_bg_0601,1790276575,Heavy traffic near Sundarpur Clock Tower due to market rush today.,,,,,1667774356
p00587,bg_0117,user_bg_0117,1790276578,"Delicious street food near Gandhi circle, best kachori in Sundarpur!",,,,,1608840283
p00790,bg_0158,user_bg_0158,1790276596,"Delicious street food near Gandhi circle, best kachori in Sundarpur!",,,,,1552182085
p01680,bg_0334,user_bg_0334,1790276773,"Delicious street food near Gandhi circle, best kachori in Sundarpur!",,,,#Sundarpur #Daily,1671193330
p01216,bg_0243,user_bg_0243,1790276774,Sundarpur central library renovation is finally completing this month.,,,,#Sundarpur #Daily,1614185953
p02096,bg_0417,user_bg_0417,1790276781,"Delicious street food near Gandhi circle, best kachori in Sundarpur!",p01520,,,,1589620553
p03240,bg_0644,user_bg_0644,1790276813,Power cut announced for northern suburbs of Sundarpur tomorrow 10am-12pm.,,,,,1740762913
p00801,bg_0160,user_bg_0160,1790276929,Heavy traffic near Sundarpur Clock Tower due to market rush today.,p00046,,,#Sundarpur #Daily,1666355572
p03456,bg_0686,user_bg_0686,1790276940,Great community turnout for the Sundarpur cultural festival rehearsals.,,,,,1563540983
p03836,bg_0763,user_bg_0763,1790276992,Morning tea at Station Road in Sundarpur hits different during winters.,,,,,1606787956
p03701,bg_0735,user_bg_0735,1790277027,Heavy traffic near Sundarpur Clock Tower due to market rush today.,,,,,1540018522
p00493,bg_0098,user_bg_0098,1790277030,@user_bg_0014 Agree with this point completely.,,p00075,http://sundarpurnews.example/local,,1715868493
p01253,bg_0250,user_bg_0250,1790277122,"Delicious street food near Gandhi circle, best kachori in Sundarpur!",,,,,1564722453
p01756,bg_0350,user_bg_0350,1790277150,"Delicious street food near Gandhi circle, best kachori in Sundarpur!",,,,,1651978697
p03991,bg_0794,user_bg_0794,1790277195,Local municipal council announced park cleanup drive this Sunday.,,,,,1592773961
p01495,bg_0296,user_bg_0296,1790277236,Sundarpur central library renovation is finally completing this month.,,,,#Sundarpur #Daily,1623148828
p02046,bg_0408,user_bg_0408,1790277247,Great community turnout for the Sundarpur cultural festival rehearsals.,,,http://sundarpurnews.example/local,,1661582765
p02934,bg_0584,user_bg_0584,1790277254,Evening cricket practice match at Sundarpur town stadium was exciting.,,,,#Sundarpur #Daily,1582903912
p00799,bg_0159,user_bg_0159,1790277265,"Delicious street food near Gandhi circle, best kachori in Sundarpur!",,,,,1573663067
p00736,bg_0146,user_bg_0146,1790277312,Pleasant breezy weather across Sundarpur this afternoon.,,,,,1551997693
p02564,bg_0509,user_bg_0509,1790277346,Local municipal council announced park cleanup drive this Sunday.,,,,,1563618158
p02887,bg_0575,user_bg_0575,1790277358,Monsoon drainage repairs starting near Sundarpur east bus terminus.,,,,,1688238422
p00105,bg_0020,user_bg_0020,1790277424,Great community turnout for the Sundarpur cultural festival rehearsals.,,,,,1624178276
p02819,bg_0561,user_bg_0561,1790277487,@user_bg_0151 Agree with this point completely.,,p00758,http://sundarpurnews.example/local,,1730776687
p01635,bg_0325,user_bg_0325,1790277567,Sundarpur central library renovation is finally completing this month.,,,,,1643045036
p00463,bg_0092,user_bg_0092,1790277577,Great community turnout for the Sundarpur cultural festival rehearsals.,,,,,1544041861
p01792,bg_0357,user_bg_0357,1790277640,Evening cricket practice match at Sundarpur town stadium was exciting.,,,,,1610060251
p02512,bg_0499,user_bg_0499,1790277671,Local municipal council announced park cleanup drive this Sunday.,,,,,1563687392
p00977,bg_0196,user_bg_0196,1790277704,Local municipal council announced park cleanup drive this Sunday.,p00605,,http://sundarpurnews.example/local,,1732012336
p00110,bg_0021,user_bg_0021,1790277750,Evening cricket practice match at Sundarpur town stadium was exciting.,,,,,1631641082
p01301,bg_0259,user_bg_0259,1790277750,Power cut announced for northern suburbs of Sundarpur tomorrow 10am-12pm.,,,,,1576296560
p00141,bg_0027,user_bg_0027,1790277758,Power cut announced for northern suburbs of Sundarpur tomorrow 10am-12pm.,,,,,1539800200
p02791,bg_0556,user_bg_0556,1790277841,Pleasant breezy weather across Sundarpur this afternoon.,,,http://sundarpurnews.example/local,,1626036450
p00350,bg_0067,user_bg_0067,1790277965,Local municipal council announced park cleanup drive this Sunday.,,,,,1718152781
p03549,bg_0705,user_bg_0705,1790278109,Heavy traffic near Sundarpur Clock Tower due to market rush today.,,,,,1546187353
p01751,bg_0349,user_bg_0349,1790278125,Pleasant breezy weather across Sundarpur this afternoon.,,,,,1672735756
p00776,bg_0155,user_bg_0155,1790278163,Evening cricket practice match at Sundarpur town stadium was exciting.,,,,,1548225209
p01696,bg_0337,user_bg_0337,1790278218,Sundarpur central library renovation is finally completing this month.,,,,,1713997270
p02296,bg_0456,user_bg_0456,1790278238,Great community turnout for the Sundarpur cultural festival rehearsals.,,,,,1592842257
p00241,bg_0046,user_bg_0046,1790278337,Local municipal council announced park cleanup drive this Sunday.,,,,,1663918275
p01494,bg_0296,user_bg_0296,1790278441,Great community turnout for the Sundarpur cultural festival rehearsals.,p00919,,,,1623148828
p00193,bg_0037,user_bg_0037,1790278453,Morning tea at Station Road in Sundarpur hits different during winters.,,,,,1733455040
p02151,bg_0428,user_bg_0428,1790278516,Morning tea at Station Road in Sundarpur hits different during winters.,,,,#Sundarpur #Daily,1573757856
p01007,bg_0203,user_bg_0203,1790278631,Sundarpur central library renovation is finally completing this month.,,,,,1632055535
p03884,bg_0772,user_bg_0772,1790278677,Evening cricket practice match at Sundarpur town stadium was exciting.,,,,,1604543584
p03749,bg_0745,user_bg_0745,1790278696,Sundarpur central library renovation is finally completing this month.,,,,,1572193225
p02793,bg_0556,user_bg_0556,1790278750,Morning tea at Station Road in Sundarpur hits different during winters.,,,,,1626036450
p00728,bg_0144,user_bg_0144,1790278783,"Delicious street food near Gandhi circle, best kachori in Sundarpur!",,,,,1737131504
p01730,bg_0344,user_bg_0344,1790278821,Great community turnout for the Sundarpur cultural festival rehearsals.,,,,,1720491049
p02063,bg_0411,user_bg_0411,1790278829,Local municipal council announced park cleanup drive this Sunday.,,,,,1584953446
p02409,bg_0479,user_bg_0479,1790278841,"Delicious street food near Gandhi circle, best kachori in Sundarpur!",,,,,1656704488
p01175,bg_0235,user_bg_0235,1790278844,Evening cricket practice match at Sundarpur town stadium was exciting.,,,,,1743022754
p02275,bg_0452,user_bg_0452,1790278876,Evening cricket practice match at Sundarpur town stadium was exciting.,,,,,1737544147
p00571,bg_0113,user_bg_0113,1790278888,Evening cricket practice match at Sundarpur town stadium was exciting.,,,,,1672697993
p02827,bg_0563,user_bg_0563,1790278907,Power cut announced for northern suburbs of Sundarpur tomorrow 10am-12pm.,,,http://sundarpurnews.example/local,#Sundarpur #Daily,1673478830
p02343,bg_0465,user_bg_0465,1790278919,Sundarpur central library renovation is finally completing this month.,,,,,1555122555
p00911,bg_0182,user_bg_0182,1790278988,Heavy traffic near Sundarpur Clock Tower due to market rush today.,,,,,1703689297
p03962,bg_0788,user_bg_0788,1790279042,Sundarpur central library renovation is finally completing this month.,,,,,1583877611
p02208,bg_0439,user_bg_0439,1790279083,@user_bg_0435 Agree with this point completely.,,p02184,,,1703221950
p02209,bg_0439,user_bg_0439,1790279164,Pleasant breezy weather across Sundarpur this afternoon.,,,,,1703221950
p01726,bg_0343,user_bg_0343,1790279168,Power cut announced for northern suburbs of Sundarpur tomorrow 10am-12pm.,,,,,1700756768
p03673,bg_0729,user_bg_0729,1790279180,Power cut announced for northern suburbs of Sundarpur tomorrow 10am-12pm.,,,,#Sundarpur #Daily,1598117481
p00433,bg_0085,user_bg_0085,1790279207,Sundarpur central library renovation is finally completing this month.,p00003,,,,1673487964
p01049,bg_0210,user_bg_0210,1790279215,Power cut announced for northern suburbs of Sundarpur tomorrow 10am-12pm.,,,,#Sundarpur #Daily,1695229940
p03645,bg_0723,user_bg_0723,1790279274,Sundarpur central library renovation is finally completing this month.,,,,,1558328559
p00568,bg_0113,user_bg_0113,1790279311,Monsoon drainage repairs starting near Sundarpur east bus terminus.,,,http://sundarpurnews.example/local,,1672697993
p00686,bg_0136,user_bg_0136,1790279371,Evening cricket practice match at Sundarpur town stadium was exciting.,,,,,1624511482
p01482,bg_0294,user_bg_0294,1790279377,Monsoon drainage repairs starting near Sundarpur east bus terminus.,,,,,1730110136
p03644,bg_0723,user_bg_0723,1790279530,Great community turnout for the Sundarpur cultural festival rehearsals.,,,,,1558328559
p01351,bg_0269,user_bg_0269,1790279538,Sundarpur central library renovation is finally completing this month.,,,http://sundarpurnews.example/local,,1622847999
p02359,bg_0468,user_bg_0468,1790279540,Great community turnout for the Sundarpur cultural festival rehearsals.,,,,,1696716869
p03792,bg_0754,user_bg_0754,1790279552,@user_bg_0600 Agree with this point completely.,,p03013,,,1606303828
p01492,bg_0296,user_bg_0296,1790279567,Heavy traffic near Sundarpur Clock Tower due to market rush today.,,,,,1623148828
p01539,bg_0305,user_bg_0305,1790279583,Monsoon drainage repairs starting near Sundarpur east bus terminus.,,,,,1589865572
p02741,bg_0545,user_bg_0545,1790279588,Local municipal council announced park cleanup drive this Sunday.,,,,,1586047712
p00862,bg_0172,user_bg_0172,1790279597,Sundarpur central library renovation is finally completing this month.,,,,,1734357618
p02936,bg_0584,user_bg_0584,1790279644,Great community turnout for the Sundarpur cultural festival rehearsals.,,,,,1582903912
p02762,bg_0550,user_bg_0550,1790279682,Great community turnout for the Sundarpur cultural festival rehearsals.,,,,,1723867866
p01254,bg_0250,user_bg_0250,1790279707,Great community turnout for the Sundarpur cultural festival rehearsals.,,,,,1564722453
p03948,bg_0785,user_bg_0785,1790279734,"Delicious street food near Gandhi circle, best kachori in Sundarpur!",,,,#Sundarpur #Daily,1697338957
p03968,bg_0789,user_bg_0789,1790279797,Pleasant breezy weather across Sundarpur this afternoon.,,,,,1559182352
p01070,bg_0214,user_bg_0214,1790279845,Local municipal council announced park cleanup drive this Sunday.,,,,,1745014494
p00812,bg_0162,user_bg_0162,1790279849,Heavy traffic near Sundarpur Clock Tower due to market rush today.,,,,,1664739076
p00962,bg_0193,user_bg_0193,1790279891,"Delicious street food near Gandhi circle, best kachori in Sundarpur!",,,http://sundarpurnews.example/local,,1602378709
p03574,bg_0709,user_bg_0709,1790279949,Evening cricket practice match at Sundarpur town stadium was exciting.,,,,,1587993392
p00690,bg_0137,user_bg_0137,1790279958,Great community turnout for the Sundarpur cultural festival rehearsals.,,,,,1620485160
p00022,bg_0005,user_bg_0005,1790279987,Sundarpur central library renovation is finally completing this month.,,,,,1727922997
p01236,bg_0247,user_bg_0247,1790280008,@user_bg_0036 Agree with this point completely.,,p00184,,#Sundarpur #Daily,1624534010
p02898,bg_0577,user_bg_0577,1790280032,Heavy traffic near Sundarpur Clock Tower due to market rush today.,,,,,1674759586
p03206,bg_0637,user_bg_0637,1790280062,Great community turnout for the Sundarpur cultural festival rehearsals.,,,,,1566016518
p03614,bg_0717,user_bg_0717,1790280083,Sundarpur central library renovation is finally completing this month.,,,,#Sundarpur #Daily,1543208623
p02677,bg_0531,user_bg_0531,1790280140,Power cut announced for northern suburbs of Sundarpur tomorrow 10am-12pm.,,,,,1745574147
p03799,bg_0756,user_bg_0756,1790280183,Pleasant breezy weather across Sundarpur this afternoon.,,,,#Sundarpur #Daily,1570195761
p02681,bg_0532,user_bg_0532,1790280197,Sundarpur central library renovation is finally completing this month.,,,,,1580956556
p02044,bg_0407,user_bg_0407,1790280243,Heavy traffic near Sundarpur Clock Tower due to market rush today.,,,,,1569663791
p03175,bg_0631,user_bg_0631,1790280268,Local municipal council announced park cleanup drive this Sunday.,,,,,1540843092
p03536,bg_0702,user_bg_0702,1790280452,Power cut announced for northern suburbs of Sundarpur tomorrow 10am-12pm.,,,,#Sundarpur #Daily,1715457845
p01581,bg_0314,user_bg_0314,1790280564,Sundarpur central library renovation is finally completing this month.,,,,,1615547232
p01830,bg_0365,user_bg_0365,1790280566,@user_bg_0326 Agree with this point completely.,,p01643,,,1594155491
p01459,bg_0290,user_bg_0290,1790280618,Monsoon drainage repairs starting near Sundarpur east bus terminus.,,,,,1603007755
p00143,bg_0027,user_bg_0027,1790280682,Pleasant breezy weather across Sundarpur this afternoon.,,,,,1539800200
p02748,bg_0546,user_bg_0546,1790280742,Sundarpur central library renovation is finally completing this month.,p01135,,,,1745984131
p02317,bg_0460,user_bg_0460,1790280755,Local municipal council announced park cleanup drive this Sunday.,,,,,1730256785
p00789,bg_0157,user_bg_0157,1790280762,Local municipal council announced park cleanup drive this Sunday.,,,,,1610341363
p01008,bg_0203,user_bg_0203,1790280804,Morning tea at Station Road in Sundarpur hits different during winters.,,,http://sundarpurnews.example/local,,1632055535
p03081,bg_0613,user_bg_0613,1790280902,Monsoon drainage repairs starting near Sundarpur east bus terminus.,,,,,1627203801
p01458,bg_0290,user_bg_0290,1790280905,Pleasant breezy weather across Sundarpur this afternoon.,,,,,1603007755
p01710,bg_0340,user_bg_0340,1790280917,Morning tea at Station Road in Sundarpur hits different during winters.,,,,,1668018751
p00515,bg_0102,user_bg_0102,1790281026,@user_bg_0013 Agree with this point completely.,,p00068,,,1677292328
p01435,bg_0286,user_bg_0286,1790281110,Power cut announced for northern suburbs of Sundarpur tomorrow 10am-12pm.,,,,,1671250779
p03244,bg_0644,user_bg_0644,1790281143,Heavy traffic near Sundarpur Clock Tower due to market rush today.,,,,,1740762913
p00540,bg_0107,user_bg_0107,1790281195,Sundarpur central library renovation is finally completing this month.,,,,#Sundarpur #Daily,1641714087
p02153,bg_0428,user_bg_0428,1790281245,Power cut announced for northern suburbs of Sundarpur tomorrow 10am-12pm.,,,,#Sundarpur #Daily,1573757856
p03166,bg_0629,user_bg_0629,1790281268,Evening cricket practice match at Sundarpur town stadium was exciting.,,,,,1704053579
p02960,bg_0590,user_bg_0590,1790281273,Power cut announced for northern suburbs of Sundarpur tomorrow 10am-12pm.,,,,#Sundarpur #Daily,1724385442
p02496,bg_0496,user_bg_0496,1790281300,Heavy traffic near Sundarpur Clock Tower due to market rush today.,,,,,1748491378
p02768,bg_0551,user_bg_0551,1790281302,Sundarpur central library renovation is finally completing this month.,,,,#Sundarpur #Daily,1723151753
p02478,bg_0493,user_bg_0493,1790281351,Pleasant breezy weather across Sundarpur this afternoon.,,,,,1564307572
p00640,bg_0127,user_bg_0127,1790281371,Pleasant breezy weather across Sundarpur this afternoon.,,,,,1732050882
p02904,bg_0578,user_bg_0578,1790281389,Sundarpur central library renovation is finally completing this month.,,,,,1556302249
p03514,bg_0698,user_bg_0698,1790281447,Sundarpur central library renovation is finally completing this month.,,,,,1626774654
p00943,bg_0189,user_bg_0189,1790281461,Heavy traffic near Sundarpur Clock Tower due to market rush today.,,,,,1608822665
p03031,bg_0603,user_bg_0603,1790281463,Local municipal council announced park cleanup drive this Sunday.,,,,#Sundarpur #Daily,1717970985
p01188,bg_0238,user_bg_0238,1790281540,Great community turnout for the Sundarpur cultural festival rehearsals.,,,,,1629838131
p02165,bg_0431,user_bg_0431,1790281577,Local municipal council announced park cleanup drive this Sunday.,,,,,1606925626
p02993,bg_0596,user_bg_0596,1790281600,Sundarpur central library renovation is finally completing this month.,,,,,1611660621
p01862,bg_0371,user_bg_0371,1790281673,Morning tea at Station Road in Sundarpur hits different during winters.,,,,#Sundarpur #Daily,1542740074
p03183,bg_0632,user_bg_0632,1790281674,Evening cricket practice match at Sundarpur town stadium was exciting.,,,,#Sundarpur #Daily,1659680288
p01029,bg_0207,user_bg_0207,1790281696,Monsoon drainage repairs starting near Sundarpur east bus terminus.,p00065,,,#Sundarpur #Daily,1703943829
p00639,bg_0127,user_bg_0127,1790281710,"Delicious street food near Gandhi circle, best kachori in Sundarpur!",,,,,1732050882
p01423,bg_0283,user_bg_0283,1790281732,Sundarpur central library renovation is finally completing this month.,,,,,1564780846
p01963,bg_0391,user_bg_0391,1790281824,@user_bg_0060 Agree with this point completely.,,p00313,,,1637008571
p02223,bg_0442,user_bg_0442,1790281887,Great community turnout for the Sundarpur cultural festival rehearsals.,,,http://sundarpurnews.example/local,,1655619478
p02962,bg_0590,user_bg_0590,1790281911,Local municipal council announced park cleanup drive this Sunday.,,,,,1724385442
p03601,bg_0714,user_bg_0714,1790281914,"Delicious street food near Gandhi circle, best kachori in Sundarpur!",,,,,1606872726
p03498,bg_0695,user_bg_0695,1790281983,Sundarpur central library renovation is finally completing this month.,,,,,1734942357
p02557,bg_0508,user_bg_0508,1790282006,@user_bg_0130 Agree with this point completely.,,p00657,,,1672436671
p04010,bg_0798,user_bg_0798,1790282142,Power cut announced for northern suburbs of Sundarpur tomorrow 10am-12pm.,,,,,1732465485
p02674,bg_0531,user_bg_0531,1790282165,Monsoon drainage repairs starting near Sundarpur east bus terminus.,,,http://sundarpurnews.example/local,,1745574147
p00047,bg_0009,user_bg_0009,1790282352,Power cut announced for northern suburbs of Sundarpur tomorrow 10am-12pm.,,,,,1579921307
p03297,bg_0655,user_bg_0655,1790282352,Power cut announced for northern suburbs of Sundarpur tomorrow 10am-12pm.,,,,,1719727379
p00253,bg_0048,user_bg_0048,1790282372,Local municipal council announced park cleanup drive this Sunday.,,,,,1647348669
p01313,bg_0262,user_bg_0262,1790282377,@user_bg_0122 Agree with this point completely.,,p00614,,,1648819044
p00543,bg_0108,user_bg_0108,1790282467,Monsoon drainage repairs starting near Sundarpur east bus terminus.,,,,,1576763195
p01834,bg_0366,user_bg_0366,1790282513,Sundarpur central library renovation is finally completing this month.,,,,,1549032779
p01668,bg_0331,user_bg_0331,1790282520,Heavy traffic near Sundarpur Clock Tower due to market rush today.,,,http://sundarpurnews.example/local,,1679374015
p02924,bg_0582,user_bg_0582,1790282598,Evening cricket practice match at Sundarpur town stadium was exciting.,,,,,1755826977
p03591,bg_0712,user_bg_0712,1790282701,Pleasant breezy weather across Sundarpur this afternoon.,,,,,1718032512
p01464,bg_0291,user_bg_0291,1790282718,Pleasant breezy weather across Sundarpur this afternoon.,,,,#Sundarpur #Daily,1657546735
p02894,bg_0576,user_bg_0576,1790282917,"Delicious street food near Gandhi circle, best kachori in Sundarpur!",,,,,1587632379
p03278,bg_0651,user_bg_0651,1790282984,Local municipal council announced park cleanup drive this Sunday.,,,,,1547701971
p00525,bg_0104,user_bg_0104,1790283058,"Delicious street food near Gandhi circle, best kachori in Sundarpur!",,,,,1733630719
p02396,bg_0476,user_bg_0476,1790283108,Sundarpur central library renovation is finally completing this month.,,,,,1645001710
p02516,bg_0500,user_bg_0500,1790283109,Local municipal council announced park cleanup drive this Sunday.,,,,,1563220676
p03865,bg_0769,user_bg_0769,1790283132,Heavy traffic near Sundarpur Clock Tower due to market rush today.,,,,,1595873828
p00254,bg_0049,user_bg_0049,1790283223,Sundarpur central library renovation is finally completing this month.,,,,,1582054256
p02297,bg_0456,user_bg_0456,1790283230,Sundarpur central library renovation is finally completing this month.,,,,,1592842257
p00757,bg_0150,user_bg_0150,1790283237,Pleasant breezy weather across Sundarpur this afternoon.,,,,#Sundarpur #Daily,1692862581
p01532,bg_0304,user_bg_0304,1790283282,Great community turnout for the Sundarpur cultural festival rehearsals.,,,,,1554922657
p00500,bg_0100,user_bg_0100,1790283291,Great community turnout for the Sundarpur cultural festival rehearsals.,,,,,1639029157
p03117,bg_0620,user_bg_0620,1790283293,Morning tea at Station Road in Sundarpur hits different during winters.,,,,,1614158492
p03843,bg_0764,user_bg_0764,1790283400,Morning tea at Station Road in Sundarpur hits different during winters.,,,,,1615609504
p03730,bg_0741,user_bg_0741,1790283434,Heavy traffic near Sundarpur Clock Tower due to market rush today.,,,http://sundarpurnews.example/local,,1577351718
p03251,bg_0646,user_bg_0646,1790283435,"Delicious street food near Gandhi circle, best kachori in Sundarpur!",,,,,1558874096
p03282,bg_0652,user_bg_0652,1790283523,Morning tea at Station Road in Sundarpur hits different during winters.,p01585,,,#Sundarpur #Daily,1660558964
p02709,bg_0538,user_bg_0538,1790283540,Sundarpur central library renovation is finally completing this month.,p00865,,,,1704009007
p00869,bg_0174,user_bg_0174,1790283553,Morning tea at Station Road in Sundarpur hits different during winters.,,,,#Sundarpur #Daily,1702847033
p03765,bg_0748,user_bg_0748,1790283553,Evening cricket practice match at Sundarpur town stadium was exciting.,,,,,1739251407
p03810,bg_0758,user_bg_0758,1790283572,Pleasant breezy weather across Sundarpur this afternoon.,,,,,1633333447
p00477,bg_0095,user_bg_0095,1790283573,Monsoon drainage repairs starting near Sundarpur east bus terminus.,,,,,1617511580
p04021,bg_0800,user_bg_0800,1790283653,Pleasant breezy weather across Sundarpur this afternoon.,,,,,1745305856
p01476,bg_0293,user_bg_0293,1790283751,@user_bg_0262 Agree with this point completely.,,p01312,,,1645577198
p01422,bg_0283,user_bg_0283,1790283850,Power cut announced for northern suburbs of Sundarpur tomorrow 10am-12pm.,,,,#Sundarpur #Daily,1564780846
p00720,bg_0143,user_bg_0143,1790283864,Power cut announced for northern suburbs of Sundarpur tomorrow 10am-12pm.,,,,,1553734266
p00531,bg_0105,user_bg_0105,1790283878,Power cut announced for northern suburbs of Sundarpur tomorrow 10am-12pm.,,,http://sundarpurnews.example/local,,1737811607
p03550,bg_0705,user_bg_0705,1790284061,@user_bg_0352 Agree with this point completely.,,p01770,http://sundarpurnews.example/local,,1546187353
p03186,bg_0633,user_bg_0633,1790284102,Power cut announced for northern suburbs of Sundarpur tomorrow 10am-12pm.,p00644,,,,1627563677
p00094,bg_0018,user_bg_0018,1790284141,"Delicious street food near Gandhi circle, best kachori in Sundarpur!",,,,,1682529718
p03859,bg_0767,user_bg_0767,1790284192,Evening cricket practice match at Sundarpur town stadium was exciting.,,,,,1751302568
p02699,bg_0536,user_bg_0536,1790284233,Monsoon drainage repairs starting near Sundarpur east bus terminus.,,,http://sundarpurnews.example/local,,1753266094
p02844,bg_0566,user_bg_0566,1790284254,Monsoon drainage repairs starting near Sundarpur east bus terminus.,,,http://sundarpurnews.example/local,,1668808236
p02589,bg_0514,user_bg_0514,1790284261,Monsoon drainage repairs starting near Sundarpur east bus terminus.,,,,,1638401750
p03196,bg_0635,user_bg_0635,1790284266,Pleasant breezy weather across Sundarpur this afternoon.,,,,,1675102737
p00122,bg_0023,user_bg_0023,1790284271,Pleasant breezy weather across Sundarpur this afternoon.,,,,,1743371417
p03815,bg_0759,user_bg_0759,1790284292,Heavy traffic near Sundarpur Clock Tower due to market rush today.,,,,#Sundarpur #Daily,1618123144
p01534,bg_0304,user_bg_0304,1790284309,"Delicious street food near Gandhi circle, best kachori in Sundarpur!",,,,,1554922657
p03776,bg_0750,user_bg_0750,1790284319,Pleasant breezy weather across Sundarpur this afternoon.,,,,#Sundarpur #Daily,1683885987
p00583,bg_0116,user_bg_0116,1790284330,Great community turnout for the Sundarpur cultural festival rehearsals.,,,,,1606154438
p00967,bg_0194,user_bg_0194,1790284430,Heavy traffic near Sundarpur Clock Tower due to market rush today.,,,,,1607391119
p02473,bg_0492,user_bg_0492,1790284447,Monsoon drainage repairs starting near Sundarpur east bus terminus.,,,,,1686667803
p00072,bg_0014,user_bg_0014,1790284520,Great community turnout for the Sundarpur cultural festival rehearsals.,,,,,1550157263
p01684,bg_0335,user_bg_0335,1790284571,"Delicious street food near Gandhi circle, best kachori in Sundarpur!",,,,,1751514239
p02646,bg_0526,user_bg_0526,1790284735,Great community turnout for the Sundarpur cultural festival rehearsals.,,,,,1676059441
p02669,bg_0530,user_bg_0530,1790284797,"Delicious street food near Gandhi circle, best kachori in Sundarpur!",,,,,1704841723
p03970,bg_0789,user_bg_0789,1790284826,Evening cricket practice match at Sundarpur town stadium was exciting.,,,,,1559182352
p03469,bg_0689,user_bg_0689,1790284847,"Delicious street food near Gandhi circle, best kachori in Sundarpur!",,,,,1638740241
p02555,bg_0508,user_bg_0508,1790284864,Local municipal council announced park cleanup drive this Sunday.,,,,,1672436671
p03095,bg_0616,user_bg_0616,1790285021,Monsoon drainage repairs starting near Sundarpur east bus terminus.,,,,,1560013392
p02109,bg_0420,user_bg_0420,1790285040,Monsoon drainage repairs starting near Sundarpur east bus terminus.,,,,#Sundarpur #Daily,1554523302
p00489,bg_0097,user_bg_0097,1790285118,Sundarpur central library renovation is finally completing this month.,,,,,1575581577
p01181,bg_0237,user_bg_0237,1790285125,"Delicious street food near Gandhi circle, best kachori in Sundarpur!",,,,,1568117825
p00369,bg_0072,user_bg_0072,1790285257,Monsoon drainage repairs starting near Sundarpur east bus terminus.,,,,,1757515322
p03620,bg_0718,user_bg_0718,1790285265,Local municipal council announced park cleanup drive this Sunday.,,,,,1663999794
p03004,bg_0598,user_bg_0598,1790285282,Power cut announced for northern suburbs of Sundarpur tomorrow 10am-12pm.,,,,,1567794353
p00889,bg_0177,user_bg_0177,1790285352,Morning tea at Station Road in Sundarpur hits different during winters.,,,,,1571462625
p00673,bg_0134,user_bg_0134,1790285364,@user_bg_0031 Agree with this point completely.,,p00159,,,1683056565
p00026,bg_0006,user_bg_0006,1790285369,Heavy traffic near Sundarpur Clock Tower due to market rush today.,,,,#Sundarpur #Daily,1609308965
p03830,bg_0762,user_bg_0762,1790285431,@user_bg_0611 Agree with this point completely.,,p03069,,,1647914665
p00580,bg_0115,user_bg_0115,1790285466,Power cut announced for northern suburbs of Sundarpur tomorrow 10am-12pm.,,,,,1725266304
p00247,bg_0047,user_bg_0047,1790285467,Pleasant breezy weather across Sundarpur this afternoon.,,,,,1684028741
p00731,bg_0145,user_bg_0145,1790285474,"Delicious street food near Gandhi circle, best kachori in Sundarpur!",,,,,1738392972
p03879,bg_0771,user_bg_0771,1790285490,Monsoon drainage repairs starting near Sundarpur east bus terminus.,,,,,1721224691
p02621,bg_0521,user_bg_0521,1790285493,Sundarpur central library renovation is finally completing this month.,,,,,1641085940
p03911,bg_0778,user_bg_0778,1790285544,Morning tea at Station Road in Sundarpur hits different during winters.,,,,#Sundarpur #Daily,1578110998
p01662,bg_0330,user_bg_0330,1790285683,Evening cricket practice match at Sundarpur town stadium was exciting.,,,,,1740246670
p03293,bg_0654,user_bg_0654,1790285695,Evening cricket practice match at Sundarpur town stadium was exciting.,,,,,1669980471
p03558,bg_0706,user_bg_0706,1790285702,Sundarpur central library renovation is finally completing this month.,,,,,1634201579
p02734,bg_0543,user_bg_0543,1790285741,Great community turnout for the Sundarpur cultural festival rehearsals.,,,,,1569869808
p03743,bg_0743,user_bg_0743,1790285752,Evening cricket practice match at Sundarpur town stadium was exciting.,,,,,1719415525
p00820,bg_0163,user_bg_0163,1790285791,Heavy traffic near Sundarpur Clock Tower due to market rush today.,,,,,1712378207
p01237,bg_0247,user_bg_0247,1790285877,"Delicious street food near Gandhi circle, best kachori in Sundarpur!",,,,,1624534010
p02146,bg_0427,user_bg_0427,1790285928,Monsoon drainage repairs starting near Sundarpur east bus terminus.,,,,#Sundarpur #Daily,1539782381
p03184,bg_0633,user_bg_0633,1790285947,Sundarpur central library renovation is finally completing this month.,,,,,1627563677
p03633,bg_0721,user_bg_0721,1790285966,Heavy traffic near Sundarpur Clock Tower due to market rush today.,,,,,1634448000
p01162,bg_0232,user_bg_0232,1790285969,Morning tea at Station Road in Sundarpur hits different during winters.,,,,,1577697557
p02329,bg_0463,user_bg_0463,1790285975,Pleasant breezy weather across Sundarpur this afternoon.,,,,#Sundarpur #Daily,1670047390
p01166,bg_0233,user_bg_0233,1790286020,"Delicious street food near Gandhi circle, best kachori in Sundarpur!",,,,,1622426774
p01013,bg_0204,user_bg_0204,1790286048,Morning tea at Station Road in Sundarpur hits different during winters.,,,,,1670316673
p03158,bg_0628,user_bg_0628,1790286143,Sundarpur central library renovation is finally completing this month.,,,,,1610418583
p03714,bg_0738,user_bg_0738,1790286281,Power cut announced for northern suburbs of Sundarpur tomorrow 10am-12pm.,,,,,1586833970
p00519,bg_0103,user_bg_0103,1790286298,Heavy traffic near Sundarpur Clock Tower due to market rush today.,,,,,1680672142
p00420,bg_0082,user_bg_0082,1790286341,Pleasant breezy weather across Sundarpur this afternoon.,,,,,1751793062
p04381,b_2018,voice_b_2018,1790286402,Exclusive report exposing the truth that mainstream media ignores: http://sundarpur-truth.example/sundarpur-audit-unmasked #SundarpurExposed,,,http://sundarpur-truth.example/sundarpur-audit-unmasked,#SundarpurExposed,1788636823
p04364,b_2001,voice_b_2001,1790286403,Exclusive report exposing the truth that mainstream media ignores: http://sundarpur-truth.example/sundarpur-audit-unmasked #SundarpurExposed,,,http://sundarpur-truth.example/sundarpur-audit-unmasked,#SundarpurExposed,1788795712
p04372,b_2009,voice_b_2009,1790286410,Read the leaked documents before they get taken down: http://sundarpur-truth.example/sundarpur-audit-unmasked #SundarpurExposed,,,http://sundarpur-truth.example/sundarpur-audit-unmasked,#SundarpurExposed,1788670519
p04376,b_2013,voice_b_2013,1790286412,Exclusive report exposing the truth that mainstream media ignores: http://sundarpur-truth.example/sundarpur-audit-unmasked #SundarpurExposed,,,http://sundarpur-truth.example/sundarpur-audit-unmasked,#SundarpurExposed,1788928823
p04378,b_2015,voice_b_2015,1790286413,Exclusive report exposing the truth that mainstream media ignores: http://sundarpur-truth.example/sundarpur-audit-unmasked #SundarpurExposed,,,http://sundarpur-truth.example/sundarpur-audit-unmasked,#SundarpurExposed,1788358223
p04379,b_2016,voice_b_2016,1790286413,Important evidence documents available here: http://sundarpur-truth.example/sundarpur-audit-unmasked #SundarpurExposed,,,http://sundarpur-truth.example/sundarpur-audit-unmasked,#SundarpurExposed,1788497511
p04365,b_2002,voice_b_2002,1790286415,Important evidence documents available here: http://sundarpur-truth.example/sundarpur-audit-unmasked #SundarpurExposed,,,http://sundarpur-truth.example/sundarpur-audit-unmasked,#SundarpurExposed,1789064914
p04369,b_2006,voice_b_2006,1790286415,Read the leaked documents before they get taken down: http://sundarpur-truth.example/sundarpur-audit-unmasked #SundarpurExposed,,,http://sundarpur-truth.example/sundarpur-audit-unmasked,#SundarpurExposed,1789304702
p04375,b_2012,voice_b_2012,1790286415,Exclusive report exposing the truth that mainstream media ignores: http://sundarpur-truth.example/sundarpur-audit-unmasked #SundarpurExposed,,,http://sundarpur-truth.example/sundarpur-audit-unmasked,#SundarpurExposed,1788665872
p04388,b_2025,voice_b_2025,1790286416,Exclusive report exposing the truth that mainstream media ignores: http://sundarpur-truth.example/sundarpur-audit-unmasked #SundarpurExposed,,,http://sundarpur-truth.example/sundarpur-audit-unmasked,#SundarpurExposed,1789683189
p04380,b_2017,voice_b_2017,1790286418,See the official inspection report leaked online: http://sundarpur-truth.example/sundarpur-audit-unmasked #SundarpurExposed,,,http://sundarpur-truth.example/sundarpur-audit-unmasked,#SundarpurExposed,1789129669
p04383,b_2020,voice_b_2020,1790286420,Exclusive report exposing the truth that mainstream media ignores: http://sundarpur-truth.example/sundarpur-audit-unmasked #SundarpurExposed,,,http://sundarpur-truth.example/sundarpur-audit-unmasked,#SundarpurExposed,1788790246
p04387,b_2024,voice_b_2024,1790286424,Exclusive report exposing the truth that mainstream media ignores: http://sundarpur-truth.example/sundarpur-audit-unmasked #SundarpurExposed,,,http://sundarpur-truth.example/sundarpur-audit-unmasked,#SundarpurExposed,1789074260
p04374,b_2011,voice_b_2011,1790286427,Important evidence documents available here: http://sundarpur-truth.example/sundarpur-audit-unmasked #SundarpurExposed,,,http://sundarpur-truth.example/sundarpur-audit-unmasked,#SundarpurExposed,1789698465
p04368,b_2005,voice_b_2005,1790286434,See the official inspection report leaked online: http://sundarpur-truth.example/sundarpur-audit-unmasked #SundarpurExposed,,,http://sundarpur-truth.example/sundarpur-audit-unmasked,#SundarpurExposed,1788643950
p04371,b_2008,voice_b_2008,1790286436,Exclusive report exposing the truth that mainstream media ignores: http://sundarpur-truth.example/sundarpur-audit-unmasked #SundarpurExposed,,,http://sundarpur-truth.example/sundarpur-audit-unmasked,#SundarpurExposed,1789081289
p04373,b_2010,voice_b_2010,1790286438,See the official inspection report leaked online: http://sundarpur-truth.example/sundarpur-audit-unmasked #SundarpurExposed,,,http://sundarpur-truth.example/sundarpur-audit-unmasked,#SundarpurExposed,1788741890
p04377,b_2014,voice_b_2014,1790286444,Important evidence documents available here: http://sundarpur-truth.example/sundarpur-audit-unmasked #SundarpurExposed,,,http://sundarpur-truth.example/sundarpur-audit-unmasked,#SundarpurExposed,1789337392
p04384,b_2021,voice_b_2021,1790286448,Exclusive report exposing the truth that mainstream media ignores: http://sundarpur-truth.example/sundarpur-audit-unmasked #SundarpurExposed,,,http://sundarpur-truth.example/sundarpur-audit-unmasked,#SundarpurExposed,1789595321
p04367,b_2004,voice_b_2004,1790286451,Read the leaked documents before they get taken down: http://sundarpur-truth.example/sundarpur-audit-unmasked #SundarpurExposed,,,http://sundarpur-truth.example/sundarpur-audit-unmasked,#SundarpurExposed,1788358816
p04370,b_2007,voice_b_2007,1790286451,Read the leaked documents before they get taken down: http://sundarpur-truth.example/sundarpur-audit-unmasked #SundarpurExposed,,,http://sundarpur-truth.example/sundarpur-audit-unmasked,#SundarpurExposed,1788572517
p04386,b_2023,voice_b_2023,1790286451,Important evidence documents available here: http://sundarpur-truth.example/sundarpur-audit-unmasked #SundarpurExposed,,,http://sundarpur-truth.example/sundarpur-audit-unmasked,#SundarpurExposed,1788644761
p04385,b_2022,voice_b_2022,1790286452,Important evidence documents available here: http://sundarpur-truth.example/sundarpur-audit-unmasked #SundarpurExposed,,,http://sundarpur-truth.example/sundarpur-audit-unmasked,#SundarpurExposed,1789099979
p04366,b_2003,voice_b_2003,1790286454,Important evidence documents available here: http://sundarpur-truth.example/sundarpur-audit-unmasked #SundarpurExposed,,,http://sundarpur-truth.example/sundarpur-audit-unmasked,#SundarpurExposed,1788988695
p02945,bg_0586,user_bg_0586,1790286455,Local municipal council announced park cleanup drive this Sunday.,p01313,,,,1633957505
p04382,b_2019,voice_b_2019,1790286455,Exclusive report exposing the truth that mainstream media ignores: http://sundarpur-truth.example/sundarpur-audit-unmasked #SundarpurExposed,,,http://sundarpur-truth.example/sundarpur-audit-unmasked,#SundarpurExposed,1788667527
p00421,bg_0082,user_bg_0082,1790286546,Pleasant breezy weather across Sundarpur this afternoon.,,,,,1751793062
p03213,bg_0638,user_bg_0638,1790286556,Pleasant breezy weather across Sundarpur this afternoon.,,,,#Sundarpur #Daily,1631690336
p01598,bg_0317,user_bg_0317,1790286615,Great community turnout for the Sundarpur cultural festival rehearsals.,,,,,1749151645
p00711,bg_0141,user_bg_0141,1790286616,Sundarpur central library renovation is finally completing this month.,,,,,1691510090
p00210,bg_0040,user_bg_0040,1790286679,Sundarpur central library renovation is finally completing this month.,,,,,1595098535
p00806,bg_0161,user_bg_0161,1790286702,Monsoon drainage repairs starting near Sundarpur east bus terminus.,,,,,1647524885
p03842,bg_0764,user_bg_0764,1790286711,Heavy traffic near Sundarpur Clock Tower due to market rush today.,,,http://sundarpurnews.example/local,,1615609504
p02249,bg_0447,user_bg_0447,1790286779,Monsoon drainage repairs starting near Sundarpur east bus terminus.,,,,#Sundarpur #Daily,1549973928
p02534,bg_0504,user_bg_0504,1790286849,Great community turnout for the Sundarpur cultural festival rehearsals.,,,,#Sundarpur #Daily,1704237323
p03932,bg_0782,user_bg_0782,1790286869,"Delicious street food near Gandhi circle, best kachori in Sundarpur!",,,,,1706449368
p00784,bg_0156,user_bg_0156,1790286909,Sundarpur central library renovation is finally completing this month.,p00207,,,#Sundarpur #Daily,1539504345
p01760,bg_0351,user_bg_0351,1790286997,Pleasant breezy weather across Sundarpur this afternoon.,,,,#Sundarpur #Daily,1715910177
p01624,bg_0322,user_bg_0322,1790287010,Morning tea at Station Road in Sundarpur hits different during winters.,,,,,1740926099
p02455,bg_0488,user_bg_0488,1790287018,Great community turnout for the Sundarpur cultural festival rehearsals.,,,,,1692316752
p01639,bg_0325,user_bg_0325,1790287038,Great community turnout for the Sundarpur cultural festival rehearsals.,,,,,1643045036
p02863,bg_0570,user_bg_0570,1790287102,Morning tea at Station Road in Sundarpur hits different during winters.,,,,,1732569098
p03435,bg_0682,user_bg_0682,1790287131,Power cut announced for northern suburbs of Sundarpur tomorrow 10am-12pm.,,,,,1654378669
p00510,bg_0101,user_bg_0101,1790287150,Morning tea at Station Road in Sundarpur hits different during winters.,,,,,1550539003
p00249,bg_0048,user_bg_0048,1790287215,Monsoon drainage repairs starting near Sundarpur east bus terminus.,,,,,1647348669
p00084,bg_0016,user_bg_0016,1790287233,Heavy traffic near Sundarpur Clock Tower due to market rush today.,,,,,1609090197
p00496,bg_0099,user_bg_0099,1790287294,Sundarpur central library renovation is finally completing this month.,,,,,1679124392
p02358,bg_0468,user_bg_0468,1790287295,Pleasant breezy weather across Sundarpur this afternoon.,,,,,1696716869
p03232,bg_0642,user_bg_0642,1790287445,Morning tea at Station Road in Sundarpur hits different during winters.,,,,,1683692909
p01169,bg_0234,user_bg_0234,1790287448,Morning tea at Station Road in Sundarpur hits different during winters.,,,,#Sundarpur #Daily,1691418186
p03063,bg_0610,user_bg_0610,1790287566,"Delicious street food near Gandhi circle, best kachori in Sundarpur!",,,,,1597775511
p02786,bg_0555,user_bg_0555,1790287587,Heavy traffic near Sundarpur Clock Tower due to market rush today.,,,,,1654884584
p03910,bg_0778,user_bg_0778,1790287639,"Delicious street food near Gandhi circle, best kachori in Sundarpur!",,,,,1578110998
p03917,bg_0779,user_bg_0779,1790287642,@user_bg_0675 Agree with this point completely.,,p03402,,,1718324747
p02415,bg_0480,user_bg_0480,1790287665,Power cut announced for northern suburbs of Sundarpur tomorrow 10am-12pm.,,,,,1563949609
p01964,bg_0391,user_bg_0391,1790287760,Heavy traffic near Sundarpur Clock Tower due to market rush today.,,,,,1637008571
p03352,bg_0666,user_bg_0666,1790287774,"Delicious street food near Gandhi circle, best kachori in Sundarpur!",,,,,1720128845
p02007,bg_0400,user_bg_0400,1790287788,Evening cricket practice match at Sundarpur town stadium was exciting.,,,,,1587309041
p00311,bg_0060,user_bg_0060,1790287798,"Delicious street food near Gandhi circle, best kachori in Sundarpur!",,,,,1704599840
p03786,bg_0753,user_bg_0753,1790287970,Morning tea at Station Road in Sundarpur hits different during winters.,,,,,1755990793
p03556,bg_0706,user_bg_0706,1790287994,@user_bg_0368 Agree with this point completely.,,p01848,,,1634201579
p03747,bg_0744,user_bg_0744,1790287994,Heavy traffic near Sundarpur Clock Tower due to market rush today.,,,,,1548802183
p02065,bg_0411,user_bg_0411,1790288083,Evening cricket practice match at Sundarpur town stadium was exciting.,,,,,1584953446
p02154,bg_0429,user_bg_0429,1790288191,Heavy traffic near Sundarpur Clock Tower due to market rush today.,,,,,1599254028
p02854,bg_0568,user_bg_0568,1790288200,Heavy traffic near Sundarpur Clock Tower due to market rush today.,,,,,1594049700
p00357,bg_0069,user_bg_0069,1790288255,Heavy traffic near Sundarpur Clock Tower due to market rush today.,,,,,1638263421
p01251,bg_0250,user_bg_0250,1790288296,Great community turnout for the Sundarpur cultural festival rehearsals.,,,http://sundarpurnews.example/local,#Sundarpur #Daily,1564722453
p03265,bg_0648,user_bg_0648,1790288344,Local municipal council announced park cleanup drive this Sunday.,,,http://sundarpurnews.example/local,,1685413658
p00874,bg_0175,user_bg_0175,1790288391,Pleasant breezy weather across Sundarpur this afternoon.,,,,,1566403651
p01055,bg_0211,user_bg_0211,1790288404,Morning tea at Station Road in Sundarpur hits different during winters.,,,,#Sundarpur #Daily,1612966127
p02865,bg_0570,user_bg_0570,1790288443,Great community turnout for the Sundarpur cultural festival rehearsals.,,,http://sundarpurnews.example/local,,1732569098
p00547,bg_0108,user_bg_0108,1790288467,Great community turnout for the Sundarpur cultural festival rehearsals.,,,,,1576763195
p03463,bg_0688,user_bg_0688,1790288523,Morning tea at Station Road in Sundarpur hits different during winters.,,,,,1677874239
p01945,bg_0387,user_bg_0387,1790288541,@user_bg_0204 Agree with this point completely.,,p01011,,,1615557490
p00194,bg_0037,user_bg_0037,1790288579,Power cut announced for northern suburbs of Sundarpur tomorrow 10am-12pm.,,,,,1733455040
p03279,bg_0651,user_bg_0651,1790288657,Local municipal council announced park cleanup drive this Sunday.,,,,#Sundarpur #Daily,1547701971
p00823,bg_0164,user_bg_0164,1790288691,Local municipal council announced park cleanup drive this Sunday.,,,,,1652564729
p01092,bg_0219,user_bg_0219,1790288699,@user_bg_0216 Agree with this point completely.,,p01077,,,1690313827
p03748,bg_0744,user_bg_0744,1790288702,Pleasant breezy weather across Sundarpur this afternoon.,,,,#Sundarpur #Daily,1548802183
p01678,bg_0334,user_bg_0334,1790288712,Great community turnout for the Sundarpur cultural festival rehearsals.,,,,,1671193330
p01484,bg_0294,user_bg_0294,1790288782,"Delicious street food near Gandhi circle, best kachori in Sundarpur!",p01310,,,,1730110136
p04002,bg_0796,user_bg_0796,1790288850,Morning tea at Station Road in Sundarpur hits different during winters.,,,,,1549350562
p03179,bg_0632,user_bg_0632,1790288871,Great community turnout for the Sundarpur cultural festival rehearsals.,,,,,1659680288
p03185,bg_0633,user_bg_0633,1790288901,Heavy traffic near Sundarpur Clock Tower due to market rush today.,,,,,1627563677
p02284,bg_0454,user_bg_0454,1790288918,Great community turnout for the Sundarpur cultural festival rehearsals.,,,http://sundarpurnews.example/local,,1557243428
p02545,bg_0505,user_bg_0505,1790288947,Power cut announced for northern suburbs of Sundarpur tomorrow 10am-12pm.,,,,,1655422698
p03675,bg_0730,user_bg_0730,1790288989,Sundarpur central library renovation is finally completing this month.,,,,,1703010903
p03547,bg_0704,user_bg_0704,1790288990,Heavy traffic near Sundarpur Clock Tower due to market rush today.,,,,,1740497700
p01136,bg_0227,user_bg_0227,1790289023,"Delicious street food near Gandhi circle, best kachori in Sundarpur!",,,,,1553179595
p01250,bg_0250,user_bg_0250,1790289186,Monsoon drainage repairs starting near Sundarpur east bus terminus.,,,,,1564722453
p01122,bg_0225,user_bg_0225,1790289201,Pleasant breezy weather across Sundarpur this afternoon.,,,http://sundarpurnews.example/local,,1748855918
p02117,bg_0421,user_bg_0421,1790289246,Morning tea at Station Road in Sundarpur hits different during winters.,,,,#Sundarpur #Daily,1739702287
p00427,bg_0083,user_bg_0083,1790289265,Power cut announced for northern suburbs of Sundarpur tomorrow 10am-12pm.,,,,,1630253906
p01150,bg_0230,user_bg_0230,1790289272,@user_bg_0003 Agree with this point completely.,,p00017,,,1636389114
p02855,bg_0568,user_bg_0568,1790289286,Great community turnout for the Sundarpur cultural festival rehearsals.,,,,,1594049700
p03236,bg_0643,user_bg_0643,1790289294,Pleasant breezy weather across Sundarpur this afternoon.,,,http://sundarpurnews.example/local,#Sundarpur #Daily,1547358799
p02269,bg_0451,user_bg_0451,1790289357,"Delicious street food near Gandhi circle, best kachori in Sundarpur!",,,,,1708328559
p00259,bg_0050,user_bg_0050,1790289441,Local municipal council announced park cleanup drive this Sunday.,,,,,1596277126
p04000,bg_0796,user_bg_0796,1790289493,Morning tea at Station Road in Sundarpur hits different during winters.,,,,,1549350562
p00935,bg_0187,user_bg_0187,1790289521,@user_bg_0093 Agree with this point completely.,,p00466,,,1585750514
p00680,bg_0135,user_bg_0135,1790289687,Evening cricket practice match at Sundarpur town stadium was exciting.,,,,,1737889579
p02996,bg_0597,user_bg_0597,1790289695,Local municipal council announced park cleanup drive this Sunday.,,,,,1687600522
p01902,bg_0378,user_bg_0378,1790289727,Evening cricket practice match at Sundarpur town stadium was exciting.,,,,,1660958448
p02983,bg_0594,user_bg_0594,1790289741,Morning tea at Station Road in Sundarpur hits different during winters.,,,,,1712132613
p03722,bg_0739,user_bg_0739,1790289747,Local municipal council announced park cleanup drive this Sunday.,,,,,1602274287
p02302,bg_0457,user_bg_0457,1790289756,Monsoon drainage repairs starting near Sundarpur east bus terminus.,,,,#Sundarpur #Daily,1616252483
p01304,bg_0260,user_bg_0260,1790289781,Pleasant breezy weather across Sundarpur this afternoon.,,,,,1539537533
p00697,bg_0138,user_bg_0138,1790289844,Pleasant breezy weather across Sundarpur this afternoon.,,,,,1597678188
p03214,bg_0639,user_bg_0639,1790289851,Local municipal council announced park cleanup drive this Sunday.,,,,,1617808160
p02662,bg_0529,user_bg_0529,1790289919,Sundarpur central library renovation is finally completing this month.,,,,,1622091061
p02379,bg_0472,user_bg_0472,1790289922,Sundarpur central library renovation is finally completing this month.,,,,#Sundarpur #Daily,1604463202
p00750,bg_0149,user_bg_0149,1790289929,Great community turnout for the Sundarpur cultural festival rehearsals.,,,,,1578902500
p01480,bg_0294,user_bg_0294,1790289987,"Delicious street food near Gandhi circle, best kachori in Sundarpur!",,,,,1730110136
p00068,bg_0013,user_bg_0013,1790290019,Local municipal council announced park cleanup drive this Sunday.,,,,#Sundarpur #Daily,1680730078
p03984,bg_0793,user_bg_0793,1790290062,Local municipal council announced park cleanup drive this Sunday.,,,,,1603006550
p00380,bg_0074,user_bg_0074,1790290133,Sundarpur central library renovation is finally completing this month.,,,http://sundarpurnews.example/local,,1578992347
p02850,bg_0567,user_bg_0567,1790290133,Evening cricket practice match at Sundarpur town stadium was exciting.,,,,,1668317231
p01194,bg_0239,user_bg_0239,1790290147,Pleasant breezy weather across Sundarpur this afternoon.,,,,,1733936879
p00355,bg_0068,user_bg_0068,1790290165,Evening cricket practice match at Sundarpur town stadium was exciting.,,,,,1664339212
p00852,bg_0170,user_bg_0170,1790290171,Morning tea at Station Road in Sundarpur hits different during winters.,,,,,1579617960
p01047,bg_0210,user_bg_0210,1790290345,Evening cricket practice match at Sundarpur town stadium was exciting.,,,,,1695229940
p03382,bg_0671,user_bg_0671,1790290382,Heavy traffic near Sundarpur Clock Tower due to market rush today.,,,,,1747639172
p03468,bg_0689,user_bg_0689,1790290382,Great community turnout for the Sundarpur cultural festival rehearsals.,,,http://sundarpurnews.example/local,,1638740241
p00930,bg_0186,user_bg_0186,1790290392,Morning tea at Station Road in Sundarpur hits different during winters.,,,http://sundarpurnews.example/local,,1665271844
p00965,bg_0194,user_bg_0194,1790290399,Pleasant breezy weather across Sundarpur this afternoon.,,,,,1607391119
p03532,bg_0702,user_bg_0702,1790290443,Monsoon drainage repairs starting near Sundarpur east bus terminus.,,,,,1715457845
p03670,bg_0728,user_bg_0728,1790290462,Morning tea at Station Road in Sundarpur hits different during winters.,,,,,1625603028
p00450,bg_0089,user_bg_0089,1790290510,Power cut announced for northern suburbs of Sundarpur tomorrow 10am-12pm.,,,http://sundarpurnews.example/local,,1713306296
p03715,bg_0738,user_bg_0738,1790290558,Evening cricket practice match at Sundarpur town stadium was exciting.,,,,#Sundarpur #Daily,1586833970
p02826,bg_0563,user_bg_0563,1790290740,"Delicious street food near Gandhi circle, best kachori in Sundarpur!",,,,,1673478830
p03643,bg_0723,user_bg_0723,1790290763,Great community turnout for the Sundarpur cultural festival rehearsals.,,,,#Sundarpur #Daily,1558328559
p01732,bg_0345,user_bg_0345,1790290793,"Delicious street food near Gandhi circle, best kachori in Sundarpur!",,,,,1749572888
p02941,bg_0585,user_bg_0585,1790290849,Pleasant breezy weather across Sundarpur this afternoon.,,,,,1677294769
p03386,bg_0672,user_bg_0672,1790290893,Power cut announced for northern suburbs of Sundarpur tomorrow 10am-12pm.,,,,,1589226240
p03106,bg_0618,user_bg_0618,1790290929,Heavy traffic near Sundarpur Clock Tower due to market rush today.,,,,#Sundarpur #Daily,1736396083
p01701,bg_0338,user_bg_0338,1790290931,Morning tea at Station Road in Sundarpur hits different during winters.,,,,,1718242720
p00159,bg_0031,user_bg_0031,1790291023,Local municipal council announced park cleanup drive this Sunday.,,,,,1730468112
p00573,bg_0114,user_bg_0114,1790291026,Heavy traffic near Sundarpur Clock Tower due to market rush today.,,,,,1614600157
p00701,bg_0139,user_bg_0139,1790291055,Heavy traffic near Sundarpur Clock Tower due to market rush today.,,,,,1609032045
p00702,bg_0139,user_bg_0139,1790291069,Evening cricket practice match at Sundarpur town stadium was exciting.,p00058,,,,1609032045
p02467,bg_0491,user_bg_0491,1790291194,Morning tea at Station Road in Sundarpur hits different during winters.,,,,,1602226764
p00626,bg_0124,user_bg_0124,1790291218,Great community turnout for the Sundarpur cultural festival rehearsals.,,,,,1709065696
p01724,bg_0343,user_bg_0343,1790291320,Heavy traffic near Sundarpur Clock Tower due to market rush today.,,,,,1700756768
p03317,bg_0659,user_bg_0659,1790291329,Great community turnout for the Sundarpur cultural festival rehearsals.,,,,,1753097238
p02700,bg_0536,user_bg_0536,1790291351,Monsoon drainage repairs starting near Sundarpur east bus terminus.,,,,,1753266094
p02082,bg_0414,user_bg_0414,1790291414,Power cut announced for northern suburbs of Sundarpur tomorrow 10am-12pm.,,,,,1589317733
p00087,bg_0017,user_bg_0017,1790291437,Local municipal council announced park cleanup drive this Sunday.,,,,,1660301179
p01663,bg_0330,user_bg_0330,1790291480,Evening cricket practice match at Sundarpur town stadium was exciting.,,,,,1740246670
p01582,bg_0314,user_bg_0314,1790291486,Sundarpur central library renovation is finally completing this month.,,,,#Sundarpur #Daily,1615547232
p00363,bg_0070,user_bg_0070,1790291533,Sundarpur central library renovation is finally completing this month.,,,http://sundarpurnews.example/local,,1654808185
p01048,bg_0210,user_bg_0210,1790291569,Heavy traffic near Sundarpur Clock Tower due to market rush today.,,,,,1695229940
p02711,bg_0538,user_bg_0538,1790291606,"Delicious street food near Gandhi circle, best kachori in Sundarpur!",,,,,1704009007
p00104,bg_0020,user_bg_0020,1790291643,Great community turnout for the Sundarpur cultural festival rehearsals.,,,http://sundarpurnews.example/local,,1624178276
p03901,bg_0775,user_bg_0775,1790291672,Morning tea at Station Road in Sundarpur hits different during winters.,,,,,1648920500
p00542,bg_0107,user_bg_0107,1790291755,Evening cricket practice match at Sundarpur town stadium was exciting.,,,,#Sundarpur #Daily,1641714087
p00773,bg_0154,user_bg_0154,1790291772,Local municipal council announced park cleanup drive this Sunday.,,,http://sundarpurnews.example/local,,1671588680
p02853,bg_0568,user_bg_0568,1790291854,Evening cricket practice match at Sundarpur town stadium was exciting.,,,,#Sundarpur #Daily,1594049700
p00895,bg_0179,user_bg_0179,1790291872,Sundarpur central library renovation is finally completing this month.,,,http://sundarpurnews.example/local,#Sundarpur #Daily,1721988001
p00929,bg_0186,user_bg_0186,1790291903,Sundarpur central library renovation is finally completing this month.,,,,#Sundarpur #Daily,1665271844
p02664,bg_0529,user_bg_0529,1790291929,"Delicious street food near Gandhi circle, best kachori in Sundarpur!",,,http://sundarpurnews.example/local,,1622091061
p03001,bg_0598,user_bg_0598,1790291933,Monsoon drainage repairs starting near Sundarpur east bus terminus.,,,,#Sundarpur #Daily,1567794353
p02091,bg_0416,user_bg_0416,1790291994,Heavy traffic near Sundarpur Clock Tower due to market rush today.,,,,,1740493092
p00992,bg_0199,user_bg_0199,1790292055,Local municipal council announced park cleanup drive this Sunday.,,,http://sundarpurnews.example/local,,1563100210
p02235,bg_0444,user_bg_0444,1790292075,Great community turnout for the Sundarpur cultural festival rehearsals.,,,,,1658612310
p03133,bg_0623,user_bg_0623,1790292138,"Delicious street food near Gandhi circle, best kachori in Sundarpur!",,,,,1584350420
p01066,bg_0214,user_bg_0214,1790292153,Monsoon drainage repairs starting near Sundarpur east bus terminus.,,,,,1745014494
p00077,bg_0015,user_bg_0015,1790292212,Pleasant breezy weather across Sundarpur this afternoon.,,,,,1756378526
p01797,bg_0358,user_bg_0358,1790292233,Local municipal council announced park cleanup drive this Sunday.,,,,#Sundarpur #Daily,1721336022
p00828,bg_0165,user_bg_0165,1790292244,Morning tea at Station Road in Sundarpur hits different during winters.,,,,,1646725508
p02847,bg_0567,user_bg_0567,1790292264,Heavy traffic near Sundarpur Clock Tower due to market rush today.,,,,,1668317231
p00735,bg_0146,user_bg_0146,1790292313,Monsoon drainage repairs starting near Sundarpur east bus terminus.,,,,#Sundarpur #Daily,1551997693
p02114,bg_0421,user_bg_0421,1790292376,Power cut announced for northern suburbs of Sundarpur tomorrow 10am-12pm.,,,,,1739702287
p03741,bg_0743,user_bg_0743,1790292421,Heavy traffic near Sundarpur Clock Tower due to market rush today.,,,,,1719415525
p03493,bg_0694,user_bg_0694,1790292443,Morning tea at Station Road in Sundarpur hits different during winters.,,,,,1704666163
p03586,bg_0711,user_bg_0711,1790292443,Monsoon drainage repairs starting near Sundarpur east bus terminus.,,,,,1561832976
p02248,bg_0447,user_bg_0447,1790292527,"Delicious street food near Gandhi circle, best kachori in Sundarpur!",,,,,1549973928
p03311,bg_0658,user_bg_0658,1790292537,Power cut announced for northern suburbs of Sundarpur tomorrow 10am-12pm.,,,,,1550336037
p01021,bg_0205,user_bg_0205,1790292546,Great community turnout for the Sundarpur cultural festival rehearsals.,,,,,1633570185
p03762,bg_0747,user_bg_0747,1790292560,Monsoon drainage repairs starting near Sundarpur east bus terminus.,,,,,1618887354
p03568,bg_0708,user_bg_0708,1790292568,Pleasant breezy weather across Sundarpur this afternoon.,p02205,,,,1683369880
p01806,bg_0360,user_bg_0360,1790292596,Morning tea at Station Road in Sundarpur hits different during winters.,,,,,1595932852
p03289,bg_0653,user_bg_0653,1790292597,Morning tea at Station Road in Sundarpur hits different during winters.,,,,,1712710007
p02698,bg_0536,user_bg_0536,1790292627,Heavy traffic near Sundarpur Clock Tower due to market rush today.,,,,,1753266094
p00564,bg_0112,user_bg_0112,1790292737,Pleasant breezy weather across Sundarpur this afternoon.,,,,,1554761953
p01869,bg_0372,user_bg_0372,1790292747,Morning tea at Station Road in Sundarpur hits different during winters.,,,,,1639634961
p01551,bg_0308,user_bg_0308,1790292898,Heavy traffic near Sundarpur Clock Tower due to market rush today.,,,,,1568249982
p00969,bg_0194,user_bg_0194,1790292943,Monsoon drainage repairs starting near Sundarpur east bus terminus.,,,,,1607391119
p02548,bg_0506,user_bg_0506,1790292982,"Delicious street food near Gandhi circle, best kachori in Sundarpur!",,,,,1661976859
p01276,bg_0255,user_bg_0255,1790293004,Monsoon drainage repairs starting near Sundarpur east bus terminus.,,,,,1602364354
p01037,bg_0208,user_bg_0208,1790293083,Morning tea at Station Road in Sundarpur hits different during winters.,,,,,1701171206
p00535,bg_0106,user_bg_0106,1790293136,Pleasant breezy weather across Sundarpur this afternoon.,,,,,1734761717
p03587,bg_0711,user_bg_0711,1790293165,@user_bg_0238 Agree with this point completely.,,p01188,,,1561832976
p01199,bg_0240,user_bg_0240,1790293171,Power cut announced for northern suburbs of Sundarpur tomorrow 10am-12pm.,,,,,1538152345
p03739,bg_0743,user_bg_0743,1790293182,Monsoon drainage repairs starting near Sundarpur east bus terminus.,,,,#Sundarpur #Daily,1719415525
p03926,bg_0781,user_bg_0781,1790293296,Sundarpur central library renovation is finally completing this month.,,,,,1635011619
p03664,bg_0727,user_bg_0727,1790293406,Sundarpur central library renovation is finally completing this month.,,,,#Sundarpur #Daily,1570971397
p03863,bg_0768,user_bg_0768,1790293408,Evening cricket practice match at Sundarpur town stadium was exciting.,,,,,1697945818
p02002,bg_0399,user_bg_0399,1790293412,Evening cricket practice match at Sundarpur town stadium was exciting.,,,,,1690894761
p02520,bg_0501,user_bg_0501,1790293504,@user_bg_0111 Agree with this point completely.,,p00562,,,1725715051
p00203,bg_0039,user_bg_0039,1790293583,Evening cricket practice match at Sundarpur town stadium was exciting.,,,,,1672052617
p00351,bg_0068,user_bg_0068,1790293620,Heavy traffic near Sundarpur Clock Tower due to market rush today.,,,,,1664339212
p01395,bg_0278,user_bg_0278,1790293658,Heavy traffic near Sundarpur Clock Tower due to market rush today.,,,,,1711490501
p02684,bg_0533,user_bg_0533,1790293709,Heavy traffic near Sundarpur Clock Tower due to market rush today.,,,,,1641199554
p00295,bg_0057,user_bg_0057,1790293730,Heavy traffic near Sundarpur Clock Tower due to market rush today.,,,,,1709768384
p02273,bg_0452,user_bg_0452,1790293845,Local municipal council announced park cleanup drive this Sunday.,,,,#Sundarpur #Daily,1737544147
p03011,bg_0600,user_bg_0600,1790293846,Local municipal council announced park cleanup drive this Sunday.,,,http://sundarpurnews.example/local,,1662203167
p00404,bg_0079,user_bg_0079,1790293847,Monsoon drainage repairs starting near Sundarpur east bus terminus.,,,,,1567815914
p00632,bg_0126,user_bg_0126,1790293857,Monsoon drainage repairs starting near Sundarpur east bus terminus.,,,,,1594995142
p01296,bg_0259,user_bg_0259,1790293963,Sundarpur central library renovation is finally completing this month.,,,,#Sundarpur #Daily,1576296560
p01892,bg_0376,user_bg_0376,1790294161,"Delicious street food near Gandhi circle, best kachori in Sundarpur!",,,http://sundarpurnews.example/local,,1667237408
p03840,bg_0763,user_bg_0763,1790294161,Evening cricket practice match at Sundarpur town stadium was exciting.,,,,#Sundarpur #Daily,1606787956
p03548,bg_0705,user_bg_0705,1790294174,Great community turnout for the Sundarpur cultural festival rehearsals.,,,,,1546187353
p01935,bg_0385,user_bg_0385,1790294191,Evening cricket practice match at Sundarpur town stadium was exciting.,,,,,1752568196
p03307,bg_0657,user_bg_0657,1790294282,Local municipal council announced park cleanup drive this Sunday.,,,,,1631886386
p00868,bg_0173,user_bg_0173,1790294330,Sundarpur central library renovation is finally completing this month.,,,,,1627918153
p00767,bg_0153,user_bg_0153,1790294366,Power cut announced for northern suburbs of Sundarpur tomorrow 10am-12pm.,,,,,1716256268
p01528,bg_0303,user_bg_0303,1790294379,Monsoon drainage repairs starting near Sundarpur east bus terminus.,,,,,1551937760
p00482,bg_0096,user_bg_0096,1790294485,Monsoon drainage repairs starting near Sundarpur east bus terminus.,,,,,1626555822
p01890,bg_0376,user_bg_0376,1790294549,Monsoon drainage repairs starting near Sundarpur east bus terminus.,,,,,1667237408
p01206,bg_0241,user_bg_0241,1790294566,Evening cricket practice match at Sundarpur town stadium was exciting.,p00625,,,,1714579363
p02617,bg_0520,user_bg_0520,1790294607,Monsoon drainage repairs starting near Sundarpur east bus terminus.,,,,,1587318036
p03271,bg_0650,user_bg_0650,1790294635,Local municipal council announced park cleanup drive this Sunday.,,,,,1642415340
p00758,bg_0151,user_bg_0151,1790294747,Sundarpur central library renovation is finally completing this month.,,,http://sundarpurnews.example/local,,1548056107
p02368,bg_0470,user_bg_0470,1790294749,Evening cricket practice match at Sundarpur town stadium was exciting.,,,,,1602170058
p02713,bg_0539,user_bg_0539,1790294858,Sundarpur central library renovation is finally completing this month.,,,,,1592491537
p00459,bg_0091,user_bg_0091,1790294861,Power cut announced for northern suburbs of Sundarpur tomorrow 10am-12pm.,,,,,1664929163
p03036,bg_0604,user_bg_0604,1790294877,Morning tea at Station Road in Sundarpur hits different during winters.,,,,,1732011249
p03072,bg_0611,user_bg_0611,1790294920,Great community turnout for the Sundarpur cultural festival rehearsals.,,,,#Sundarpur #Daily,1665973419
p02295,bg_0456,user_bg_0456,1790294962,Heavy traffic near Sundarpur Clock Tower due to market rush today.,,,http://sundarpurnews.example/local,,1592842257
p01700,bg_0338,user_bg_0338,1790294971,Evening cricket practice match at Sundarpur town stadium was exciting.,,,http://sundarpurnews.example/local,#Sundarpur #Daily,1718242720
p03210,bg_0638,user_bg_0638,1790295021,Evening cricket practice match at Sundarpur town stadium was exciting.,,,,#Sundarpur #Daily,1631690336
p03026,bg_0602,user_bg_0602,1790295032,Sundarpur central library renovation is finally completing this month.,,,,,1654277196
p00344,bg_0066,user_bg_0066,1790295074,Morning tea at Station Road in Sundarpur hits different during winters.,,,,,1562823104
p02761,bg_0549,user_bg_0549,1790295106,Great community turnout for the Sundarpur cultural festival rehearsals.,,,,,1726692881
p02620,bg_0521,user_bg_0521,1790295108,"Delicious street food near Gandhi circle, best kachori in Sundarpur!",,,,,1641085940
p02956,bg_0589,user_bg_0589,1790295119,Monsoon drainage repairs starting near Sundarpur east bus terminus.,,,http://sundarpurnews.example/local,,1710302345
p04019,bg_0800,user_bg_0800,1790295225,Monsoon drainage repairs starting near Sundarpur east bus terminus.,,,http://sundarpurnews.example/local,,1745305856
p03417,bg_0678,user_bg_0678,1790295300,Sundarpur central library renovation is finally completing this month.,,,,,1714057646
p02015,bg_0402,user_bg_0402,1790295471,Morning tea at Station Road in Sundarpur hits different during winters.,,,,,1547479493
p03576,bg_0709,user_bg_0709,1790295497,Great community turnout for the Sundarpur cultural festival rehearsals.,,,,,1587993392
p02494,bg_0496,user_bg_0496,1790295539,Morning tea at Station Road in Sundarpur hits different during winters.,,,,,1748491378
p00955,bg_0191,user_bg_0191,1790295545,Monsoon drainage repairs starting near Sundarpur east bus terminus.,,,,,1640598746
p02502,bg_0497,user_bg_0497,1790295563,Morning tea at Station Road in Sundarpur hits different during winters.,,,,,1543240165
p03014,bg_0600,user_bg_0600,1790295578,Power cut announced for northern suburbs of Sundarpur tomorrow 10am-12pm.,,,,#Sundarpur #Daily,1662203167
p00100,bg_0019,user_bg_0019,1790295641,Local municipal council announced park cleanup drive this Sunday.,,,,,1722500956
p00288,bg_0055,user_bg_0055,1790295695,Heavy traffic near Sundarpur Clock Tower due to market rush today.,,,,,1552160350
p03256,bg_0647,user_bg_0647,1790295731,Morning tea at Station Road in Sundarpur hits different during winters.,,,,,1734398241
p00005,bg_0001,user_bg_0001,1790295734,Monsoon drainage repairs starting near Sundarpur east bus terminus.,,,,,1719208878
p00872,bg_0174,user_bg_0174,1790295749,Sundarpur central library renovation is finally completing this month.,,,,,1702847033
p02915,bg_0581,user_bg_0581,1790295758,Morning tea at Station Road in Sundarpur hits different during winters.,,,,,1618585576
p00216,bg_0042,user_bg_0042,1790295816,Pleasant breezy weather across Sundarpur this afternoon.,,,,,1561554385
p03355,bg_0666,user_bg_0666,1790295883,Monsoon drainage repairs starting near Sundarpur east bus terminus.,,,,,1720128845
p03826,bg_0761,user_bg_0761,1790295890,Power cut announced for northern suburbs of Sundarpur tomorrow 10am-12pm.,,,,,1595923005
p03466,bg_0688,user_bg_0688,1790295950,Evening cricket practice match at Sundarpur town stadium was exciting.,,,,,1677874239
p00014,bg_0003,user_bg_0003,1790295986,Heavy traffic near Sundarpur Clock Tower due to market rush today.,,,,,1679652689
p01272,bg_0254,user_bg_0254,1790296021,Heavy traffic near Sundarpur Clock Tower due to market rush today.,,,,,1644703346
p03941,bg_0784,user_bg_0784,1790296053,"Delicious street food near Gandhi circle, best kachori in Sundarpur!",,,,,1668082656
p03079,bg_0613,user_bg_0613,1790296099,Monsoon drainage repairs starting near Sundarpur east bus terminus.,,,,,1627203801
p01193,bg_0239,user_bg_0239,1790296119,Sundarpur central library renovation is finally completing this month.,,,,,1733936879
p03088,bg_0614,user_bg_0614,1790296154,Evening cricket practice match at Sundarpur town stadium was exciting.,,,,#Sundarpur #Daily,1675980997
p01746,bg_0347,user_bg_0347,1790296170,Power cut announced for northern suburbs of Sundarpur tomorrow 10am-12pm.,,,,,1618316395
p03302,bg_0656,user_bg_0656,1790296195,@user_bg_0364 Agree with this point completely.,,p01823,,,1712036347
p03616,bg_0717,user_bg_0717,1790296220,@user_bg_0205 Agree with this point completely.,,p01021,,,1543208623
p00742,bg_0147,user_bg_0147,1790296332,Sundarpur central library renovation is finally completing this month.,,,http://sundarpurnews.example/local,#Sundarpur #Daily,1580776015
p02016,bg_0402,user_bg_0402,1790296460,Monsoon drainage repairs starting near Sundarpur east bus terminus.,,,,,1547479493
p00646,bg_0128,user_bg_0128,1790296500,Sundarpur central library renovation is finally completing this month.,,,,,1563871233
p01513,bg_0300,user_bg_0300,1790296522,Morning tea at Station Road in Sundarpur hits different during winters.,,,,,1593807296
p02821,bg_0562,user_bg_0562,1790296551,Monsoon drainage repairs starting near Sundarpur east bus terminus.,,,,,1623382826
p03774,bg_0750,user_bg_0750,1790296560,"Delicious street food near Gandhi circle, best kachori in Sundarpur!",,,,,1683885987
p00998,bg_0201,user_bg_0201,1790296670,Monsoon drainage repairs starting near Sundarpur east bus terminus.,,,,,1743870004
p01916,bg_0381,user_bg_0381,1790296720,Local municipal council announced park cleanup drive this Sunday.,,,,,1673294071
p02849,bg_0567,user_bg_0567,1790296722,Great community turnout for the Sundarpur cultural festival rehearsals.,,,,,1668317231
p00976,bg_0196,user_bg_0196,1790296745,Heavy traffic near Sundarpur Clock Tower due to market rush today.,,,,,1732012336
p01102,bg_0221,user_bg_0221,1790296822,Morning tea at Station Road in Sundarpur hits different during winters.,p01034,,,,1734102985
p01900,bg_0378,user_bg_0378,1790296864,Morning tea at Station Road in Sundarpur hits different during winters.,,,,,1660958448
p02222,bg_0442,user_bg_0442,1790296879,Power cut announced for northern suburbs of Sundarpur tomorrow 10am-12pm.,,,,,1655619478
p03035,bg_0604,user_bg_0604,1790297041,Great community turnout for the Sundarpur cultural festival rehearsals.,p02945,,http://sundarpurnews.example/local,,1732011249
p02573,bg_0511,user_bg_0511,1790297051,Monsoon drainage repairs starting near Sundarpur east bus terminus.,,,,,1546558616
p02070,bg_0412,user_bg_0412,1790297089,"Delicious street food near Gandhi circle, best kachori in Sundarpur!",,,,#Sundarpur #Daily,1754359243
p03624,bg_0719,user_bg_0719,1790297099,Heavy traffic near Sundarpur Clock Tower due to market rush today.,,,,,1694876618
p01295,bg_0258,user_bg_0258,1790297168,Evening cricket practice match at Sundarpur town stadium was exciting.,,,,#Sundarpur #Daily,1728660396
p02561,bg_0509,user_bg_0509,1790297212,Evening cricket practice match at Sundarpur town stadium was exciting.,,,,,1563618158
p01281,bg_0256,user_bg_0256,1790297224,Local municipal council announced park cleanup drive this Sunday.,,,,,1683071000
p03090,bg_0615,user_bg_0615,1790297260,Evening cricket practice match at Sundarpur town stadium was exciting.,,,,,1749872405
p01264,bg_0252,user_bg_0252,1790297277,Great community turnout for the Sundarpur cultural festival rehearsals.,,,http://sundarpurnews.example/local,,1684356346
p00415,bg_0081,user_bg_0081,1790297295,Evening cricket practice match at Sundarpur town stadium was exciting.,,,,,1644015242
p03258,bg_0647,user_bg_0647,1790297309,Heavy traffic near Sundarpur Clock Tower due to market rush today.,,,http://sundarpurnews.example/local,#Sundarpur #Daily,1734398241
p00372,bg_0072,user_bg_0072,1790297342,Power cut announced for northern suburbs of Sundarpur tomorrow 10am-12pm.,,,http://sundarpurnews.example/local,,1757515322
p00585,bg_0116,user_bg_0116,1790297350,Evening cricket practice match at Sundarpur town stadium was exciting.,,,,,1606154438
p02668,bg_0530,user_bg_0530,1790297350,Morning tea at Station Road in Sundarpur hits different during winters.,,,,,1704841723
p01129,bg_0226,user_bg_0226,1790297375,Evening cricket practice match at Sundarpur town stadium was exciting.,,,,,1666265805
p01091,bg_0219,user_bg_0219,1790297389,"Delicious street food near Gandhi circle, best kachori in Sundarpur!",,,,,1690313827
p02568,bg_0510,user_bg_0510,1790297400,Power cut announced for northern suburbs of Sundarpur tomorrow 10am-12pm.,,,,,1622894583
p03497,bg_0695,user_bg_0695,1790297475,Pleasant breezy weather across Sundarpur this afternoon.,,,http://sundarpurnews.example/local,,1734942357
p01244,bg_0248,user_bg_0248,1790297630,Local municipal council announced park cleanup drive this Sunday.,,,,,1540864193
p02276,bg_0452,user_bg_0452,1790297686,Pleasant breezy weather across Sundarpur this afternoon.,,,http://sundarpurnews.example/local,,1737544147
p02739,bg_0544,user_bg_0544,1790297698,Great community turnout for the Sundarpur cultural festival rehearsals.,,,http://sundarpurnews.example/local,,1646625355
p00347,bg_0067,user_bg_0067,1790297722,@user_bg_0047 Agree with this point completely.,,p00245,,,1718152781
p02886,bg_0575,user_bg_0575,1790297757,Heavy traffic near Sundarpur Clock Tower due to market rush today.,,,,,1688238422
p01143,bg_0229,user_bg_0229,1790297781,Power cut announced for northern suburbs of Sundarpur tomorrow 10am-12pm.,,,,,1547585759
p03425,bg_0679,user_bg_0679,1790297795,Pleasant breezy weather across Sundarpur this afternoon.,,,,,1551575074
p01469,bg_0292,user_bg_0292,1790297848,Monsoon drainage repairs starting near Sundarpur east bus terminus.,,,,#Sundarpur #Daily,1662571220
p00356,bg_0069,user_bg_0069,1790297912,Local municipal council announced park cleanup drive this Sunday.,,,,,1638263421
p02417,bg_0480,user_bg_0480,1790297967,"Delicious street food near Gandhi circle, best kachori in Sundarpur!",p01596,,,,1563949609
p02696,bg_0536,user_bg_0536,1790298048,Great community turnout for the Sundarpur cultural festival rehearsals.,,,,#Sundarpur #Daily,1753266094
p02227,bg_0443,user_bg_0443,1790298155,Great community turnout for the Sundarpur cultural festival rehearsals.,,,,,1676734562
p00569,bg_0113,user_bg_0113,1790298197,Monsoon drainage repairs starting near Sundarpur east bus terminus.,,,,,1672697993
p01127,bg_0226,user_bg_0226,1790298207,Pleasant breezy weather across Sundarpur this afternoon.,,,http://sundarpurnews.example/local,,1666265805
p02998,bg_0597,user_bg_0597,1790298232,Great community turnout for the Sundarpur cultural festival rehearsals.,,,,,1687600522
p01332,bg_0265,user_bg_0265,1790298258,Great community turnout for the Sundarpur cultural festival rehearsals.,,,,,1672093477
p00472,bg_0094,user_bg_0094,1790298388,Great community turnout for the Sundarpur cultural festival rehearsals.,,,,,1687537657
p01167,bg_0233,user_bg_0233,1790298410,Heavy traffic near Sundarpur Clock Tower due to market rush today.,,,,,1622426774
p01629,bg_0323,user_bg_0323,1790298431,Power cut announced for northern suburbs of Sundarpur tomorrow 10am-12pm.,,,,#Sundarpur #Daily,1624554106
p01026,bg_0206,user_bg_0206,1790298488,Local municipal council announced park cleanup drive this Sunday.,,,,#Sundarpur #Daily,1614915751
p01334,bg_0266,user_bg_0266,1790298557,Sundarpur central library renovation is finally completing this month.,,,,,1542354345
p02172,bg_0432,user_bg_0432,1790298557,Local municipal council announced park cleanup drive this Sunday.,,,,,1557459799
p02778,bg_0553,user_bg_0553,1790298563,Morning tea at Station Road in Sundarpur hits different during winters.,,,,,1748414828
p01926,bg_0383,user_bg_0383,1790298586,@user_bg_0294 Agree with this point completely.,,p01480,,,1673648802
p00007,bg_0001,user_bg_0001,1790298598,Power cut announced for northern suburbs of Sundarpur tomorrow 10am-12pm.,,,,,1719208878
p02511,bg_0499,user_bg_0499,1790298651,@user_bg_0406 Agree with this point completely.,,p02033,,#Sundarpur #Daily,1563687392
p01972,bg_0393,user_bg_0393,1790298696,Sundarpur central library renovation is finally completing this month.,,,,,1634161073
p02384,bg_0474,user_bg_0474,1790298717,Pleasant breezy weather across Sundarpur this afternoon.,,,,,1592329607
p02394,bg_0476,user_bg_0476,1790298729,Heavy traffic near Sundarpur Clock Tower due to market rush today.,,,,,1645001710
p01073,bg_0215,user_bg_0215,1790298810,Morning tea at Station Road in Sundarpur hits different during winters.,,,,,1679919758
p01833,bg_0365,user_bg_0365,1790298891,Evening cricket practice match at Sundarpur town stadium was exciting.,,,,#Sundarpur #Daily,1594155491
p02903,bg_0578,user_bg_0578,1790298988,Power cut announced for northern suburbs of Sundarpur tomorrow 10am-12pm.,,,,,1556302249
p02565,bg_0510,user_bg_0510,1790299004,Sundarpur central library renovation is finally completing this month.,,,,,1622894583
p00523,bg_0104,user_bg_0104,1790299007,Heavy traffic near Sundarpur Clock Tower due to market rush today.,,,,,1733630719
p02829,bg_0563,user_bg_0563,1790299008,Great community turnout for the Sundarpur cultural festival rehearsals.,,,http://sundarpurnews.example/local,,1673478830
p03694,bg_0734,user_bg_0734,1790299072,Morning tea at Station Road in Sundarpur hits different during winters.,,,,,1703587832
p02769,bg_0551,user_bg_0551,1790299095,Monsoon drainage repairs starting near Sundarpur east bus terminus.,,,,,1723151753
p02087,bg_0416,user_bg_0416,1790299115,Monsoon drainage repairs starting near Sundarpur east bus terminus.,,,,,1740493092
p01348,bg_0269,user_bg_0269,1790299118,Heavy traffic near Sundarpur Clock Tower due to market rush today.,,,,,1622847999
p01689,bg_0336,user_bg_0336,1790299198,Evening cricket practice match at Sundarpur town stadium was exciting.,,,,,1704721666
p02446,bg_0487,user_bg_0487,1790299283,"Delicious street food near Gandhi circle, best kachori in Sundarpur!",,,,,1612422304
p01558,bg_0310,user_bg_0310,1790299336,@user_bg_0028 Agree with this point completely.,,p00148,,,1585919160
p03390,bg_0672,user_bg_0672,1790299363,Pleasant breezy weather across Sundarpur this afternoon.,p01490,,,,1589226240
p00749,bg_0149,user_bg_0149,1790299365,Evening cricket practice match at Sundarpur town stadium was exciting.,,,,,1578902500
p03304,bg_0656,user_bg_0656,1790299382,Pleasant breezy weather across Sundarpur this afternoon.,p02149,,,,1712036347
p02026,bg_0404,user_bg_0404,1790299520,Pleasant breezy weather across Sundarpur this afternoon.,,,,,1653830616
p01887,bg_0375,user_bg_0375,1790299582,Great community turnout for the Sundarpur cultural festival rehearsals.,,,,#Sundarpur #Daily,1683655307
p01241,bg_0248,user_bg_0248,1790299589,Power cut announced for northern suburbs of Sundarpur tomorrow 10am-12pm.,p00020,,,,1540864193
p00034,bg_0007,user_bg_0007,1790299614,Monsoon drainage repairs starting near Sundarpur east bus terminus.,,,,,1748075480
p03169,bg_0630,user_bg_0630,1790299614,Sundarpur central library renovation is finally completing this month.,,,,,1723676139
p00586,bg_0116,user_bg_0116,1790299653,Morning tea at Station Road in Sundarpur hits different during winters.,,,,,1606154438
p02112,bg_0420,user_bg_0420,1790299681,"Delicious street food near Gandhi circle, best kachori in Sundarpur!",,,http://sundarpurnews.example/local,,1554523302
p03653,bg_0725,user_bg_0725,1790299698,Heavy traffic near Sundarpur Clock Tower due to market rush today.,,,,,1708488591
p02058,bg_0410,user_bg_0410,1790299728,Power cut announced for northern suburbs of Sundarpur tomorrow 10am-12pm.,,,,,1655286151
p02211,bg_0440,user_bg_0440,1790299820,Evening cricket practice match at Sundarpur town stadium was exciting.,,,,,1614115848
p01821,bg_0363,user_bg_0363,1790299908,Morning tea at Station Road in Sundarpur hits different during winters.,,,http://sundarpurnews.example/local,,1663126328
p00879,bg_0175,user_bg_0175,1790299986,Evening cricket practice match at Sundarpur town stadium was exciting.,,,,#Sundarpur #Daily,1566403651
p03073,bg_0611,user_bg_0611,1790300051,Power cut announced for northern suburbs of Sundarpur tomorrow 10am-12pm.,,,http://sundarpurnews.example/local,,1665973419
p00772,bg_0154,user_bg_0154,1790300193,Great community turnout for the Sundarpur cultural festival rehearsals.,,,,,1671588680
p03325,bg_0660,user_bg_0660,1790300197,Monsoon drainage repairs starting near Sundarpur east bus terminus.,,,,,1664780468
p01816,bg_0362,user_bg_0362,1790300234,Monsoon drainage repairs starting near Sundarpur east bus terminus.,,,,,1574052456
p02935,bg_0584,user_bg_0584,1790300271,"Delicious street food near Gandhi circle, best kachori in Sundarpur!",,,,,1582903912
p00108,bg_0021,user_bg_0021,1790300295,Power cut announced for northern suburbs of Sundarpur tomorrow 10am-12pm.,,,,#Sundarpur #Daily,1631641082
p01153,bg_0230,user_bg_0230,1790300299,Power cut announced for northern suburbs of Sundarpur tomorrow 10am-12pm.,,,http://sundarpurnews.example/local,#Sundarpur #Daily,1636389114
p00926,bg_0186,user_bg_0186,1790300308,Pleasant breezy weather across Sundarpur this afternoon.,,,,,1665271844
p03938,bg_0783,user_bg_0783,1790300360,Great community turnout for the Sundarpur cultural festival rehearsals.,,,,#Sundarpur #Daily,1722248794
p02817,bg_0561,user_bg_0561,1790300399,Monsoon drainage repairs starting near Sundarpur east bus terminus.,,,,,1730776687
p00297,bg_0057,user_bg_0057,1790300509,@user_bg_0017 Agree with this point completely.,,p00090,,,1709768384
p01822,bg_0363,user_bg_0363,1790300545,Heavy traffic near Sundarpur Clock Tower due to market rush today.,,,,#Sundarpur #Daily,1663126328
p02658,bg_0528,user_bg_0528,1790300553,Great community turnout for the Sundarpur cultural festival rehearsals.,,,,,1591297168
p02381,bg_0473,user_bg_0473,1790300580,@user_bg_0113 Agree with this point completely.,,p00569,,#Sundarpur #Daily,1584606359
p00226,bg_0044,user_bg_0044,1790300609,Morning tea at Station Road in Sundarpur hits different during winters.,,,,,1677565007
p02637,bg_0524,user_bg_0524,1790300625,"Delicious street food near Gandhi circle, best kachori in Sundarpur!",,,,,1691934500
p03913,bg_0778,user_bg_0778,1790300628,Monsoon drainage repairs starting near Sundarpur east bus terminus.,,,,,1578110998
p00466,bg_0093,user_bg_0093,1790300671,Morning tea at Station Road in Sundarpur hits different during winters.,p00081,,,,1683765886
p01108,bg_0222,user_bg_0222,1790300676,"Delicious street food near Gandhi circle, best kachori in Sundarpur!",,,,,1634444880
p01337,bg_0266,user_bg_0266,1790300701,Pleasant breezy weather across Sundarpur this afternoon.,,,,,1542354345
p00848,bg_0169,user_bg_0169,1790300704,Morning tea at Station Road in Sundarpur hits different during winters.,,,,#Sundarpur #Daily,1568379138
p00616,bg_0122,user_bg_0122,1790300716,Local municipal council announced park cleanup drive this Sunday.,,,,,1690891331
p02215,bg_0440,user_bg_0440,1790300725,Great community turnout for the Sundarpur cultural festival rehearsals.,,,http://sundarpurnews.example/local,,1614115848
p00649,bg_0129,user_bg_0129,1790300750,"Delicious street food near Gandhi circle, best kachori in Sundarpur!",,,,,1740804677
p00995,bg_0200,user_bg_0200,1790300806,Monsoon drainage repairs starting near Sundarpur east bus terminus.,,,,,1606556704
p01247,bg_0249,user_bg_0249,1790300810,"Delicious street food near Gandhi circle, best kachori in Sundarpur!",,,,,1652212425
p00353,bg_0068,user_bg_0068,1790300880,Local municipal council announced park cleanup drive this Sunday.,,,,,1664339212
p00546,bg_0108,user_bg_0108,1790300965,Pleasant breezy weather across Sundarpur this afternoon.,,,,,1576763195
p03104,bg_0618,user_bg_0618,1790300977,Morning tea at Station Road in Sundarpur hits different during winters.,,,,,1736396083
p02964,bg_0590,user_bg_0590,1790301056,Heavy traffic near Sundarpur Clock Tower due to market rush today.,,,,,1724385442
p03860,bg_0768,user_bg_0768,1790301078,Local municipal council announced park cleanup drive this Sunday.,,,,#Sundarpur #Daily,1697945818
p00038,bg_0008,user_bg_0008,1790301168,Local municipal council announced park cleanup drive this Sunday.,,,,,1681306495
p02989,bg_0595,user_bg_0595,1790301168,Sundarpur central library renovation is finally completing this month.,,,,,1654275623
p02563,bg_0509,user_bg_0509,1790301232,@user_bg_0223 Agree with this point completely.,,p01113,,,1563618158
p03649,bg_0724,user_bg_0724,1790301237,Power cut announced for northern suburbs of Sundarpur tomorrow 10am-12pm.,,,,,1616830720
p03387,bg_0672,user_bg_0672,1790301315,Local municipal council announced park cleanup drive this Sunday.,,,,,1589226240
p00086,bg_0016,user_bg_0016,1790301317,Evening cricket practice match at Sundarpur town stadium was exciting.,,,,,1609090197
p02575,bg_0512,user_bg_0512,1790301336,Monsoon drainage repairs starting near Sundarpur east bus terminus.,p00325,,,#Sundarpur #Daily,1710315550
p03996,bg_0795,user_bg_0795,1790301348,Great community turnout for the Sundarpur cultural festival rehearsals.,,,,,1651504002
p01966,bg_0392,user_bg_0392,1790301451,Power cut announced for northern suburbs of Sundarpur tomorrow 10am-12pm.,,,http://sundarpurnews.example/local,,1563901757
p00712,bg_0141,user_bg_0141,1790301479,Monsoon drainage repairs starting near Sundarpur east bus terminus.,,,http://sundarpurnews.example/local,,1691510090
p01652,bg_0328,user_bg_0328,1790301548,Evening cricket practice match at Sundarpur town stadium was exciting.,,,,,1729721644
p02536,bg_0504,user_bg_0504,1790301576,Heavy traffic near Sundarpur Clock Tower due to market rush today.,,,,,1704237323
p00184,bg_0036,user_bg_0036,1790301616,Power cut announced for northern suburbs of Sundarpur tomorrow 10am-12pm.,,,http://sundarpurnews.example/local,,1684507793
p02011,bg_0401,user_bg_0401,1790301641,Power cut announced for northern suburbs of Sundarpur tomorrow 10am-12pm.,,,,,1550103165
p01976,bg_0394,user_bg_0394,1790301736,Monsoon drainage repairs starting near Sundarpur east bus terminus.,,,,,1662826589
p03662,bg_0727,user_bg_0727,1790301794,Great community turnout for the Sundarpur cultural festival rehearsals.,,,,#Sundarpur #Daily,1570971397
p02138,bg_0425,user_bg_0425,1790301888,Monsoon drainage repairs starting near Sundarpur east bus terminus.,,,,#Sundarpur #Daily,1561234548
p03344,bg_0664,user_bg_0664,1790301926,Heavy traffic near Sundarpur Clock Tower due to market rush today.,,,,#Sundarpur #Daily,1600021053
p03763,bg_0748,user_bg_0748,1790301946,Morning tea at Station Road in Sundarpur hits different during winters.,,,,,1739251407
p00636,bg_0126,user_bg_0126,1790302031,Pleasant breezy weather across Sundarpur this afternoon.,,,,,1594995142
p02210,bg_0440,user_bg_0440,1790302053,Sundarpur central library renovation is finally completing this month.,,,,,1614115848
p03204,bg_0637,user_bg_0637,1790302165,@user_bg_0501 Agree with this point completely.,,p02520,,,1566016518
p00958,bg_0192,user_bg_0192,1790302170,Pleasant breezy weather across Sundarpur this afternoon.,,,,,1666004378
p03594,bg_0713,user_bg_0713,1790302228,Great community turnout for the Sundarpur cultural festival rehearsals.,,,,,1555507243
p02344,bg_0466,user_bg_0466,1790302234,Local municipal council announced park cleanup drive this Sunday.,,,,,1751381725
p00941,bg_0188,user_bg_0188,1790302302,Morning tea at Station Road in Sundarpur hits different during winters.,,,,,1740644897
p03508,bg_0697,user_bg_0697,1790302378,Great community turnout for the Sundarpur cultural festival rehearsals.,,,,,1605861456
p01368,bg_0272,user_bg_0272,1790302467,@user_bg_0153 Agree with this point completely.,,p00768,,,1756717170
p01270,bg_0253,user_bg_0253,1790302584,Great community turnout for the Sundarpur cultural festival rehearsals.,,,,,1553483516
p01733,bg_0345,user_bg_0345,1790302587,Evening cricket practice match at Sundarpur town stadium was exciting.,,,,,1749572888
p00382,bg_0074,user_bg_0074,1790302600,Pleasant breezy weather across Sundarpur this afternoon.,,,,,1578992347
p01233,bg_0246,user_bg_0246,1790302720,"Delicious street food near Gandhi circle, best kachori in Sundarpur!",,,,#Sundarpur #Daily,1690835108
p03163,bg_0629,user_bg_0629,1790302736,Heavy traffic near Sundarpur Clock Tower due to market rush today.,,,,,1704053579
p03718,bg_0738,user_bg_0738,1790303016,@user_bg_0250 Agree with this point completely.,,p01252,,,1586833970
p01736,bg_0346,user_bg_0346,1790303084,Power cut announced for northern suburbs of Sundarpur tomorrow 10am-12pm.,,,,,1554921992
p01470,bg_0292,user_bg_0292,1790303135,@user_bg_0104 Agree with this point completely.,,p00523,,,1662571220
p02445,bg_0486,user_bg_0486,1790303261,"Delicious street food near Gandhi circle, best kachori in Sundarpur!",,,,,1566683752
p03020,bg_0601,user_bg_0601,1790303308,@user_bg_0465 Agree with this point completely.,,p02343,,,1667774356
p00387,bg_0075,user_bg_0075,1790303330,Great community turnout for the Sundarpur cultural festival rehearsals.,,,,,1653106948
p01293,bg_0258,user_bg_0258,1790303369,Evening cricket practice match at Sundarpur town stadium was exciting.,,,http://sundarpurnews.example/local,#Sundarpur #Daily,1728660396
p00841,bg_0167,user_bg_0167,1790303380,Pleasant breezy weather across Sundarpur this afternoon.,,,,,1538876192
p03530,bg_0701,user_bg_0701,1790303447,Monsoon drainage repairs starting near Sundarpur east bus terminus.,p02740,,http://sundarpurnews.example/local,,1559927207
p02347,bg_0466,user_bg_0466,1790303471,@user_bg_0178 Agree with this point completely.,,p00890,,,1751381725
p01779,bg_0354,user_bg_0354,1790303489,Sundarpur central library renovation is finally completing this month.,,,http://sundarpurnews.example/local,,1627544238
p01269,bg_0253,user_bg_0253,1790303579,Morning tea at Station Road in Sundarpur hits different during winters.,,,,,1553483516
p02372,bg_0471,user_bg_0471,1790303622,Morning tea at Station Road in Sundarpur hits different during winters.,,,http://sundarpurnews.example/local,,1694485520
p00020,bg_0004,user_bg_0004,1790303771,Pleasant breezy weather across Sundarpur this afternoon.,,,http://sundarpurnews.example/local,,1722473882
p02789,bg_0555,user_bg_0555,1790303844,@user_bg_0170 Agree with this point completely.,,p00852,,,1654884584
p02479,bg_0493,user_bg_0493,1790303856,Pleasant breezy weather across Sundarpur this afternoon.,,,,,1564307572
p00667,bg_0133,user_bg_0133,1790303874,@user_bg_0131 Agree with this point completely.,,p00661,,#Sundarpur #Daily,1586817492
p03314,bg_0658,user_bg_0658,1790303911,Sundarpur central library renovation is finally completing this month.,,,,#Sundarpur #Daily,1550336037
p01925,bg_0383,user_bg_0383,1790303915,Heavy traffic near Sundarpur Clock Tower due to market rush today.,,,,,1673648802
p00687,bg_0136,user_bg_0136,1790303925,Pleasant breezy weather across Sundarpur this afternoon.,,,,,1624511482
p00505,bg_0100,user_bg_0100,1790303936,Great community turnout for the Sundarpur cultural festival rehearsals.,,,,,1639029157
p02383,bg_0473,user_bg_0473,1790303958,Monsoon drainage repairs starting near Sundarpur east bus terminus.,,,,,1584606359
p00733,bg_0145,user_bg_0145,1790303977,Sundarpur central library renovation is finally completing this month.,,,,,1738392972
p01676,bg_0333,user_bg_0333,1790304018,Heavy traffic near Sundarpur Clock Tower due to market rush today.,,,,,1744438467
p03797,bg_0755,user_bg_0755,1790304081,Sundarpur central library renovation is finally completing this month.,,,,,1712948234
p01549,bg_0307,user_bg_0307,1790304090,Morning tea at Station Road in Sundarpur hits different during winters.,,,,,1620678121
p02873,bg_0572,user_bg_0572,1790304112,Morning tea at Station Road in Sundarpur hits different during winters.,,,,,1652847746
p02451,bg_0488,user_bg_0488,1790304132,Sundarpur central library renovation is finally completing this month.,,,,,1692316752
p00271,bg_0052,user_bg_0052,1790304149,@user_bg_0015 Agree with this point completely.,,p00081,http://sundarpurnews.example/local,,1671413579
p02298,bg_0457,user_bg_0457,1790304191,Evening cricket practice match at Sundarpur town stadium was exciting.,,,,,1616252483
p02525,bg_0502,user_bg_0502,1790304348,Evening cricket practice match at Sundarpur town stadium was exciting.,,,,,1718574882
p01190,bg_0238,user_bg_0238,1790304361,Monsoon drainage repairs starting near Sundarpur east bus terminus.,,,http://sundarpurnews.example/local,,1629838131
p00951,bg_0190,user_bg_0190,1790304436,Morning tea at Station Road in Sundarpur hits different during winters.,,,,,1743052464
p03318,bg_0659,user_bg_0659,1790304443,Morning tea at Station Road in Sundarpur hits different during winters.,,,,,1753097238
p00937,bg_0187,user_bg_0187,1790304444,Heavy traffic near Sundarpur Clock Tower due to market rush today.,,,,,1585750514
p01666,bg_0331,user_bg_0331,1790304447,"Delicious street food near Gandhi circle, best kachori in Sundarpur!",,,,,1679374015
p01562,bg_0310,user_bg_0310,1790304465,Great community turnout for the Sundarpur cultural festival rehearsals.,p00020,,,,1585919160
p03579,bg_0710,user_bg_0710,1790304469,Power cut announced for northern suburbs of Sundarpur tomorrow 10am-12pm.,,,,,1720374690
p01672,bg_0332,user_bg_0332,1790304479,Morning tea at Station Road in Sundarpur hits different during winters.,,,,#Sundarpur #Daily,1734411026
p02735,bg_0543,user_bg_0543,1790304500,Power cut announced for northern suburbs of Sundarpur tomorrow 10am-12pm.,,,http://sundarpurnews.example/local,,1569869808
p03383,bg_0671,user_bg_0671,1790304507,Heavy traffic near Sundarpur Clock Tower due to market rush today.,,,,#Sundarpur #Daily,1747639172
p03077,bg_0612,user_bg_0612,1790304566,"Delicious street food near Gandhi circle, best kachori in Sundarpur!",,,,,1623903695
p01340,bg_0267,user_bg_0267,1790304648,Monsoon drainage repairs starting near Sundarpur east bus terminus.,,,,,1597522321
p02353,bg_0467,user_bg_0467,1790304648,Morning tea at Station Road in Sundarpur hits different during winters.,,,,#Sundarpur #Daily,1554705273
p01778,bg_0354,user_bg_0354,1790304689,"Delicious street food near Gandhi circle, best kachori in Sundarpur!",,,,,1627544238
p00103,bg_0020,user_bg_0020,1790304956,Morning tea at Station Road in Sundarpur hits different during winters.,,,,,1624178276
p03377,bg_0670,user_bg_0670,1790304967,Local municipal council announced park cleanup drive this Sunday.,,,,,1596601923
p01132,bg_0227,user_bg_0227,1790305035,Monsoon drainage repairs starting near Sundarpur east bus terminus.,,,,#Sundarpur #Daily,1553179595
p01323,bg_0263,user_bg_0263,1790305108,Great community turnout for the Sundarpur cultural festival rehearsals.,,,,,1688207313
p01214,bg_0243,user_bg_0243,1790305179,"Delicious street food near Gandhi circle, best kachori in Sundarpur!",,,,,1614185953
p03398,bg_0674,user_bg_0674,1790305220,Evening cricket practice match at Sundarpur town stadium was exciting.,,,,,1585170938
p00329,bg_0063,user_bg_0063,1790305228,Heavy traffic near Sundarpur Clock Tower due to market rush today.,,,,,1622487619
p02832,bg_0564,user_bg_0564,1790305276,Morning tea at Station Road in Sundarpur hits different during winters.,,,,,1552299558
p03252,bg_0646,user_bg_0646,1790305313,"Delicious street food near Gandhi circle, best kachori in Sundarpur!",,,,#Sundarpur #Daily,1558874096
p00621,bg_0123,user_bg_0123,1790305321,Monsoon drainage repairs starting near Sundarpur east bus terminus.,,,,,1568928400
p00011,bg_0002,user_bg_0002,1790305383,Local municipal council announced park cleanup drive this Sunday.,p00002,,,,1661349698
p01499,bg_0297,user_bg_0297,1790305459,Great community turnout for the Sundarpur cultural festival rehearsals.,,,,,1682926018
p02499,bg_0497,user_bg_0497,1790305491,Heavy traffic near Sundarpur Clock Tower due to market rush today.,,,,,1543240165
p03404,bg_0676,user_bg_0676,1790305500,Pleasant breezy weather across Sundarpur this afternoon.,,,,,1644722130
p03038,bg_0605,user_bg_0605,1790305605,Morning tea at Station Road in Sundarpur hits different during winters.,,,,,1678822489
p03397,bg_0674,user_bg_0674,1790305706,Pleasant breezy weather across Sundarpur this afternoon.,,,,,1585170938
p02400,bg_0477,user_bg_0477,1790305725,Pleasant breezy weather across Sundarpur this afternoon.,,,http://sundarpurnews.example/local,,1701796028
p00905,bg_0181,user_bg_0181,1790305726,Great community turnout for the Sundarpur cultural festival rehearsals.,,,,,1720833312
p01235,bg_0247,user_bg_0247,1790305729,Sundarpur central library renovation is finally completing this month.,,,,#Sundarpur #Daily,1624534010
p01881,bg_0374,user_bg_0374,1790305840,Sundarpur central library renovation is finally completing this month.,,,,#Sundarpur #Daily,1694386304
p01690,bg_0336,user_bg_0336,1790305858,Heavy traffic near Sundarpur Clock Tower due to market rush today.,,,,,1704721666
p00218,bg_0042,user_bg_0042,1790305911,Power cut announced for northern suburbs of Sundarpur tomorrow 10am-12pm.,,,,,1561554385
p02071,bg_0412,user_bg_0412,1790305969,Local municipal council announced park cleanup drive this Sunday.,,,,,1754359243
p00481,bg_0096,user_bg_0096,1790306000,Great community turnout for the Sundarpur cultural festival rehearsals.,,,,,1626555822
p01677,bg_0333,user_bg_0333,1790306081,Power cut announced for northern suburbs of Sundarpur tomorrow 10am-12pm.,,,,#Sundarpur #Daily,1744438467
p02773,bg_0552,user_bg_0552,1790306161,Monsoon drainage repairs starting near Sundarpur east bus terminus.,,,,,1699804851
p03795,bg_0755,user_bg_0755,1790306202,"Delicious street food near Gandhi circle, best kachori in Sundarpur!",,,,#Sundarpur #Daily,1712948234
p03957,bg_0787,user_bg_0787,1790306211,Evening cricket practice match at Sundarpur town stadium was exciting.,,,,,1732016018
p02035,bg_0406,user_bg_0406,1790306230,Heavy traffic near Sundarpur Clock Tower due to market rush today.,,,,,1651642654
p01669,bg_0332,user_bg_0332,1790306320,Local municipal council announced park cleanup drive this Sunday.,,,,,1734411026
p01518,bg_0301,user_bg_0301,1790306324,Pleasant breezy weather across Sundarpur this afternoon.,,,,#Sundarpur #Daily,1736599110
p01909,bg_0380,user_bg_0380,1790306329,Morning tea at Station Road in Sundarpur hits different during winters.,,,,,1691050421
p03686,bg_0732,user_bg_0732,1790306358,Sundarpur central library renovation is finally completing this month.,,,,,1557888548
p03402,bg_0675,user_bg_0675,1790306393,Heavy traffic near Sundarpur Clock Tower due to market rush today.,,,,,1732608189
p03611,bg_0716,user_bg_0716,1790306514,"Delicious street food near Gandhi circle, best kachori in Sundarpur!",,,http://sundarpurnews.example/local,,1561615441
p03208,bg_0638,user_bg_0638,1790306534,Great community turnout for the Sundarpur cultural festival rehearsals.,,,,,1631690336
p03092,bg_0615,user_bg_0615,1790306563,Morning tea at Station Road in Sundarpur hits different during winters.,,,,,1749872405
p03407,bg_0676,user_bg_0676,1790306574,Power cut announced for northern suburbs of Sundarpur tomorrow 10am-12pm.,,,,,1644722130
p00041,bg_0008,user_bg_0008,1790306637,Evening cricket practice match at Sundarpur town stadium was exciting.,,,,#Sundarpur #Daily,1681306495
p00584,bg_0116,user_bg_0116,1790306691,Morning tea at Station Road in Sundarpur hits different during winters.,,,,,1606154438
p00314,bg_0060,user_bg_0060,1790306708,Morning tea at Station Road in Sundarpur hits different during winters.,,,http://sundarpurnews.example/local,,1704599840
p03833,bg_0762,user_bg_0762,1790306758,Power cut announced for northern suburbs of Sundarpur tomorrow 10am-12pm.,,,,,1647914665
p02772,bg_0552,user_bg_0552,1790306788,Heavy traffic near Sundarpur Clock Tower due to market rush today.,,,,#Sundarpur #Daily,1699804851
p02285,bg_0454,user_bg_0454,1790306849,Great community turnout for the Sundarpur cultural festival rehearsals.,,,,,1557243428
p00982,bg_0197,user_bg_0197,1790306870,Power cut announced for northern suburbs of Sundarpur tomorrow 10am-12pm.,,,,,1565591122
p01579,bg_0314,user_bg_0314,1790306881,Local municipal council announced park cleanup drive this Sunday.,,,,,1615547232
p02336,bg_0464,user_bg_0464,1790306906,Power cut announced for northern suburbs of Sundarpur tomorrow 10am-12pm.,,,,,1726320405
p00191,bg_0037,user_bg_0037,1790306919,Morning tea at Station Road in Sundarpur hits different during winters.,,,http://sundarpurnews.example/local,,1733455040
p00740,bg_0147,user_bg_0147,1790306945,"Delicious street food near Gandhi circle, best kachori in Sundarpur!",,,,#Sundarpur #Daily,1580776015
p00651,bg_0129,user_bg_0129,1790306957,Power cut announced for northern suburbs of Sundarpur tomorrow 10am-12pm.,,,,,1740804677
p03811,bg_0758,user_bg_0758,1790307037,Evening cricket practice match at Sundarpur town stadium was exciting.,,,,,1633333447
p03966,bg_0788,user_bg_0788,1790307155,Local municipal council announced park cleanup drive this Sunday.,,,http://sundarpurnews.example/local,,1583877611
p01302,bg_0260,user_bg_0260,1790307275,Great community turnout for the Sundarpur cultural festival rehearsals.,,,,,1539537533
p02595,bg_0515,user_bg_0515,1790307366,Pleasant breezy weather across Sundarpur this afternoon.,,,,,1664082736
p00662,bg_0132,user_bg_0132,1790307384,"Delicious street food near Gandhi circle, best kachori in Sundarpur!",,,,,1699818869
p00688,bg_0136,user_bg_0136,1790307411,Great community turnout for the Sundarpur cultural festival rehearsals.,,,,,1624511482
p00132,bg_0025,user_bg_0025,1790307438,Evening cricket practice match at Sundarpur town stadium was exciting.,,,,#Sundarpur #Daily,1624694328
p01750,bg_0348,user_bg_0348,1790307440,Heavy traffic near Sundarpur Clock Tower due to market rush today.,,,,,1731811207
p03806,bg_0757,user_bg_0757,1790307539,Sundarpur central library renovation is finally completing this month.,,,http://sundarpurnews.example/local,,1581643633
p03654,bg_0725,user_bg_0725,1790307588,Great community turnout for the Sundarpur cultural festival rehearsals.,,,,#Sundarpur #Daily,1708488591
p02245,bg_0446,user_bg_0446,1790307628,Evening cricket practice match at Sundarpur town stadium was exciting.,,,,,1665114727
p03868,bg_0769,user_bg_0769,1790307638,Morning tea at Station Road in Sundarpur hits different during winters.,,,,,1595873828
p03098,bg_0617,user_bg_0617,1790307681,"Delicious street food near Gandhi circle, best kachori in Sundarpur!",,,,,1542805815
p03951,bg_0785,user_bg_0785,1790307732,Heavy traffic near Sundarpur Clock Tower due to market rush today.,,,,#Sundarpur #Daily,1697338957
p02714,bg_0539,user_bg_0539,1790307987,Great community turnout for the Sundarpur cultural festival rehearsals.,,,,#Sundarpur #Daily,1592491537
p03209,bg_0638,user_bg_0638,1790307992,Power cut announced for northern suburbs of Sundarpur tomorrow 10am-12pm.,,,http://sundarpurnews.example/local,#Sundarpur #Daily,1631690336
p01255,bg_0251,user_bg_0251,1790308025,Morning tea at Station Road in Sundarpur hits different during winters.,,,,,1651160006
p01352,bg_0270,user_bg_0270,1790308037,Heavy traffic near Sundarpur Clock Tower due to market rush today.,,,,#Sundarpur #Daily,1617285579
p01387,bg_0276,user_bg_0276,1790308047,Great community turnout for the Sundarpur cultural festival rehearsals.,p00080,,,,1561385462
p01083,bg_0217,user_bg_0217,1790308060,Pleasant breezy weather across Sundarpur this afternoon.,p00410,,,#Sundarpur #Daily,1650633831
p00128,bg_0025,user_bg_0025,1790308116,Monsoon drainage repairs starting near Sundarpur east bus terminus.,,,,#Sundarpur #Daily,1624694328
p00280,bg_0054,user_bg_0054,1790308185,Pleasant breezy weather across Sundarpur this afternoon.,p00005,,,,1551818555
p00179,bg_0035,user_bg_0035,1790308216,Power cut announced for northern suburbs of Sundarpur tomorrow 10am-12pm.,,,,,1627668166
p02851,bg_0567,user_bg_0567,1790308230,Great community turnout for the Sundarpur cultural festival rehearsals.,,,,,1668317231
p00181,bg_0035,user_bg_0035,1790308246,Morning tea at Station Road in Sundarpur hits different during winters.,,,,#Sundarpur #Daily,1627668166
p02001,bg_0398,user_bg_0398,1790308250,Monsoon drainage repairs starting near Sundarpur east bus terminus.,,,,,1569066667
p02730,bg_0542,user_bg_0542,1790308267,Pleasant breezy weather across Sundarpur this afternoon.,,,,,1730307865
p02860,bg_0569,user_bg_0569,1790308279,Power cut announced for northern suburbs of Sundarpur tomorrow 10am-12pm.,,,,,1565261506
p01369,bg_0272,user_bg_0272,1790308306,Morning tea at Station Road in Sundarpur hits different during winters.,,,,,1756717170
p03496,bg_0695,user_bg_0695,1790308347,Power cut announced for northern suburbs of Sundarpur tomorrow 10am-12pm.,,,,#Sundarpur #Daily,1734942357
p01809,bg_0360,user_bg_0360,1790308357,Monsoon drainage repairs starting near Sundarpur east bus terminus.,,,,,1595932852
p00511,bg_0101,user_bg_0101,1790308365,Great community turnout for the Sundarpur cultural festival rehearsals.,,,,#Sundarpur #Daily,1550539003
p00071,bg_0014,user_bg_0014,1790308385,Heavy traffic near Sundarpur Clock Tower due to market rush today.,,,,,1550157263
p00409,bg_0080,user_bg_0080,1790308490,"Delicious street food near Gandhi circle, best kachori in Sundarpur!",,,,,1758509704
p01500,bg_0297,user_bg_0297,1790308551,Monsoon drainage repairs starting near Sundarpur east bus terminus.,,,http://sundarpurnews.example/local,,1682926018
p02746,bg_0546,user_bg_0546,1790308563,Great community turnout for the Sundarpur cultural festival rehearsals.,,,,#Sundarpur #Daily,1745984131
p03712,bg_0737,user_bg_0737,1790308623,Heavy traffic near Sundarpur Clock Tower due to market rush today.,p01978,,,,1601929976
p02954,bg_0588,user_bg_0588,1790308640,Heavy traffic near Sundarpur Clock Tower due to market rush today.,,,,#Sundarpur #Daily,1670044000
p00163,bg_0031,user_bg_0031,1790308641,Evening cricket practice match at Sundarpur town stadium was exciting.,,,,,1730468112
p03896,bg_0774,user_bg_0774,1790308680,Pleasant breezy weather across Sundarpur this afternoon.,,,,#Sundarpur #Daily,1730835073
p02794,bg_0556,user_bg_0556,1790308762,Pleasant breezy weather across Sundarpur this afternoon.,,,,,1626036450
p02102,bg_0418,user_bg_0418,1790308781,Pleasant breezy weather across Sundarpur this afternoon.,,,,,1735587721
p01183,bg_0237,user_bg_0237,1790308789,Sundarpur central library renovation is finally completing this month.,,,,,1568117825
p01428,bg_0284,user_bg_0284,1790308817,Local municipal council announced park cleanup drive this Sunday.,,,,,1702419816
p01062,bg_0213,user_bg_0213,1790308897,Morning tea at Station Road in Sundarpur hits different during winters.,,,,#Sundarpur #Daily,1720465340
p00284,bg_0055,user_bg_0055,1790308983,Heavy traffic near Sundarpur Clock Tower due to market rush today.,,,,,1552160350
p03396,bg_0674,user_bg_0674,1790309032,Monsoon drainage repairs starting near Sundarpur east bus terminus.,,,,,1585170938
p00915,bg_0183,user_bg_0183,1790309046,Local municipal council announced park cleanup drive this Sunday.,,,,,1658977676
p00192,bg_0037,user_bg_0037,1790309058,Local municipal council announced park cleanup drive this Sunday.,,,,#Sundarpur #Daily,1733455040
p03218,bg_0640,user_bg_0640,1790309077,Monsoon drainage repairs starting near Sundarpur east bus terminus.,,,http://sundarpurnews.example/local,,1691487211
p02977,bg_0593,user_bg_0593,1790309121,Morning tea at Station Road in Sundarpur hits different during winters.,,,,#Sundarpur #Daily,1553624623
p02798,bg_0557,user_bg_0557,1790309131,"Delicious street food near Gandhi circle, best kachori in Sundarpur!",,,,,1707141607
p02729,bg_0542,user_bg_0542,1790309140,Power cut announced for northern suburbs of Sundarpur tomorrow 10am-12pm.,,,,,1730307865
p01392,bg_0277,user_bg_0277,1790309170,Pleasant breezy weather across Sundarpur this afternoon.,,,,,1715723029
p02986,bg_0595,user_bg_0595,1790309193,Power cut announced for northern suburbs of Sundarpur tomorrow 10am-12pm.,,,,,1654275623
p02569,bg_0510,user_bg_0510,1790309207,Heavy traffic near Sundarpur Clock Tower due to market rush today.,,,,,1622894583
p00539,bg_0107,user_bg_0107,1790309227,Great community turnout for the Sundarpur cultural festival rehearsals.,,,,,1641714087
p01473,bg_0293,user_bg_0293,1790309232,Sundarpur central library renovation is finally completing this month.,,,,,1645577198
p03367,bg_0669,user_bg_0669,1790309244,Heavy traffic near Sundarpur Clock Tower due to market rush today.,,,,,1574179535
p03717,bg_0738,user_bg_0738,1790309262,Sundarpur central library renovation is finally completing this month.,,,http://sundarpurnews.example/local,,1586833970
p03528,bg_0701,user_bg_0701,1790309280,Evening cricket practice match at Sundarpur town stadium was exciting.,,,,,1559927207
p02459,bg_0489,user_bg_0489,1790309285,Sundarpur central library renovation is finally completing this month.,,,,,1630727209
p02944,bg_0586,user_bg_0586,1790309298,Power cut announced for northern suburbs of Sundarpur tomorrow 10am-12pm.,,,,,1633957505
p02421,bg_0481,user_bg_0481,1790309303,Sundarpur central library renovation is finally completing this month.,,,,#Sundarpur #Daily,1597738742
p00149,bg_0029,user_bg_0029,1790309313,Evening cricket practice match at Sundarpur town stadium was exciting.,,,,,1734072406
p02529,bg_0503,user_bg_0503,1790309355,Pleasant breezy weather across Sundarpur this afternoon.,,,,,1717130496
p03971,bg_0789,user_bg_0789,1790309376,Morning tea at Station Road in Sundarpur hits different during winters.,,,,,1559182352
p01155,bg_0231,user_bg_0231,1790309392,Local municipal council announced park cleanup drive this Sunday.,,,,,1604286657
p01731,bg_0344,user_bg_0344,1790309435,Sundarpur central library renovation is finally completing this month.,,,,#Sundarpur #Daily,1720491049
p01600,bg_0317,user_bg_0317,1790309514,Evening cricket practice match at Sundarpur town stadium was exciting.,,,,#Sundarpur #Daily,1749151645
p02236,bg_0445,user_bg_0445,1790309630,Power cut announced for northern suburbs of Sundarpur tomorrow 10am-12pm.,,,,,1733492195
p01089,bg_0218,user_bg_0218,1790309635,Great community turnout for the Sundarpur cultural festival rehearsals.,,,,,1679723901
p02281,bg_0453,user_bg_0453,1790309666,Heavy traffic near Sundarpur Clock Tower due to market rush today.,,,,,1649904393
p01098,bg_0220,user_bg_0220,1790309668,Power cut announced for northern suburbs of Sundarpur tomorrow 10am-12pm.,,,,,1642518917
p03201,bg_0636,user_bg_0636,1790309687,Evening cricket practice match at Sundarpur town stadium was exciting.,,,,#Sundarpur #Daily,1723573747
p02177,bg_0433,user_bg_0433,1790309701,@user_bg_0205 Agree with this point completely.,,p01020,http://sundarpurnews.example/local,,1737429505
p01983,bg_0395,user_bg_0395,1790309750,Monsoon drainage repairs starting near Sundarpur east bus terminus.,,,http://sundarpurnews.example/local,#Sundarpur #Daily,1669728617
p02796,bg_0556,user_bg_0556,1790309801,Heavy traffic near Sundarpur Clock Tower due to market rush today.,,,,,1626036450
p00526,bg_0104,user_bg_0104,1790309853,Local municipal council announced park cleanup drive this Sunday.,,,http://sundarpurnews.example/local,,1733630719
p00234,bg_0045,user_bg_0045,1790309861,Heavy traffic near Sundarpur Clock Tower due to market rush today.,,,,,1647027781
p02631,bg_0523,user_bg_0523,1790309861,Pleasant breezy weather across Sundarpur this afternoon.,,,http://sundarpurnews.example/local,,1597510176
p02878,bg_0573,user_bg_0573,1790309944,"Delicious street food near Gandhi circle, best kachori in Sundarpur!",,,,#Sundarpur #Daily,1608559980
p00759,bg_0151,user_bg_0151,1790310020,Pleasant breezy weather across Sundarpur this afternoon.,,,,#Sundarpur #Daily,1548056107
p00173,bg_0034,user_bg_0034,1790310058,Local municipal council announced park cleanup drive this Sunday.,,,,,1629543719
p03853,bg_0766,user_bg_0766,1790310073,Monsoon drainage repairs starting near Sundarpur east bus terminus.,,,,,1717962688
p00897,bg_0179,user_bg_0179,1790310075,@user_bg_0129 Agree with this point completely.,,p00648,,,1721988001
p02596,bg_0516,user_bg_0516,1790310150,"Delicious street food near Gandhi circle, best kachori in Sundarpur!",,,,,1658591932
p01870,bg_0372,user_bg_0372,1790310187,Heavy traffic near Sundarpur Clock Tower due to market rush today.,,,,,1639634961
p00570,bg_0113,user_bg_0113,1790310192,Evening cricket practice match at Sundarpur town stadium was exciting.,,,,#Sundarpur #Daily,1672697993
p02767,bg_0550,user_bg_0550,1790310303,Great community turnout for the Sundarpur cultural festival rehearsals.,,,,#Sundarpur #Daily,1723867866
p01146,bg_0229,user_bg_0229,1790310325,Sundarpur central library renovation is finally completing this month.,,,,,1547585759
p03194,bg_0635,user_bg_0635,1790310361,Sundarpur central library renovation is finally completing this month.,,,http://sundarpurnews.example/local,,1675102737
p01774,bg_0353,user_bg_0353,1790310362,Heavy traffic near Sundarpur Clock Tower due to market rush today.,,,http://sundarpurnews.example/local,,1570135348
p00031,bg_0007,user_bg_0007,1790310383,Local municipal council announced park cleanup drive this Sunday.,,,,,1748075480
p03037,bg_0605,user_bg_0605,1790310418,Heavy traffic near Sundarpur Clock Tower due to market rush today.,,,,,1678822489
p02862,bg_0570,user_bg_0570,1790310443,Sundarpur central library renovation is finally completing this month.,,,,,1732569098
p01954,bg_0389,user_bg_0389,1790310451,Pleasant breezy weather across Sundarpur this afternoon.,,,,,1628115631
p01789,bg_0356,user_bg_0356,1790310504,Great community turnout for the Sundarpur cultural festival rehearsals.,,,,,1637904858
p00123,bg_0024,user_bg_0024,1790310534,Sundarpur central library renovation is finally completing this month.,,,,,1568885961
p03567,bg_0708,user_bg_0708,1790310562,Morning tea at Station Road in Sundarpur hits different during winters.,,,,,1683369880
p03476,bg_0691,user_bg_0691,1790310688,Local municipal council announced park cleanup drive this Sunday.,,,,,1725035366
p03132,bg_0623,user_bg_0623,1790310741,Great community turnout for the Sundarpur cultural festival rehearsals.,,,,,1584350420
p00414,bg_0080,user_bg_0080,1790310778,"Delicious street food near Gandhi circle, best kachori in Sundarpur!",,,,,1758509704
p01460,bg_0290,user_bg_0290,1790310839,Heavy traffic near Sundarpur Clock Tower due to market rush today.,,,,,1603007755
p03702,bg_0735,user_bg_0735,1790310891,Local municipal council announced park cleanup drive this Sunday.,,,,,1540018522
p03420,bg_0679,user_bg_0679,1790310925,Power cut announced for northern suburbs of Sundarpur tomorrow 10am-12pm.,,,,#Sundarpur #Daily,1551575074
p00866,bg_0173,user_bg_0173,1790310935,"Delicious street food near Gandhi circle, best kachori in Sundarpur!",,,,#Sundarpur #Daily,1627918153
p03873,bg_0770,user_bg_0770,1790311006,Power cut announced for northern suburbs of Sundarpur tomorrow 10am-12pm.,,,,,1727557240
p03778,bg_0751,user_bg_0751,1790311079,Sundarpur central library renovation is finally completing this month.,,,,,1668267538
p00704,bg_0140,user_bg_0140,1790311122,Great community turnout for the Sundarpur cultural festival rehearsals.,,,,,1586429089
p03720,bg_0739,user_bg_0739,1790311127,Pleasant breezy weather across Sundarpur this afternoon.,p00621,,http://sundarpurnews.example/local,,1602274287
p02050,bg_0409,user_bg_0409,1790311152,Heavy traffic near Sundarpur Clock Tower due to market rush today.,,,,#Sundarpur #Daily,1739409329
p01853,bg_0369,user_bg_0369,1790311188,Great community turnout for the Sundarpur cultural festival rehearsals.,p00629,,,,1599141563
p01454,bg_0289,user_bg_0289,1790311231,Power cut announced for northern suburbs of Sundarpur tomorrow 10am-12pm.,,,,#Sundarpur #Daily,1674054392
p02992,bg_0596,user_bg_0596,1790311263,Local municipal council announced park cleanup drive this Sunday.,,,,,1611660621
p02600,bg_0517,user_bg_0517,1790311293,@user_bg_0241 Agree with this point completely.,,p01205,,,1550974411
p03478,bg_0691,user_bg_0691,1790311394,Heavy traffic near Sundarpur Clock Tower due to market rush today.,,,,,1725035366
p00896,bg_0179,user_bg_0179,1790311398,Morning tea at Station Road in Sundarpur hits different during winters.,,,,#Sundarpur #Daily,1721988001
p03277,bg_0651,user_bg_0651,1790311426,Local municipal council announced park cleanup drive this Sunday.,,,,,1547701971
p01126,bg_0225,user_bg_0225,1790311459,Pleasant breezy weather across Sundarpur this afternoon.,,,,,1748855918
p02079,bg_0414,user_bg_0414,1790311472,Evening cricket practice match at Sundarpur town stadium was exciting.,,,,,1589317733
p01610,bg_0319,user_bg_0319,1790311499,Pleasant breezy weather across Sundarpur this afternoon.,,,,,1749024603
p00867,bg_0173,user_bg_0173,1790311532,Great community turnout for the Sundarpur cultural festival rehearsals.,,,,,1627918153
p00576,bg_0114,user_bg_0114,1790311585,Sundarpur central library renovation is finally completing this month.,,,,,1614600157
p00473,bg_0094,user_bg_0094,1790311598,Power cut announced for northern suburbs of Sundarpur tomorrow 10am-12pm.,,,,#Sundarpur #Daily,1687537657
p01291,bg_0258,user_bg_0258,1790311670,Heavy traffic near Sundarpur Clock Tower due to market rush today.,,,,,1728660396
p03794,bg_0754,user_bg_0754,1790311728,Pleasant breezy weather across Sundarpur this afternoon.,,,,,1606303828
p00416,bg_0081,user_bg_0081,1790311809,Power cut announced for northern suburbs of Sundarpur tomorrow 10am-12pm.,,,,,1644015242
p00306,bg_0059,user_bg_0059,1790311888,Evening cricket practice match at Sundarpur town stadium was exciting.,,,,,1742029571
p01793,bg_0357,user_bg_0357,1790311949,Great community turnout for the Sundarpur cultural festival rehearsals.,,,,,1610060251
p01859,bg_0370,user_bg_0370,1790311960,Morning tea at Station Road in Sundarpur hits different during winters.,,,,,1594259491
p02647,bg_0526,user_bg_0526,1790312014,Morning tea at Station Road in Sundarpur hits different during winters.,,,,,1676059441
p00737,bg_0146,user_bg_0146,1790312027,Great community turnout for the Sundarpur cultural festival rehearsals.,,,,,1551997693
p02517,bg_0500,user_bg_0500,1790312035,Pleasant breezy weather across Sundarpur this afternoon.,,,,#Sundarpur #Daily,1563220676
p00012,bg_0002,user_bg_0002,1790312114,Great community turnout for the Sundarpur cultural festival rehearsals.,,,,,1661349698
p02925,bg_0582,user_bg_0582,1790312156,@user_bg_0501 Agree with this point completely.,,p02522,,#Sundarpur #Daily,1755826977
p00475,bg_0094,user_bg_0094,1790312272,Local municipal council announced park cleanup drive this Sunday.,,,,,1687537657
p00485,bg_0097,user_bg_0097,1790312365,Great community turnout for the Sundarpur cultural festival rehearsals.,,,,,1575581577
p00839,bg_0167,user_bg_0167,1790312471,Evening cricket practice match at Sundarpur town stadium was exciting.,,,,#Sundarpur #Daily,1538876192
p02328,bg_0463,user_bg_0463,1790312493,@user_bg_0359 Agree with this point completely.,,p01805,,,1670047390
p03475,bg_0690,user_bg_0690,1790312499,Evening cricket practice match at Sundarpur town stadium was exciting.,,,,#Sundarpur #Daily,1617567324
p01217,bg_0243,user_bg_0243,1790312557,Monsoon drainage repairs starting near Sundarpur east bus terminus.,,,http://sundarpurnews.example/local,,1614185953
p01419,bg_0282,user_bg_0282,1790312579,Heavy traffic near Sundarpur Clock Tower due to market rush today.,,,,,1580071133
p03965,bg_0788,user_bg_0788,1790312611,Great community turnout for the Sundarpur cultural festival rehearsals.,,,,,1583877611
p02910,bg_0579,user_bg_0579,1790312729,Pleasant breezy weather across Sundarpur this afternoon.,,,,,1555257180
p02540,bg_0505,user_bg_0505,1790312782,Sundarpur central library renovation is finally completing this month.,,,,#Sundarpur #Daily,1655422698
p00856,bg_0170,user_bg_0170,1790312793,Power cut announced for northern suburbs of Sundarpur tomorrow 10am-12pm.,,,,,1579617960
p01466,bg_0291,user_bg_0291,1790312794,Monsoon drainage repairs starting near Sundarpur east bus terminus.,,,,,1657546735
